edad,ingreso_anual,saldo_cuenta,meses_empleado,ratio_deuda,historial_pagos,productos_banco,tiene_tarjeta,default
23,44605.53,-5000.0,225.0,0.3198,1,6,0,0
62,14618.66,2186.24,243.0,0.1035,0,1,1,0
55,40754.57,-297.82,32.0,0.157,2,7,1,0
43,21574.79,10085.22,144.0,0.3772,1,6,1,1
42,38064.91,3483.69,67.0,0.0622,0,2,1,0
66,8000.0,-3387.75,293.0,0.4628,0,1,1,0
22,16799.92,10773.06,339.0,0.1046,2,3,1,0
57,81598.16,8830.33,3.0,0.5167,0,1,1,1
29,65759.94,-5000.0,3.0,0.3671,2,6,0,1
23,77975.98,5018.13,391.0,0.2764,2,5,0,0
48,79693.03,-2720.61,160.0,0.3613,2,7,1,0
73,61824.69,-2931.5,405.0,0.2221,2,3,0,0
59,,17956.12,315.0,0.2725,2,2,1,0
61,19068.73,3994.17,376.0,0.1261,2,6,0,0
58,73668.62,1259.69,184.0,0.0885,0,1,0,0
62,46614.2,3679.61,145.0,0.1555,0,5,1,0
47,107350.57,9993.92,346.0,0.3002,2,7,1,0
25,35872.55,-2612.84,303.0,0.6217,2,1,1,0
65,94322.4,-1246.8,273.0,0.1594,2,6,1,0
43,41080.21,8253.37,175.0,0.5028,2,4,0,1
46,78401.21,-5000.0,294.0,0.3115,2,2,1,0
39,,10926.17,186.0,0.2797,2,6,0,0
28,19426.25,-5000.0,427.0,0.1485,1,2,1,0
70,32875.05,1033.87,340.0,0.2672,1,5,0,0
62,19175.52,-5000.0,190.0,0.2123,0,5,1,0
54,14251.39,-5000.0,,0.2423,2,5,1,0
40,61676.67,13381.33,34.0,0.2322,1,3,1,1
64,40084.29,11355.66,398.0,0.2993,2,7,1,0
49,46309.16,12210.58,199.0,0.166,1,5,1,1
43,58905.98,-5000.0,110.0,0.1926,2,5,1,0
43,8000.0,-5000.0,398.0,0.3497,2,2,0,0
30,77169.15,5718.98,315.0,0.3418,2,2,0,0
23,36272.65,8722.54,35.0,0.5237,2,2,1,1
49,58310.03,-3396.11,128.0,0.0432,2,1,1,0
68,60517.82,-1631.37,216.0,0.3717,1,1,1,0
21,79269.91,-5000.0,301.0,0.3152,0,4,0,0
66,42378.57,16265.96,387.0,0.3376,1,3,1,0
65,8000.0,-799.65,176.0,0.046,1,4,1,0
33,46428.19,3250.34,388.0,0.5598,2,1,1,0
54,50017.67,3669.16,379.0,0.2507,2,1,1,0
27,19143.48,11844.96,181.0,0.3029,0,7,1,0
61,48687.27,-4619.73,449.0,0.0868,2,5,0,0
57,35974.54,12346.09,453.0,0.168,2,7,1,0
38,11431.15,-5000.0,139.0,0.1605,0,3,1,0
21,61787.12,12325.76,267.0,0.4333,2,3,0,0
73,30906.87,-5000.0,417.0,0.4864,2,4,1,0
43,34840.52,2163.55,258.0,0.1997,1,3,0,0
68,33435.53,16003.5,355.0,0.2196,1,1,1,0
56,75886.96,8578.05,383.0,0.2514,1,5,1,0
62,43977.1,6369.94,271.0,0.2506,2,1,0,0
61,46977.5,-5000.0,172.0,0.1443,2,1,1,0
29,33984.1,-2878.41,251.0,0.0974,1,4,0,0
38,56571.67,13755.17,399.0,0.4706,1,3,1,0
44,78732.95,6778.72,153.0,0.1842,2,2,1,0
46,61196.52,10121.99,405.0,0.4377,0,6,1,0
20,62171.67,3590.35,97.0,0.108,2,7,0,0
49,60155.76,746.15,221.0,0.1757,1,4,1,0
26,10493.93,9133.29,40.0,0.3246,2,3,0,0
60,23097.03,5074.82,,0.2427,2,2,0,0
56,39875.32,1640.32,341.0,0.186,2,6,1,0
70,26853.4,-5000.0,56.0,0.4818,0,2,0,0
60,18386.57,10631.27,106.0,0.1089,1,5,0,0
38,8000.0,6520.21,253.0,0.2442,2,3,1,0
73,11336.77,-1850.1,237.0,0.3138,2,1,1,1
41,38586.86,12434.02,54.0,0.3389,1,5,1,0
36,43264.34,4950.5,427.0,0.4356,1,4,0,0
69,25173.66,5107.19,221.0,0.2006,1,3,1,0
39,46973.13,10071.16,322.0,0.2446,2,5,1,0
22,34154.16,8349.65,361.0,0.2284,1,4,1,0
44,72264.34,5349.4,81.0,0.4498,2,6,1,0
63,40959.36,1491.32,160.0,0.1576,1,1,1,0
28,62408.27,18869.31,352.0,0.4303,0,4,1,0
44,50080.34,-2870.41,,0.1179,0,3,0,0
25,9948.22,8967.77,103.0,0.1113,2,3,1,0
57,42733.55,2329.13,153.0,0.1495,2,2,1,0
45,14109.4,6637.71,374.0,0.3651,2,4,1,0
36,,12867.39,165.0,0.1934,1,5,0,0
30,26371.73,507.37,37.0,0.1196,1,6,0,1
50,54549.08,7814.69,238.0,0.1702,0,3,1,1
56,11441.14,5124.46,68.0,0.1889,1,2,1,1
71,45367.55,-2130.41,285.0,0.3129,0,5,0,0
42,59310.39,13064.79,448.0,0.2854,2,3,1,0
27,67689.89,,48.0,0.4053,0,3,1,1
65,25895.81,-476.4,134.0,0.3851,2,4,1,0
53,45443.77,11828.75,271.0,0.188,2,5,1,0
57,49603.67,-3651.36,72.0,0.0206,2,4,1,0
23,83678.16,2768.53,256.0,0.2165,2,1,1,0
35,8000.0,-433.79,103.0,0.3481,2,7,0,0
61,22222.44,9010.5,305.0,0.2359,2,5,1,0
65,115111.56,-837.47,173.0,0.1522,0,7,0,0
42,38172.57,9067.86,444.0,0.2719,0,7,0,0
63,8000.0,7755.68,402.0,0.3912,2,3,1,0
65,30436.25,-1.99,476.0,0.4014,1,3,1,0
40,8000.0,17637.74,73.0,0.4042,2,6,0,0
69,51023.02,-2961.88,455.0,0.2712,0,7,1,0
34,65244.62,-5000.0,7.0,0.1879,2,1,1,0
31,22208.44,9848.79,105.0,0.3768,2,4,1,0
56,33231.9,-5000.0,415.0,0.2858,2,4,0,0
54,68091.35,14934.53,413.0,0.4923,2,2,0,0
25,8000.0,,143.0,0.4771,1,2,1,0
65,11960.72,-5000.0,404.0,0.2304,2,3,0,0
29,39297.12,-4587.72,36.0,0.3852,2,1,1,0
63,26191.63,-5000.0,161.0,0.0792,1,3,1,0
18,37653.33,6063.06,13.0,0.1228,2,7,1,1
63,13406.24,-5000.0,248.0,0.393,2,7,1,0
62,50357.84,7016.71,431.0,0.4471,2,7,1,0
62,41269.17,561.41,294.0,0.1235,1,2,1,0
55,58729.76,-802.91,251.0,0.1254,2,7,1,0
44,50009.99,7074.77,95.0,0.0561,2,6,1,0
58,50167.25,7988.09,293.0,0.6099,2,7,0,0
33,8842.32,12166.42,155.0,0.347,1,7,0,0
62,57314.79,-2070.23,295.0,0.1246,2,2,1,0
49,36728.34,2761.52,62.0,0.3354,2,5,1,0
44,40835.04,-2082.62,250.0,0.1614,1,1,1,0
46,71206.61,4303.9,238.0,0.0686,0,3,1,1
50,27014.11,-3226.32,369.0,0.2194,2,1,1,0
20,78779.61,-392.77,436.0,0.7874,2,7,1,0
25,81111.88,-352.0,434.0,0.3833,1,4,0,0
31,63819.61,5346.89,163.0,0.3608,2,7,1,0
24,20484.48,3023.64,307.0,0.1166,0,7,0,0
43,8000.0,7050.41,313.0,0.2001,2,6,0,0
56,71970.87,2144.03,405.0,0.5417,2,7,1,0
55,47784.63,-1638.02,387.0,0.3152,1,3,1,0
44,26370.06,4530.26,4.0,0.131,2,5,1,0
66,74339.06,-4337.47,384.0,0.514,1,1,0,0
50,23461.03,7553.26,230.0,0.3857,2,7,1,0
22,34396.12,716.28,456.0,0.0919,2,3,1,0
61,58122.26,4636.16,289.0,0.1497,2,7,1,0
50,17159.93,4760.19,185.0,0.4936,1,7,1,0
54,42262.98,15812.36,96.0,0.2295,2,6,0,0
50,72228.43,6052.67,455.0,0.5017,1,7,1,0
49,50277.77,3585.75,76.0,0.5576,0,7,0,1
23,76185.66,-2538.97,43.0,0.2763,1,1,1,0
49,73340.06,9419.08,65.0,0.2464,1,7,1,0
63,45193.46,838.36,264.0,0.0444,2,1,1,0
35,8000.0,-5000.0,136.0,0.1944,1,3,0,0
52,17355.69,1439.29,278.0,0.121,1,6,0,0
19,64083.35,4531.92,395.0,0.2223,1,1,0,0
37,8000.0,-3548.05,139.0,0.368,1,7,1,0
42,36832.69,2054.56,13.0,0.1722,2,2,1,0
74,53462.02,2428.14,172.0,0.1001,1,5,1,0
30,81739.27,2552.74,289.0,0.2889,0,7,1,0
33,30624.51,12877.13,349.0,0.2532,2,3,1,0
41,28912.81,-5000.0,32.0,0.2172,2,2,0,0
74,43688.86,19270.42,421.0,0.4929,0,6,1,1
66,53772.82,2737.32,284.0,0.1652,0,2,1,0
19,41143.83,7641.69,231.0,0.3423,1,4,0,0
31,71231.71,4022.69,121.0,0.2873,2,5,0,0
64,25021.4,-5000.0,460.0,0.3271,1,3,1,0
21,48004.02,-5000.0,,0.5868,2,1,1,0
66,56130.32,-1194.21,215.0,0.3602,2,4,1,0
34,34994.18,10949.76,223.0,0.2114,2,7,1,0
70,65992.75,-5000.0,262.0,0.2397,2,6,1,0
34,,-3845.9,110.0,0.2599,2,3,0,0
42,64721.14,4318.81,452.0,0.1333,1,7,1,0
55,49852.6,6782.85,181.0,0.3986,1,7,1,0
25,54410.11,6541.77,341.0,0.3584,2,2,0,0
49,29190.21,-4872.04,303.0,0.2125,1,4,1,0
46,29230.71,-5000.0,97.0,0.1678,2,2,1,0
62,,7312.48,449.0,0.2851,0,4,0,0
74,60887.76,14464.99,220.0,0.1767,1,1,0,0
55,19425.87,237.59,296.0,0.3488,2,4,1,0
41,49521.59,-5000.0,,0.1212,2,7,0,0
41,8000.0,-439.04,243.0,0.3977,1,4,1,0
41,30651.5,6152.5,306.0,0.1804,2,3,1,0
64,69025.69,1134.85,267.0,0.5128,2,1,1,0
36,41871.36,14257.55,355.0,0.1985,1,1,1,0
27,47947.82,10399.77,226.0,0.2829,0,6,1,0
37,8000.0,4474.7,389.0,0.1016,0,6,1,0
19,35193.66,-5000.0,270.0,0.2164,1,5,1,0
24,53456.81,-2538.11,479.0,0.2788,2,6,1,0
23,56632.25,-1384.18,273.0,0.3286,0,2,1,0
61,69058.89,-2972.93,283.0,0.511,1,4,1,0
59,39743.56,4526.57,236.0,0.0758,0,4,0,0
57,40858.6,4691.54,190.0,0.4793,2,4,0,0
44,11697.06,-5000.0,378.0,0.3189,0,6,1,0
58,39886.96,9436.78,304.0,0.0798,2,4,1,0
27,13460.62,3128.99,187.0,0.544,2,7,0,0
69,8000.0,5861.13,387.0,0.306,1,7,0,0
46,17870.52,8958.61,52.0,0.2314,1,3,1,0
71,,-3135.76,29.0,0.5113,2,6,1,0
26,38235.97,13071.25,308.0,0.0451,0,5,1,0
46,50496.93,1865.65,219.0,0.4231,2,6,0,0
57,32162.59,15100.38,382.0,0.0805,2,5,0,0
46,8000.0,,318.0,0.2763,1,7,0,0
43,68402.83,14505.97,374.0,0.3059,2,1,1,0
27,8000.0,-4231.87,127.0,0.1919,0,3,1,1
39,31130.18,23390.25,121.0,0.1054,2,2,1,0
31,43634.63,-4614.67,120.0,0.1775,1,4,1,0
35,50762.24,11452.69,,0.3352,2,7,1,0
56,26838.26,100.85,,0.4345,2,2,1,0
53,8000.0,8720.18,479.0,0.1145,0,4,1,0
52,24972.67,2675.8,104.0,0.1159,2,7,1,0
38,26281.05,-5000.0,50.0,0.2611,1,2,0,0
72,25672.66,-5000.0,459.0,0.1306,0,7,1,0
22,69251.46,23060.67,250.0,0.1194,2,5,1,0
37,14659.93,3584.19,176.0,0.0685,1,6,1,0
24,52524.48,-5000.0,146.0,0.3928,2,2,1,0
37,48957.43,5420.87,424.0,0.505,2,4,1,0
72,69011.38,8516.69,379.0,0.2075,0,6,0,0
38,41671.7,-2720.65,83.0,0.468,2,1,1,0
69,64778.27,-2666.84,155.0,0.1726,2,7,1,0
46,40694.5,2841.27,417.0,0.3853,0,2,1,0
57,55859.81,12620.75,352.0,0.2884,2,5,1,0
44,8000.0,3799.68,391.0,0.2097,1,7,1,0
33,8000.0,14705.8,77.0,0.1329,0,5,1,0
61,54438.67,12049.75,278.0,0.2243,2,6,1,0
73,55779.58,1169.72,32.0,0.0973,1,3,1,0
33,56887.56,-5000.0,216.0,0.0737,1,1,1,0
62,31876.69,1186.63,49.0,0.2187,2,4,1,0
32,82243.06,7211.86,128.0,0.3545,1,6,1,0
58,33503.05,3479.15,124.0,0.2954,2,6,0,0
62,55521.98,8075.4,90.0,0.2051,2,1,1,0
43,59865.91,9907.36,407.0,0.3571,2,4,0,0
60,87968.5,7246.87,178.0,0.5011,2,4,0,0
33,37074.26,797.37,72.0,0.2901,2,1,1,0
22,28670.18,7159.07,474.0,0.1965,2,5,1,0
23,8000.0,20883.87,16.0,0.3449,1,4,0,0
43,83809.18,-5000.0,71.0,0.1296,2,1,1,0
69,55535.27,6898.3,409.0,0.5222,2,1,1,0
25,56326.53,17656.03,216.0,0.1181,2,6,0,0
43,122917.61,-5000.0,179.0,0.1009,2,3,0,0
58,53126.12,11008.8,146.0,0.2561,2,2,0,0
29,12441.96,12077.74,282.0,0.2547,2,7,1,0
59,40102.41,-5000.0,172.0,0.256,2,3,1,0
35,20630.44,8698.89,40.0,0.2936,1,4,0,0
64,35103.29,829.47,462.0,0.3568,2,6,0,0
51,34935.26,2516.43,435.0,0.1751,0,7,1,0
49,30324.39,400.36,84.0,0.1945,1,1,1,0
28,10167.94,13501.51,242.0,0.1378,2,4,1,0
44,84812.54,2103.03,217.0,0.1323,2,5,1,0
66,52471.2,-706.51,42.0,0.3076,2,3,0,0
19,39363.2,-571.0,191.0,0.4754,0,6,1,1
61,63940.95,272.08,304.0,0.5279,2,4,1,0
46,56776.68,-5000.0,49.0,0.4962,2,4,0,1
59,,-777.07,175.0,0.0898,0,5,0,0
55,62124.95,3941.36,120.0,0.2259,1,5,0,0
42,48348.37,6235.05,169.0,0.1325,0,5,0,0
35,61755.54,12632.31,302.0,0.1232,2,2,1,0
53,63827.81,4927.83,195.0,0.2051,2,2,1,0
25,49067.97,-795.76,368.0,0.1483,2,3,1,0
51,39490.14,-5000.0,243.0,0.3856,0,1,1,0
23,83259.95,5355.9,332.0,0.2421,2,1,1,0
55,33052.46,2061.03,297.0,0.2354,1,4,1,0
53,54782.84,2325.46,392.0,0.7376,2,1,1,0
22,55347.71,5100.24,70.0,0.3004,2,5,1,1
61,29761.05,7155.11,475.0,0.4365,2,3,0,0
41,24804.44,5157.88,362.0,0.3067,0,2,0,0
62,,1635.86,95.0,0.2736,1,5,0,1
20,32694.58,,13.0,0.3298,2,1,1,0
28,8546.74,-1902.28,12.0,0.1183,2,5,1,0
46,28712.62,9786.08,335.0,0.1893,2,6,1,0
28,51655.57,-388.69,,0.4476,1,4,1,0
36,76648.59,-5000.0,87.0,0.6326,0,3,0,1
55,58859.78,12276.6,152.0,0.0495,1,2,1,0
26,8000.0,-4539.03,214.0,0.257,0,5,1,0
56,61032.59,3281.98,19.0,0.1879,0,4,1,1
23,31046.21,6929.3,269.0,0.0599,2,1,1,0
27,56327.0,3025.75,17.0,0.1746,1,5,1,0
51,44646.62,-5000.0,310.0,0.0302,1,6,1,0
63,40182.81,6123.9,29.0,0.4798,2,6,0,1
27,42444.11,13611.71,379.0,0.1289,2,7,1,0
35,44439.39,9292.26,121.0,0.1219,2,6,1,0
70,78610.12,-5000.0,247.0,0.2557,1,1,0,0
74,44508.5,20017.95,185.0,0.129,2,3,0,0
51,72138.4,-5000.0,422.0,0.2039,2,2,1,0
43,68497.65,-5000.0,381.0,0.2384,2,3,1,0
37,61676.14,9255.02,458.0,0.0735,0,4,0,0
52,8000.0,6622.73,343.0,0.3321,2,6,0,0
51,72915.82,3642.68,468.0,0.1446,0,2,1,0
34,33552.47,-1555.25,108.0,0.3348,1,3,0,0
19,62893.18,13646.85,153.0,0.1831,1,2,0,0
26,20686.68,2685.39,388.0,0.0708,0,7,1,0
72,15373.15,-5000.0,15.0,0.0454,1,6,1,1
41,94409.72,12858.4,85.0,0.2702,1,5,1,0
45,21075.42,4754.28,343.0,0.5415,1,6,0,0
44,73652.67,11920.05,191.0,0.1296,2,3,0,0
62,47960.51,7580.39,120.0,0.0927,2,7,0,0
21,34497.0,22132.98,145.0,0.3909,2,3,0,0
22,43879.28,520.24,368.0,0.5079,2,7,0,0
33,12472.64,3128.75,230.0,0.302,2,3,0,0
45,44656.14,8758.65,2.0,0.1039,2,3,0,0
56,17931.49,569.66,247.0,0.0956,0,1,0,0
45,35113.91,9421.1,373.0,0.5656,1,7,0,0
43,,-5000.0,79.0,0.5493,2,2,1,0
71,51354.77,2417.73,33.0,0.3769,1,4,0,0
27,8000.0,2176.06,301.0,0.0226,2,6,0,0
50,66287.2,1886.28,422.0,0.4361,2,4,0,0
48,44822.51,-4015.42,,0.3871,0,6,0,0
44,31445.37,10248.98,312.0,0.1076,1,3,1,0
64,63666.91,-1035.56,373.0,0.2239,2,6,1,0
33,40819.83,4602.2,77.0,0.3549,2,5,1,1
72,15858.47,2702.69,124.0,0.3467,2,3,0,0
36,91195.24,7002.91,243.0,0.2756,2,4,1,0
49,44567.81,14447.69,293.0,0.4159,2,7,0,0
47,42965.37,4560.83,242.0,0.035,1,3,1,0
66,34872.37,9731.18,88.0,0.6268,2,5,1,0
43,74499.14,,421.0,0.3033,1,4,0,0
34,31878.04,-1048.07,202.0,0.1616,2,6,1,0
19,8000.0,1867.54,255.0,0.3192,0,5,0,0
38,28033.06,731.66,257.0,0.4788,2,5,1,0
65,78169.37,7545.3,264.0,0.2309,1,4,0,0
18,65803.3,3853.22,139.0,0.3005,2,4,1,0
69,38624.61,-3354.12,153.0,0.0976,2,6,0,0
48,79331.38,1224.3,66.0,0.4713,2,3,0,0
25,63698.56,-5000.0,349.0,0.426,2,7,0,0
35,38335.27,1523.17,150.0,0.5155,1,2,1,1
49,40852.25,3010.45,24.0,0.4708,2,3,0,1
35,53232.94,17467.59,22.0,0.2116,0,1,1,1
24,24202.83,13787.62,464.0,0.5243,1,6,1,0
55,45112.63,-5000.0,205.0,0.3698,2,5,0,0
56,52712.83,4614.16,291.0,0.6328,2,7,1,0
24,8000.0,4754.48,256.0,0.2948,0,2,1,0
34,40266.99,1156.5,405.0,0.2221,1,6,1,0
31,37423.6,1666.49,426.0,0.5045,2,3,0,0
55,70701.7,168.4,374.0,0.4283,2,4,0,0
59,8000.0,17981.67,471.0,0.0677,2,3,1,0
59,35462.35,-329.47,104.0,0.3808,1,5,0,0
71,32956.13,5727.5,215.0,0.2407,2,5,1,0
61,69001.77,-5000.0,138.0,0.3712,2,3,1,0
36,43911.34,9588.55,399.0,0.4019,1,4,1,0
24,89902.37,12474.04,133.0,0.1081,2,3,1,0
53,61555.33,-5000.0,381.0,0.5696,1,6,0,0
70,34744.43,-1095.09,108.0,0.305,1,5,0,0
73,50991.47,6612.03,332.0,0.3022,2,7,0,0
31,36148.28,3155.69,7.0,0.1344,2,1,1,0
31,66484.9,6730.96,378.0,0.2543,2,5,0,0
20,11695.06,702.07,396.0,0.5412,1,2,1,0
26,24407.6,17906.12,270.0,0.2679,2,1,1,0
49,56392.25,-2357.92,258.0,0.6307,2,4,1,0
49,75643.91,24532.6,220.0,0.2429,2,5,0,0
39,8000.0,12935.39,283.0,0.0885,2,3,1,0
35,79361.78,9656.92,271.0,0.343,2,3,1,0
65,41496.62,-5000.0,236.0,0.3045,2,2,1,0
44,8000.0,10277.46,249.0,0.1075,2,3,0,0
64,8000.0,7831.51,59.0,0.0592,2,7,0,0
72,8000.0,-5000.0,223.0,0.0901,1,3,0,0
36,44507.38,-5000.0,209.0,0.2811,2,7,0,0
29,43352.55,5861.02,429.0,0.2388,2,7,1,0
72,60830.01,1933.6,140.0,0.3049,1,3,1,0
54,31262.82,-1131.83,464.0,0.1005,2,3,1,0
34,17298.99,11631.59,428.0,0.3478,2,5,0,0
53,34672.84,-4070.23,375.0,0.0564,2,2,0,0
47,45840.26,-641.93,336.0,0.1752,2,6,1,0
69,50769.32,-2176.24,152.0,0.3312,2,3,1,0
32,25270.88,7081.35,78.0,0.4079,1,2,1,0
74,67536.17,-5000.0,379.0,0.064,2,3,1,0
71,29465.08,-981.37,336.0,0.2415,1,2,1,0
28,23257.07,-5000.0,399.0,0.1679,2,4,1,0
27,,497.0,263.0,0.1501,2,5,0,0
48,71871.0,8784.39,431.0,0.1322,2,6,0,0
20,41680.09,8927.17,39.0,0.3457,1,3,0,0
35,27637.16,-2820.79,52.0,0.2272,2,7,1,0
42,,7266.58,33.0,0.2716,2,3,1,1
73,98568.71,1518.69,154.0,0.3327,1,7,0,0
74,50242.07,13888.68,70.0,0.395,0,6,1,1
26,75846.06,1960.3,19.0,0.2301,1,7,0,0
68,70901.95,-5000.0,389.0,0.295,1,7,1,0
23,29859.01,10157.45,74.0,0.332,1,6,1,0
60,45665.85,-672.79,398.0,0.3303,0,1,1,0
66,12936.38,806.4,308.0,0.356,1,4,1,0
68,39876.44,5687.39,291.0,0.2231,2,3,0,0
30,29345.24,-5000.0,56.0,0.2703,2,3,0,0
68,34927.85,3597.23,7.0,0.0188,1,6,0,1
24,26252.62,7275.98,67.0,0.1324,2,6,1,0
47,37822.58,5912.51,152.0,0.1209,0,6,1,1
44,58305.82,-1791.45,459.0,0.3411,2,5,0,0
36,42012.7,10935.46,192.0,0.2941,2,7,0,0
19,8000.0,-4979.97,111.0,0.497,0,7,0,1
62,26346.99,-2004.17,136.0,0.3281,0,4,1,0
37,8000.0,1911.99,160.0,0.2978,0,3,1,0
55,51101.51,5363.75,278.0,0.246,1,6,1,0
41,57582.93,403.65,386.0,0.2294,2,3,0,0
39,51413.71,,29.0,0.1273,2,2,1,0
68,25314.89,5362.29,371.0,0.0791,2,7,0,0
23,51171.35,3605.26,9.0,0.2659,1,2,1,0
59,33247.14,5081.09,154.0,0.4929,1,3,0,0
60,16544.36,8863.25,282.0,0.3649,2,1,1,0
39,63548.25,4926.2,50.0,0.3345,2,7,0,0
32,65450.69,-5000.0,126.0,0.572,2,7,0,0
18,68722.39,11716.07,306.0,0.2941,1,4,1,0
71,29791.28,3957.4,329.0,0.2068,1,5,0,0
72,,8478.82,39.0,0.4272,1,4,1,1
31,32660.44,-247.55,373.0,0.1948,2,3,0,0
19,61337.53,-5000.0,195.0,0.1246,1,7,0,0
24,32227.18,-5000.0,293.0,0.2468,1,6,0,0
21,39400.45,-4554.94,102.0,0.1409,1,2,1,0
65,8000.0,7138.35,475.0,0.3924,2,7,1,0
68,37452.17,13383.13,365.0,0.0719,2,1,0,0
26,,5415.77,308.0,0.385,0,5,0,0
60,34748.76,-5000.0,89.0,0.3947,2,1,1,0
28,88904.7,-3272.99,370.0,0.3334,2,1,0,0
38,15938.35,13886.26,181.0,0.4529,1,7,0,0
52,30910.47,-5000.0,307.0,0.3374,2,2,0,0
59,22378.18,19814.18,312.0,0.0984,1,1,1,0
67,30905.58,18008.3,386.0,0.4971,2,1,1,0
20,70785.33,20077.78,401.0,0.2233,0,2,0,0
29,81950.79,6045.61,187.0,0.5233,2,6,0,0
33,27480.18,267.8,38.0,0.3144,0,3,0,0
35,26924.81,,208.0,0.5829,2,7,1,0
74,16071.78,10268.68,192.0,0.3286,1,1,0,0
62,77657.13,-2206.21,160.0,0.215,2,4,1,0
36,73025.11,-5000.0,234.0,0.1164,2,2,1,0
73,42350.46,728.51,276.0,0.0943,2,5,1,0
46,10097.52,-3178.46,299.0,0.5516,1,1,1,0
46,12333.44,12927.09,179.0,0.3619,2,6,0,0
42,49265.74,-1931.44,295.0,0.2056,1,5,0,0
26,58733.45,3765.13,474.0,0.1667,0,1,0,0
71,8000.0,10864.32,312.0,0.6247,2,2,1,0
18,36967.25,,289.0,0.3484,1,3,1,0
27,85457.4,4668.47,137.0,0.418,2,6,1,0
31,39562.27,6074.37,161.0,0.0959,2,1,1,0
33,82240.95,-5000.0,24.0,0.1154,2,2,1,0
25,61226.15,11184.45,243.0,0.0532,1,4,0,0
19,17893.01,13108.19,35.0,0.46,0,6,0,1
56,37683.22,-5000.0,374.0,0.4744,1,1,1,0
73,41782.64,17103.57,459.0,0.3599,2,6,1,0
24,21187.21,-2605.28,386.0,0.1937,1,7,1,0
34,20753.3,7757.05,75.0,0.455,2,3,1,0
46,82669.21,3620.49,305.0,0.1275,0,4,0,0
70,20565.98,2516.99,206.0,0.2005,1,1,0,0
57,71960.9,1347.86,1.0,0.4296,1,7,1,0
61,34087.89,-4940.51,343.0,0.4419,2,1,1,0
51,44359.02,7190.62,416.0,0.1889,1,4,1,0
41,59046.11,711.64,221.0,0.0889,0,1,1,0
29,30036.03,-5000.0,436.0,0.3147,0,6,1,0
67,59197.61,-5000.0,26.0,0.2648,2,1,1,0
63,8000.0,-5000.0,418.0,0.2013,0,2,0,0
19,55992.68,-1196.72,326.0,0.1049,1,1,1,0
58,8000.0,6880.79,322.0,0.2087,2,2,0,0
22,39328.83,-2688.94,241.0,0.2232,0,6,1,0
60,66356.07,10803.53,13.0,0.2756,1,1,1,0
65,60557.38,2046.28,217.0,0.5171,2,3,0,0
25,12539.74,684.76,456.0,0.3342,2,7,0,0
42,15758.39,3134.12,221.0,0.0468,1,4,1,1
25,27783.2,14161.24,32.0,0.3707,1,1,1,0
50,49655.4,-5000.0,237.0,0.299,2,2,1,0
70,8000.0,16250.94,71.0,0.069,2,1,0,0
22,44669.41,10681.28,202.0,0.2756,1,7,1,0
40,52785.73,2826.75,301.0,0.1278,2,4,1,0
73,37924.07,12464.21,32.0,0.328,0,3,0,0
35,58133.02,420.22,221.0,0.3961,1,7,0,0
25,50593.1,5285.43,242.0,0.1115,2,1,1,0
45,31458.64,-1331.32,362.0,0.5266,2,5,1,1
46,8000.0,10731.8,32.0,0.2533,2,7,1,0
55,48335.33,-2658.04,303.0,0.2352,2,2,1,0
35,21173.12,2589.06,298.0,0.1012,1,7,1,0
72,30541.43,8433.11,2.0,0.165,1,3,0,1
47,56978.11,11385.52,57.0,0.1696,2,6,0,0
34,80433.33,-3569.24,308.0,0.0058,2,3,0,0
72,44048.5,9025.11,412.0,0.3615,1,5,1,0
70,58851.62,-4855.88,411.0,0.0742,0,7,0,0
46,8888.02,-5000.0,368.0,0.1329,2,6,1,0
19,51138.09,-2984.51,409.0,0.4836,1,3,1,0
52,43502.35,9677.28,291.0,0.4147,1,3,1,0
49,75730.69,2902.26,75.0,0.0271,0,2,1,0
26,31488.54,-1279.98,255.0,0.3986,2,2,0,0
54,38959.06,3443.83,166.0,0.0967,2,2,0,0
65,71470.36,3179.2,122.0,0.3538,2,6,1,0
24,42699.16,7975.19,57.0,0.1458,1,6,1,0
59,17278.97,-5000.0,9.0,0.1727,2,2,1,0
25,108790.83,2181.18,360.0,0.1894,1,4,1,0
60,18035.18,3994.22,81.0,0.2593,1,4,0,0
41,43382.5,,301.0,0.1807,2,1,1,0
18,53667.2,-5000.0,145.0,0.3672,2,3,0,0
73,51690.44,82.33,232.0,0.2262,2,6,0,0
27,40256.41,3068.19,190.0,0.4695,2,4,0,0
51,40380.99,3096.37,143.0,0.4213,2,7,0,0
28,39126.7,-1450.79,230.0,0.039,2,4,1,0
71,17101.65,-1778.68,377.0,0.4218,0,7,1,0
60,98755.48,-161.41,241.0,0.0183,0,1,1,0
63,39500.23,5388.17,379.0,0.3263,1,3,1,0
42,59923.27,12956.97,437.0,0.5538,0,2,1,0
44,36633.68,-5000.0,235.0,0.9068,1,3,1,0
54,36130.91,7984.02,385.0,0.2015,1,6,1,0
62,33613.91,2110.79,59.0,0.1813,2,4,1,0
66,8000.0,,271.0,0.5331,2,4,1,0
19,40984.47,12484.35,223.0,0.0543,0,2,1,0
55,34824.81,-3041.01,2.0,0.273,0,4,1,0
24,74288.11,10554.44,430.0,0.4128,2,5,1,0
34,15082.5,-5000.0,355.0,0.3952,1,6,1,0
65,30571.32,4020.79,280.0,0.3729,2,6,1,0
32,22538.99,1059.87,333.0,0.3038,2,7,1,0
63,81063.26,3370.24,361.0,0.2978,2,6,0,0
44,23264.79,-4912.27,373.0,0.2756,1,5,1,0
31,59057.5,6495.07,141.0,0.3402,2,5,1,0
37,69254.04,15690.3,200.0,0.36,1,3,1,0
48,41346.93,-4774.85,164.0,0.1515,2,6,1,0
61,10579.72,4517.16,437.0,0.1117,0,2,0,0
52,10896.15,9846.98,56.0,0.3992,2,6,1,1
71,66494.1,626.07,435.0,0.2902,1,2,1,0
67,13485.15,13883.14,164.0,0.3647,2,2,0,0
60,54800.67,-437.51,373.0,0.3112,2,1,0,0
52,47858.73,2069.64,,0.2449,1,6,1,0
34,54428.31,-4945.23,404.0,0.1617,2,3,1,0
41,56789.62,4012.72,258.0,0.1651,1,3,1,0
24,21658.23,3024.18,472.0,0.5695,0,4,0,0
39,20611.8,8087.21,189.0,0.4036,1,2,1,0
70,,-2089.65,477.0,0.5691,2,3,0,0
42,29266.38,-2455.96,401.0,0.1544,1,6,0,0
24,8000.0,6699.94,3.0,0.1686,2,3,0,0
55,61218.88,14177.52,183.0,0.2325,2,5,1,0
72,19093.47,8032.08,194.0,0.182,2,6,1,0
67,56678.4,17779.3,101.0,0.2535,1,6,0,1
33,79820.55,7442.46,421.0,0.5591,2,7,1,0
43,45419.06,7154.34,40.0,0.2036,1,1,1,1
48,69894.15,8434.34,124.0,0.2314,2,6,0,0
32,48844.94,14905.37,121.0,0.3655,0,7,0,1
33,84685.73,12900.56,200.0,0.344,0,1,1,0
31,18447.32,-5000.0,334.0,0.5914,2,2,1,0
74,44794.63,9404.66,3.0,0.3816,1,1,1,1
60,61829.04,5122.85,300.0,0.1721,1,1,1,0
65,40239.71,1447.72,194.0,0.2407,1,6,0,0
64,73805.47,-5000.0,297.0,0.1685,1,4,1,0
72,34199.01,-5000.0,29.0,0.2921,0,5,1,1
24,96734.28,84.26,411.0,0.2768,2,3,1,0
68,98054.94,-5000.0,277.0,0.152,1,4,1,0
21,52051.8,249.95,121.0,0.1916,1,2,1,0
45,58815.03,8714.73,378.0,0.0982,1,3,1,0
51,74791.79,-1647.65,225.0,0.279,2,7,0,0
38,15320.07,3667.7,187.0,0.5317,0,2,1,0
26,12200.0,-5000.0,80.0,0.2438,1,1,1,0
28,76410.47,5390.14,235.0,0.437,2,7,0,0
65,51849.71,7065.08,105.0,0.4882,2,6,0,0
36,39337.37,-5000.0,352.0,0.2439,0,2,1,0
35,45278.08,-3015.09,178.0,0.2816,2,1,1,0
70,8000.0,-5000.0,56.0,0.2525,1,2,1,0
26,40235.94,7073.72,339.0,0.0864,2,6,1,0
70,26173.83,,405.0,0.1794,0,5,1,0
70,67951.79,2602.31,400.0,0.3425,1,2,1,0
52,69875.77,1973.75,232.0,0.152,1,6,1,0
27,59417.01,5582.68,147.0,0.302,2,2,1,0
26,54886.47,5742.81,106.0,0.2785,2,3,1,0
34,8000.0,-964.62,190.0,0.3359,1,3,1,0
50,,-2084.77,48.0,0.4192,2,1,0,0
26,60734.95,,426.0,0.2478,1,4,1,0
43,76129.82,1482.12,119.0,0.3383,1,5,0,0
24,97955.25,19485.46,374.0,0.1202,1,2,0,0
48,8000.0,-71.16,184.0,0.1048,2,6,1,0
19,35288.08,5317.32,331.0,0.2017,2,7,1,0
58,26443.33,6727.41,437.0,0.344,2,2,0,0
21,49312.68,14204.19,195.0,0.292,0,3,1,0
29,45335.05,-3489.48,463.0,0.1842,1,1,0,0
27,39147.95,13717.18,163.0,0.3725,2,2,0,0
65,70690.11,1820.84,122.0,0.308,2,3,1,0
21,17464.64,23010.76,347.0,0.4023,0,6,0,0
42,18971.96,5900.82,67.0,0.1177,0,1,1,0
51,19394.37,-5000.0,44.0,0.1132,1,3,0,0
47,35991.81,1422.73,176.0,0.1149,2,5,1,0
56,14285.24,13690.15,260.0,0.1117,1,7,1,0
63,43785.71,3652.33,224.0,0.206,1,3,1,0
40,40862.75,2523.0,29.0,0.0978,1,6,1,0
65,25337.12,8751.98,263.0,0.4447,0,3,0,0
36,66844.16,240.02,299.0,0.2167,2,3,1,0
74,43512.49,1314.13,136.0,0.5229,1,6,0,0
46,71566.18,-4557.4,272.0,0.1576,1,6,0,0
59,40123.75,16830.57,170.0,0.5784,2,3,1,0
67,44395.13,-5000.0,28.0,0.3993,1,4,1,1
63,30930.44,4355.73,357.0,0.0969,1,1,0,0
66,44823.84,6839.08,201.0,0.3801,1,2,1,0
48,62805.78,2890.79,472.0,0.5648,1,7,0,0
20,34716.64,-5000.0,92.0,0.7255,1,2,1,1
46,57960.3,-4990.11,3.0,0.105,2,1,1,0
28,24681.33,7180.14,383.0,0.0964,2,3,1,0
68,63976.26,-3239.03,413.0,0.3052,0,2,1,1
31,30502.35,-5000.0,438.0,0.3699,0,7,1,0
30,66292.0,6095.83,474.0,0.4194,1,1,1,0
32,46524.41,,151.0,0.058,2,6,1,0
54,83023.84,8049.75,325.0,0.092,1,6,1,0
50,16148.31,1387.03,14.0,0.1174,2,5,1,0
72,8095.58,1001.5,200.0,0.0478,0,5,0,0
41,,3417.91,430.0,0.0521,1,4,1,0
34,10384.73,-5000.0,304.0,0.1831,1,1,1,0
20,10431.63,-3603.62,405.0,0.2882,2,6,1,0
18,60538.77,920.61,454.0,0.1754,1,7,1,0
39,44895.53,-5000.0,382.0,0.1708,1,3,1,0
70,33007.98,8710.54,329.0,0.0531,0,3,0,0
47,35325.94,540.97,171.0,0.4792,1,2,1,0
68,30069.06,-5000.0,255.0,0.4973,2,4,0,0
23,86259.23,-1472.23,38.0,0.1252,0,1,1,0
23,26612.36,3809.62,277.0,0.4491,2,7,1,0
65,11946.65,-568.72,467.0,0.5672,1,7,1,0
24,64901.27,6198.53,70.0,0.406,2,5,0,0
20,39606.11,7592.29,236.0,0.2426,2,1,1,0
41,95969.34,22213.6,431.0,0.6948,2,7,1,0
70,31844.86,12205.15,171.0,0.3845,1,7,1,0
57,66149.6,-5000.0,282.0,0.4805,1,6,1,0
23,72054.93,118.14,373.0,0.2623,0,7,0,0
65,31966.6,866.87,378.0,0.3662,1,7,1,0
66,26426.98,7600.57,321.0,0.2386,1,2,1,0
63,63534.16,-4468.69,30.0,0.2027,1,2,1,1
69,59372.3,-1250.02,20.0,0.0249,2,6,1,0
31,9734.75,-5000.0,362.0,0.1376,1,6,0,0
73,16789.11,-1818.13,460.0,0.1139,2,4,0,0
36,8000.0,-1519.72,128.0,0.1534,2,6,1,0
63,59884.67,495.95,266.0,0.395,0,7,0,0
51,38454.32,-5000.0,34.0,0.4106,2,6,1,0
62,40946.24,10856.21,90.0,0.15,1,3,1,0
53,8000.0,6777.71,232.0,0.496,1,7,1,0
54,17547.44,-5000.0,7.0,0.4924,1,4,1,1
53,33051.03,3207.78,282.0,0.1474,1,6,1,0
62,28191.86,-5000.0,265.0,0.3957,0,6,1,0
60,47945.9,13738.05,44.0,0.3796,1,4,0,0
25,59586.7,15912.87,285.0,0.1657,0,5,0,1
65,101740.31,2554.1,218.0,0.3345,1,5,0,0
48,44499.57,-3821.16,47.0,0.4641,2,2,0,0
36,72885.07,-2314.15,104.0,0.2062,2,2,0,1
47,24250.68,-629.94,261.0,0.4639,2,3,1,0
73,8000.0,2145.38,389.0,0.5209,1,1,1,0
66,36192.46,13963.76,207.0,0.616,0,4,1,1
65,8000.0,10644.81,303.0,0.2086,2,2,0,0
44,45366.83,10768.04,210.0,0.0732,1,6,1,0
62,25488.65,4364.63,413.0,0.128,2,3,0,0
39,8000.0,-5000.0,468.0,0.4867,1,1,1,0
57,88400.63,-3160.45,202.0,0.2911,2,2,1,0
54,31560.96,3485.77,142.0,0.5303,2,7,1,0
32,8000.0,-5000.0,276.0,0.4648,2,6,1,0
33,67454.29,5431.86,,0.6573,2,3,0,0
21,26784.64,9440.99,287.0,0.3003,2,1,0,1
25,72254.15,7362.76,165.0,0.5461,2,3,0,0
42,26665.14,7041.52,372.0,0.1155,2,7,1,0
45,31477.56,-5000.0,86.0,0.1059,1,7,1,0
27,53620.79,13666.85,130.0,0.4224,2,4,1,0
41,59830.48,-5000.0,73.0,0.5215,2,4,0,0
52,64212.09,1778.01,438.0,0.5484,1,3,0,0
31,42756.47,7948.35,451.0,0.2477,1,5,0,0
37,58215.42,5868.78,460.0,0.4679,2,7,0,0
38,63640.72,-5000.0,11.0,0.2229,0,5,1,1
46,50014.23,-5000.0,431.0,0.3505,2,6,0,0
38,41433.55,5296.57,105.0,0.2954,2,3,1,0
60,8867.63,7086.76,457.0,0.1439,2,3,1,0
36,59979.35,-5000.0,163.0,0.2075,1,7,1,0
42,46054.34,6140.74,146.0,0.1258,0,5,0,0
39,34659.6,,315.0,0.1259,2,6,1,0
28,76944.16,7995.11,379.0,0.0822,1,3,1,0
57,9304.16,-4070.73,180.0,0.3746,1,6,1,0
31,86100.91,3644.11,395.0,0.5377,2,1,0,0
34,44443.17,2300.82,9.0,0.5062,1,1,0,1
63,52937.95,12285.26,431.0,0.1094,0,5,0,0
72,35123.9,4937.04,248.0,0.4023,1,4,1,0
56,8000.0,-1792.81,257.0,0.4267,2,1,1,0
70,41509.75,5876.74,424.0,0.3306,2,4,1,0
66,53368.62,20139.31,26.0,0.3676,0,7,1,1
45,61905.64,8920.98,425.0,0.2907,1,1,1,0
61,40049.17,2526.66,97.0,0.2405,2,1,0,0
36,8000.0,-3668.9,475.0,0.3036,1,6,1,0
44,8000.0,-1931.93,345.0,0.1231,2,2,1,0
48,96300.49,8439.94,164.0,0.1211,0,3,1,0
72,17686.6,-4086.42,31.0,0.4782,2,2,0,0
66,80676.24,3021.51,58.0,0.2512,2,3,0,0
45,21647.83,14500.95,58.0,0.4423,2,5,0,0
55,40438.6,4203.14,33.0,0.161,1,5,1,0
29,60630.21,-5000.0,295.0,0.5527,2,1,1,0
63,24495.14,20422.78,416.0,0.5192,2,5,1,0
49,84805.38,17099.59,383.0,0.366,1,7,0,0
48,46893.21,7009.41,359.0,0.2364,0,6,1,0
61,56521.27,13206.04,470.0,0.5597,2,7,0,0
54,38309.82,,301.0,0.4395,1,7,1,0
22,61468.01,8795.64,45.0,0.0876,2,6,1,0
34,84469.82,-388.32,238.0,0.2271,0,4,1,0
28,41717.85,-5000.0,,0.1921,0,3,1,0
59,88242.82,23735.38,219.0,0.2019,2,6,1,0
20,29710.1,-5000.0,147.0,0.2261,1,3,0,0
29,64102.4,5380.47,237.0,0.2031,1,5,0,0
52,57227.86,5287.01,374.0,0.2537,1,6,1,0
57,18285.45,7128.04,174.0,0.1216,2,2,1,0
46,50345.24,2282.53,169.0,0.2728,1,3,1,0
67,45184.15,2366.0,227.0,0.19,2,1,1,0
70,23670.2,4107.29,201.0,0.5316,0,6,1,0
25,53950.06,6838.95,100.0,0.3706,0,1,1,1
72,48657.24,2985.47,134.0,0.3357,2,5,1,0
53,43185.33,2453.11,56.0,0.5525,2,3,0,0
54,43285.56,-5000.0,360.0,0.2198,2,7,1,0
23,42749.74,19109.46,101.0,0.4048,1,3,0,0
53,35807.51,7285.59,469.0,0.1437,2,4,1,0
59,48495.85,4671.25,466.0,0.0557,1,5,1,0
51,28902.14,-1995.74,322.0,0.1472,2,6,1,0
22,111420.24,-5000.0,475.0,0.368,0,4,0,0
47,9766.67,9879.89,414.0,0.1412,1,5,1,0
71,30381.6,1721.1,360.0,0.1321,2,7,1,0
59,32356.45,7968.52,170.0,0.5315,2,6,0,0
25,96012.34,-5000.0,401.0,0.0866,1,1,1,0
72,11996.63,15374.84,163.0,0.2207,1,1,0,0
72,55648.06,10211.02,49.0,0.3795,0,1,1,0
27,51209.85,2351.5,271.0,0.2283,1,4,0,0
63,53340.06,6741.0,59.0,0.251,2,7,1,0
41,75908.58,8928.03,44.0,0.3695,1,1,0,1
51,75395.73,-5000.0,44.0,0.0905,0,2,1,0
43,33726.08,16422.62,437.0,0.11,2,4,0,0
62,49850.44,6866.09,30.0,0.1135,1,6,1,0
74,8000.0,-2632.82,189.0,0.3622,0,1,0,1
63,47477.33,-5000.0,358.0,0.1799,2,4,1,0
71,25150.26,10896.78,384.0,0.2383,2,3,0,0
71,40340.44,4689.27,27.0,0.4794,2,2,1,0
23,8000.0,6860.81,429.0,0.5337,1,2,0,0
32,55121.81,3213.32,455.0,0.2419,2,2,1,0
59,8000.0,-5000.0,465.0,0.2708,1,2,1,0
51,48707.12,7068.94,313.0,0.2583,1,7,1,0
20,14337.36,1419.72,245.0,0.3221,2,1,1,0
23,23758.97,2826.47,82.0,0.2136,2,4,0,0
47,73868.3,22016.02,59.0,0.4066,1,6,1,1
53,59697.95,9952.55,392.0,0.1086,2,6,1,0
27,73730.08,10414.12,408.0,0.0875,1,5,1,0
27,83993.18,24764.19,395.0,0.1435,1,4,1,0
25,25679.03,6076.59,296.0,0.1699,2,3,1,0
50,82474.29,3957.66,270.0,0.3289,2,1,1,0
18,8362.36,-2433.66,92.0,0.4142,1,6,0,0
50,63652.51,-620.41,43.0,0.3422,0,3,1,1
45,32666.56,-5000.0,96.0,0.1345,2,6,1,0
44,21742.5,9323.39,192.0,0.4259,1,4,1,0
56,60361.75,-5000.0,144.0,0.2725,2,6,0,0
47,68623.79,10221.89,263.0,0.5528,1,4,1,0
59,67881.71,2655.79,375.0,0.1809,2,3,0,0
61,,4024.47,357.0,0.1487,2,6,0,0
70,48298.93,2661.06,397.0,0.3746,2,7,1,0
63,58171.66,14088.6,143.0,0.0797,2,6,0,0
47,,12675.54,449.0,0.3058,2,3,0,0
46,58533.9,2768.87,419.0,0.2294,2,5,1,0
31,50099.99,-4192.03,167.0,0.3165,2,7,1,0
52,66069.6,10391.11,120.0,0.2278,1,7,1,0
25,8000.0,-4796.6,426.0,0.1621,1,1,1,0
71,41718.16,-5000.0,479.0,0.1875,2,7,1,0
66,10403.84,6986.8,223.0,0.3658,2,4,1,0
24,51917.55,12747.92,55.0,0.1511,1,1,0,0
62,86048.25,-240.68,291.0,0.4764,2,3,0,0
24,33147.88,6236.14,399.0,0.3754,2,7,0,0
59,48181.3,-325.39,225.0,0.1813,2,7,1,0
22,63912.17,8775.95,63.0,0.1498,2,3,0,0
45,8000.0,11760.24,353.0,0.1972,2,5,0,0
55,31947.24,897.08,364.0,0.0936,2,6,1,0
59,54112.89,-5000.0,419.0,0.2171,0,1,1,0
41,8000.0,-5000.0,413.0,0.5221,2,5,1,0
70,20579.79,10405.51,229.0,0.5411,2,1,1,0
62,72521.45,-5000.0,150.0,0.0265,1,3,1,0
29,70074.92,5976.19,79.0,0.0494,1,5,0,0
56,54357.96,9219.26,48.0,0.3425,1,6,0,0
59,67054.94,-1010.42,396.0,0.4288,1,7,1,0
37,50377.61,1670.31,479.0,0.2135,2,1,1,0
60,58884.87,10992.35,308.0,0.2652,2,4,1,0
69,37108.66,-3465.55,466.0,0.0748,0,2,1,1
64,47895.32,-4277.69,147.0,0.5547,1,6,1,0
61,29190.74,1124.87,363.0,0.3678,0,6,1,0
54,76587.08,13223.3,,0.7026,0,2,1,0
33,83038.99,15885.85,185.0,0.3494,1,4,0,0
63,79497.82,2209.74,307.0,0.1511,2,5,1,0
38,34797.28,-2696.97,64.0,0.1761,1,1,0,1
48,21155.65,11512.92,197.0,0.1043,2,3,0,0
35,76924.34,-5000.0,200.0,0.4999,1,5,0,0
35,58597.68,4980.89,206.0,0.2407,1,5,1,0
26,53214.61,2648.69,345.0,0.1292,1,3,0,0
72,29159.2,13350.62,133.0,0.3444,2,6,0,0
26,55641.6,14160.15,73.0,0.1574,2,1,1,0
22,17868.05,-4540.23,293.0,0.2903,1,3,0,0
71,60851.56,,8.0,0.2261,0,1,1,0
49,79472.17,-1564.83,474.0,0.1235,1,4,1,0
42,85776.14,653.38,433.0,0.1047,0,1,1,0
60,62713.1,7939.1,183.0,0.1033,2,2,1,0
39,10449.46,320.85,335.0,0.0898,2,3,0,0
25,49933.25,4551.4,249.0,0.1191,0,3,1,0
59,98492.04,10658.18,333.0,0.5768,2,5,0,0
28,23284.71,15121.29,105.0,0.3957,2,1,1,0
49,43520.46,5309.44,454.0,0.305,2,5,0,0
72,80338.11,,423.0,0.4551,0,7,0,0
71,60428.35,-5000.0,249.0,0.1416,1,5,1,0
38,107003.91,15686.39,421.0,0.1609,2,1,1,0
62,26678.27,6965.61,152.0,0.1159,1,1,0,0
52,20256.11,4089.8,377.0,0.5084,2,2,1,0
45,75603.14,3680.39,436.0,0.2523,0,6,1,0
25,15103.03,5885.23,334.0,0.3788,2,3,0,0
39,40080.8,9174.32,473.0,0.1335,2,6,1,0
55,43358.84,10164.4,102.0,0.1589,2,6,1,0
74,70899.74,15886.42,9.0,0.2867,2,3,1,0
18,60356.7,4941.51,252.0,0.4932,1,6,0,0
58,56426.62,17033.61,158.0,0.1783,1,6,1,0
66,34939.23,11461.79,306.0,0.6295,1,5,1,1
72,75375.1,2518.95,173.0,0.3495,1,2,1,0
42,145645.6,-5000.0,416.0,0.2359,1,5,1,0
24,,3684.5,53.0,0.2548,1,2,0,0
33,47491.81,15467.82,462.0,0.1298,2,2,0,0
66,12553.43,-3202.11,106.0,0.2577,0,4,1,1
68,29062.96,3659.7,156.0,0.1306,2,6,1,0
54,39657.24,4321.75,11.0,0.5197,1,1,0,0
24,31634.99,10537.01,325.0,0.0598,2,6,0,0
24,44598.05,-102.49,334.0,0.5442,2,4,1,0
45,89450.4,,446.0,0.4945,1,3,1,0
51,76179.17,7560.02,51.0,0.2238,0,4,0,1
19,41029.18,-2947.1,231.0,0.4279,1,6,0,0
57,14793.0,-5000.0,426.0,0.1258,1,1,1,0
49,78434.19,17722.98,14.0,0.086,2,4,1,0
18,43773.64,10416.25,280.0,0.4146,2,5,1,0
23,8000.0,18067.1,110.0,0.1814,2,6,0,0
43,62810.75,9992.1,170.0,0.0869,1,4,0,0
59,70642.17,8442.92,362.0,0.3325,2,1,1,0
65,8000.0,5956.29,388.0,0.5764,1,1,1,0
42,24386.13,1511.77,2.0,0.2789,2,7,1,0
34,42238.65,7096.85,312.0,0.171,1,5,0,0
73,63362.77,-1425.86,189.0,0.2648,1,5,1,0
44,32106.34,-5000.0,361.0,0.2599,2,3,0,0
35,24196.45,342.19,403.0,0.133,1,6,0,0
43,63179.23,13331.94,421.0,0.0681,2,5,1,0
18,33291.94,-5000.0,49.0,0.3282,1,6,1,0
35,58551.37,-5000.0,387.0,0.0141,2,5,1,0
47,17212.11,7730.47,462.0,0.233,2,2,0,0
70,11191.67,-320.63,,0.4198,2,3,1,0
60,63881.73,6883.96,180.0,0.2367,2,6,0,0
62,51313.0,10918.86,350.0,0.2935,2,1,1,0
49,68061.39,6692.26,32.0,0.3695,2,7,1,0
24,31685.17,-2057.96,181.0,0.0657,2,5,0,0
40,25122.37,13263.47,395.0,0.478,2,3,1,0
74,79017.97,8936.98,312.0,0.1889,1,7,1,0
20,8000.0,3214.62,127.0,0.2529,0,6,1,0
68,76286.52,2827.34,271.0,0.3423,1,4,1,0
57,78012.62,5991.94,0.0,0.3925,2,5,1,0
34,66502.24,504.13,462.0,0.5139,1,6,1,0
62,27804.81,-5000.0,264.0,0.164,2,4,0,0
65,24586.9,9001.26,,0.1279,0,7,1,0
20,39748.61,8525.94,160.0,0.2673,2,1,0,0
24,12624.01,-5000.0,106.0,0.5768,2,5,1,0
55,20957.65,7085.41,157.0,0.3296,2,5,0,0
74,61118.36,17051.87,219.0,0.0601,1,2,1,0
19,61233.73,-5000.0,204.0,0.049,2,6,1,0
55,18760.63,2413.67,199.0,0.538,2,5,1,0
25,61903.05,,243.0,0.3876,1,6,0,0
55,,16283.3,224.0,0.4981,2,3,1,0
53,82747.16,11967.58,148.0,0.4623,2,5,1,0
23,59228.41,-4027.33,278.0,0.2565,0,2,1,0
56,71464.53,5736.95,118.0,0.1765,2,5,1,0
69,56926.94,21421.38,455.0,0.2066,1,5,0,0
67,69498.23,-1997.66,320.0,0.4553,1,6,1,0
19,12822.07,2910.77,134.0,0.1122,2,5,1,0
32,41956.39,7108.06,332.0,0.3876,0,3,1,0
31,44025.43,-1880.44,465.0,0.5095,1,7,1,0
43,38906.25,17105.62,367.0,0.273,2,3,0,0
26,56097.17,-781.35,374.0,0.2052,0,5,1,0
66,60859.49,-5000.0,104.0,0.1626,1,4,0,0
62,54806.43,-1199.86,87.0,0.4384,2,4,1,0
64,40576.4,8224.16,269.0,0.3074,2,5,1,0
29,26606.75,-3385.39,134.0,0.0782,2,5,1,0
18,72429.65,5417.6,57.0,0.2425,1,1,1,0
69,53743.32,7500.4,436.0,0.289,0,7,1,0
34,19534.65,-5000.0,165.0,0.1109,2,3,1,0
55,40157.81,-1509.62,384.0,0.1608,0,5,1,0
69,8000.0,5791.77,351.0,0.1055,0,7,0,0
20,45884.27,8619.3,68.0,0.1019,1,4,1,0
18,40040.5,-1310.27,90.0,0.2762,2,7,0,1
18,30638.33,4214.18,280.0,0.242,0,5,0,0
26,84615.0,728.51,299.0,0.0213,1,2,1,0
20,16096.15,8822.8,132.0,0.3202,2,6,0,0
64,62659.82,7155.31,73.0,0.3273,1,3,1,0
52,99667.7,12.14,302.0,0.0653,2,7,0,0
73,71931.7,6827.55,113.0,0.2912,2,1,1,0
63,44211.53,-300.79,83.0,0.7926,2,2,0,0
72,16648.28,6658.9,181.0,0.4703,2,4,1,0
31,10948.45,6770.36,168.0,0.2451,2,1,1,0
34,34711.21,21968.37,193.0,0.1166,1,5,1,0
66,27824.98,309.9,186.0,0.2337,2,4,0,0
31,27011.33,1869.85,271.0,0.1041,2,5,1,0
21,36842.16,-2177.85,258.0,0.5437,1,6,0,0
56,42443.82,-5000.0,17.0,0.1456,2,3,1,0
63,,-651.68,114.0,0.3361,1,1,1,1
73,14055.09,8320.81,242.0,0.199,2,6,1,1
70,27943.91,8899.69,349.0,0.2826,0,7,1,0
24,41008.2,5365.44,14.0,0.4272,2,3,1,0
62,40112.87,633.88,388.0,0.2919,1,7,0,0
66,90910.59,-947.0,45.0,0.3916,2,6,1,1
57,50806.16,-4334.64,307.0,0.2626,0,7,1,0
64,8000.0,-1455.1,105.0,0.5047,1,6,1,0
65,55454.53,-5000.0,433.0,0.2589,2,5,0,0
43,58641.59,13862.87,332.0,0.1973,2,6,1,0
20,41871.8,17697.21,379.0,0.2327,1,6,1,0
44,14665.08,-5000.0,389.0,0.5346,2,1,1,0
29,88951.37,5314.11,21.0,0.5523,2,3,1,0
24,18252.9,5181.54,406.0,0.3807,2,3,1,0
25,61519.31,4670.47,40.0,0.0741,2,7,0,0
57,50001.26,-1741.95,260.0,0.2237,2,1,1,0
46,60020.26,11180.11,316.0,0.6762,1,1,0,0
48,87671.45,6283.82,431.0,0.5375,2,4,1,0
60,59040.97,11272.97,346.0,0.0885,1,3,1,0
49,,-2900.1,341.0,0.266,2,3,1,0
53,72649.81,-5000.0,464.0,0.3542,1,7,1,0
22,29222.51,6479.24,7.0,0.2694,1,2,0,1
66,49088.95,-4703.55,1.0,0.5659,1,4,0,1
43,12672.91,,91.0,0.153,0,7,1,0
26,19167.97,-5000.0,113.0,0.266,2,6,0,0
64,46284.67,-748.32,239.0,0.1829,2,5,0,0
59,54202.17,-1927.37,399.0,0.2169,2,4,0,0
21,8000.0,340.99,188.0,0.3573,1,5,0,0
29,57432.18,5088.79,427.0,0.5478,1,1,0,0
18,24514.28,6169.89,307.0,0.2582,1,6,1,0
33,76992.2,8117.9,222.0,0.4333,1,2,1,0
23,36200.89,9039.89,380.0,0.1037,0,6,1,0
58,16909.44,1627.8,232.0,0.0537,2,2,1,0
47,46895.11,19869.63,20.0,0.0884,2,7,0,0
73,22094.12,14096.72,409.0,0.1301,1,2,1,0
60,,504.09,63.0,0.2099,2,5,1,0
52,45013.26,1905.01,220.0,0.0572,2,4,1,0
47,41208.08,335.62,74.0,0.4578,2,7,1,0
21,59795.03,5906.39,377.0,0.2877,1,6,1,0
22,19876.31,-4775.5,305.0,0.0872,2,1,1,0
53,12771.16,-3316.3,455.0,0.6903,2,4,1,0
18,55208.79,-5000.0,415.0,0.4225,2,2,0,0
20,17508.23,-189.28,125.0,0.149,2,6,0,1
30,17499.75,11518.07,121.0,0.4879,1,5,1,0
68,65918.9,1783.19,131.0,0.3101,1,2,1,0
44,58126.6,2230.7,73.0,0.0699,2,6,1,0
58,13654.26,5225.27,450.0,0.404,0,3,0,0
41,29521.6,-5000.0,39.0,0.4943,2,5,1,1
27,22406.71,3202.29,203.0,0.0611,2,6,0,0
39,89407.98,10122.64,135.0,0.1812,2,2,1,0
23,67650.26,5452.51,7.0,0.2071,2,6,0,1
61,34478.88,10825.32,398.0,0.407,0,1,1,0
28,59404.87,13113.06,241.0,0.0119,2,1,0,0
39,11095.35,8300.72,421.0,0.512,1,3,0,0
73,28183.85,-2706.94,296.0,0.0847,0,4,1,0
51,47621.58,246.92,238.0,0.2022,2,3,0,0
44,56305.77,18451.91,117.0,0.564,2,1,1,0
48,42563.52,5513.35,283.0,0.3939,1,5,0,0
62,51200.34,4447.65,349.0,0.1532,1,6,1,0
32,46958.41,-3879.67,13.0,0.6531,0,6,1,1
54,,2268.31,111.0,0.6717,2,4,0,0
67,37596.36,8730.99,173.0,0.1798,2,7,1,0
50,34343.38,3118.77,57.0,0.2355,1,5,1,0
43,50798.44,-1155.03,40.0,0.4117,2,5,0,0
26,55270.39,700.91,119.0,0.3951,2,3,0,1
32,49958.98,12534.6,163.0,0.1957,1,7,1,0
71,15535.07,8342.25,256.0,0.1263,1,1,1,1
48,20026.8,7272.32,390.0,0.0888,1,5,1,0
35,54972.05,6527.06,410.0,0.2374,2,2,1,0
41,81791.83,-5000.0,183.0,0.1213,2,2,1,0
50,48810.39,5178.79,254.0,0.0478,2,2,1,0
48,34708.29,11544.06,6.0,0.4774,0,7,0,1
57,50608.51,912.63,407.0,0.0968,0,1,0,0
32,16579.46,10819.42,112.0,0.1891,2,2,1,0
55,77723.58,7361.81,30.0,0.2055,2,3,1,0
43,49664.85,9621.38,289.0,0.3539,1,2,1,0
71,28263.57,3407.49,178.0,0.1718,2,3,1,0
27,40830.11,10092.68,197.0,0.4539,2,4,1,0
26,,-5000.0,208.0,0.2858,1,6,0,0
44,77791.75,3265.17,301.0,0.2578,2,5,1,0
46,39944.0,8704.12,384.0,0.4299,1,2,0,0
57,48884.14,5370.4,274.0,0.3857,1,6,1,0
41,59343.16,11764.99,293.0,0.356,2,7,0,0
70,26480.83,1743.21,388.0,0.3318,0,1,1,0
45,49842.74,-1379.64,376.0,0.6576,1,2,1,0
25,51860.89,-5000.0,82.0,0.1778,1,2,0,0
24,8000.0,816.27,162.0,0.7408,2,3,0,0
73,51317.41,7135.0,236.0,0.0372,2,3,1,0
25,43855.95,9088.07,448.0,0.1382,1,2,1,0
72,48249.16,-5000.0,291.0,0.153,2,3,1,0
33,45890.74,12402.6,390.0,0.177,1,5,0,0
23,51479.25,-4795.37,381.0,0.4297,2,6,1,0
35,78433.58,2030.81,439.0,0.578,2,2,1,0
53,15512.31,-1550.53,248.0,0.6053,2,5,1,0
42,36446.19,6338.0,126.0,0.5096,1,3,0,1
62,61665.47,3752.6,197.0,0.3874,1,2,0,0
52,57023.15,8423.75,3.0,0.2857,1,6,0,0
40,56485.14,17750.44,328.0,0.4286,2,3,0,0
54,113839.43,6182.82,295.0,0.0805,1,4,0,0
73,60353.39,-1613.44,79.0,0.505,1,7,1,0
41,73273.44,6688.55,236.0,0.1771,1,3,0,0
26,37323.2,18561.11,343.0,0.1795,2,5,1,0
41,20177.19,8250.72,373.0,0.271,2,7,1,0
65,37142.06,10565.55,372.0,0.3436,2,4,1,0
30,62799.0,-5000.0,46.0,0.1061,2,3,1,0
72,55170.7,6095.03,179.0,0.6678,1,7,1,0
51,55081.28,855.86,285.0,0.1225,0,5,1,0
52,39641.39,-2441.0,50.0,0.3907,1,5,0,1
36,35654.93,2821.46,95.0,0.2676,1,6,1,0
70,40503.57,3869.07,452.0,0.2695,0,2,0,0
20,63111.89,-1995.14,247.0,0.2175,2,7,1,0
35,66018.19,4507.71,277.0,0.2849,1,7,1,0
41,19843.96,1612.1,75.0,0.0876,2,3,1,0
45,64058.56,8619.51,304.0,0.1277,2,6,1,0
45,28731.97,4820.6,437.0,0.1047,0,3,1,0
26,56723.04,6007.39,460.0,0.2218,2,5,1,0
30,40200.86,10835.1,87.0,0.4585,0,1,1,0
23,84144.71,7439.65,106.0,0.3392,0,5,1,1
50,34548.13,2951.32,276.0,0.404,2,2,1,0
37,49465.3,-5000.0,425.0,0.4875,1,3,1,0
50,60164.83,7109.82,2.0,0.0632,2,3,1,0
51,23151.03,-4295.39,108.0,0.2766,2,4,1,1
58,43178.57,2310.1,75.0,0.155,0,3,0,0
49,38335.38,5968.38,378.0,0.1761,1,1,1,0
54,32154.66,13664.23,239.0,0.1655,1,1,1,0
51,34006.92,17738.58,342.0,0.251,1,5,0,0
55,72800.36,-4369.75,19.0,0.2407,2,1,1,0
53,30036.23,-5000.0,63.0,0.4221,2,2,1,0
36,59160.2,5605.74,260.0,0.3068,2,2,1,0
32,52864.88,4939.42,201.0,0.2171,1,1,1,0
62,10075.5,-5000.0,88.0,0.2045,2,3,1,0
37,57979.24,2867.18,125.0,0.3159,2,6,0,0
49,9662.17,7780.33,348.0,0.18,2,1,0,0
29,60702.3,-5000.0,6.0,0.4063,2,5,0,0
42,32320.21,-4956.68,416.0,0.3786,2,5,0,0
48,45209.18,-2153.28,76.0,0.5681,1,4,0,1
53,12643.0,1301.92,364.0,0.1379,2,2,0,0
48,48059.56,8551.77,302.0,0.1132,2,5,0,0
38,68173.76,388.15,30.0,0.386,1,3,1,0
72,24825.86,3442.53,366.0,0.063,2,6,1,0
47,29820.82,20969.42,238.0,0.1588,2,6,1,0
64,56365.53,-4650.48,144.0,0.4665,2,5,0,0
59,56990.46,-2223.95,53.0,0.3095,0,2,1,0
49,8000.0,8424.71,55.0,0.0303,1,2,0,0
68,95385.16,10904.35,196.0,0.179,1,5,1,0
25,58213.84,6318.41,141.0,0.2498,2,4,1,0
70,62422.97,17471.74,402.0,0.3002,1,6,0,0
66,41411.49,5539.65,260.0,0.3267,0,4,0,0
46,8000.0,-5000.0,19.0,0.4319,2,7,1,0
59,61868.05,3775.97,420.0,0.189,2,2,1,0
47,30870.3,-1567.87,120.0,0.2445,2,4,1,0
33,58598.29,14070.49,291.0,0.1316,0,6,1,0
63,39529.97,10716.99,396.0,0.2246,2,3,0,0
32,50950.98,-5000.0,320.0,0.4199,1,1,1,0
35,25625.09,13802.54,194.0,0.3317,1,3,1,0
47,66609.72,10514.94,3.0,0.118,2,4,1,0
65,15290.52,404.3,112.0,0.2608,2,3,1,0
39,101139.24,2372.46,273.0,0.2366,2,7,0,0
46,100948.72,14137.42,455.0,0.5335,2,2,1,0
20,85817.49,-5000.0,17.0,0.2325,2,5,0,1
24,76886.97,,74.0,0.5072,1,4,1,0
21,42886.29,11747.28,171.0,0.1794,1,1,1,0
22,74163.67,2290.3,378.0,0.3875,0,2,1,0
67,42595.59,8183.28,456.0,0.3477,1,4,1,0
65,8000.0,3825.24,85.0,0.0596,0,2,1,1
64,82580.04,-3272.31,278.0,0.2883,2,6,1,0
21,73220.61,-3472.24,462.0,0.2573,2,1,1,0
22,44216.52,8695.43,479.0,0.3113,1,7,1,0
33,14370.39,-2085.65,377.0,0.307,1,6,1,0
50,30344.98,-5000.0,373.0,0.102,2,2,1,0
37,8000.0,3979.19,132.0,0.1493,0,4,1,1
45,68627.02,-1104.65,148.0,0.4499,0,5,1,1
27,8000.0,-5000.0,472.0,0.1093,2,5,0,0
59,52170.77,3573.98,298.0,0.6843,0,7,1,0
35,23907.67,9138.21,54.0,0.33,1,6,0,0
21,9332.41,3161.2,33.0,0.4428,0,7,1,1
60,50958.88,-5000.0,412.0,0.3236,0,6,1,0
69,36655.02,6854.43,62.0,0.4261,2,7,0,0
18,65954.73,11281.25,335.0,0.2738,2,4,0,0
42,13309.87,20704.27,154.0,0.2389,2,2,0,0
65,26067.13,14534.75,83.0,0.1304,1,2,0,0
58,8000.0,-5000.0,54.0,0.5251,1,1,0,0
66,8000.0,9864.66,262.0,0.1336,0,1,1,0
41,89954.81,5052.19,385.0,0.1523,2,7,0,0
39,97089.96,-5000.0,5.0,0.4924,2,4,1,0
58,47318.16,5270.36,337.0,0.5151,2,1,1,0
26,24404.28,18349.41,275.0,0.1103,2,2,0,0
31,37538.78,12566.91,381.0,0.1235,1,1,0,0
52,66839.36,-5000.0,279.0,0.3239,1,5,1,0
56,32140.27,3109.74,60.0,0.0835,2,2,1,0
24,50940.85,6933.4,196.0,0.4604,0,3,1,0
46,44681.1,-5000.0,473.0,0.0593,2,3,1,0
38,30779.68,-5000.0,395.0,0.4843,2,2,0,0
46,31845.18,4237.02,168.0,0.3561,2,6,1,0
72,52333.02,4341.4,446.0,0.2427,2,5,1,0
22,20577.8,-5000.0,3.0,0.3477,1,5,0,1
74,56293.23,6103.79,256.0,0.1546,1,5,1,0
43,33210.53,11695.7,371.0,0.1061,1,6,0,0
62,48184.18,1253.59,323.0,0.382,1,3,1,0
42,79599.06,3478.49,85.0,0.1922,2,3,1,0
35,40795.2,7571.29,70.0,0.2777,1,3,1,0
61,67995.11,6512.23,356.0,0.1236,0,6,1,0
57,8000.0,-5000.0,479.0,0.2982,2,3,1,0
26,33240.92,-4240.97,366.0,0.3974,1,5,1,0
58,45692.22,-166.83,411.0,0.2793,2,1,1,0
60,93083.27,-3886.62,436.0,0.094,0,7,1,0
40,8000.0,14735.75,,0.1583,1,6,0,0
70,42594.75,,379.0,0.2873,1,1,0,0
54,81417.22,-5000.0,373.0,0.274,1,2,1,0
37,25374.49,1285.31,379.0,0.2919,1,2,1,0
18,39679.03,12043.14,154.0,0.2045,1,2,0,0
56,53293.47,-2169.92,259.0,0.2367,1,3,1,0
29,49612.71,9812.67,106.0,0.2318,1,2,1,0
61,84144.26,14065.44,254.0,0.4453,2,6,0,0
47,56211.85,12729.13,245.0,0.1507,1,6,1,0
44,78194.32,,32.0,0.6087,2,1,1,1
27,35999.79,13008.2,39.0,0.2297,1,4,0,1
58,26486.86,-1177.9,456.0,0.0666,1,1,1,0
27,39356.92,22887.05,264.0,0.0393,1,1,1,0
41,16022.42,4926.8,15.0,0.6133,2,1,1,0
65,57087.79,12174.35,177.0,0.7736,1,2,0,1
70,35353.05,103.93,427.0,0.0583,2,2,1,0
74,28205.28,6995.32,349.0,0.0741,2,2,1,0
72,,7347.71,395.0,0.3494,1,5,1,0
49,16407.11,-4430.67,300.0,0.188,0,2,1,0
29,64262.56,-4667.55,336.0,0.4354,2,4,1,0
65,33041.57,1363.98,118.0,0.7098,2,3,1,0
63,73977.41,11842.66,404.0,0.5742,2,2,1,0
74,35181.56,-5000.0,352.0,0.4563,1,7,0,0
55,,97.21,114.0,0.1171,1,4,0,0
26,49489.06,13478.98,149.0,0.0695,2,1,0,1
46,63597.55,-5000.0,368.0,0.2202,1,2,1,0
43,47748.67,13031.21,119.0,0.513,1,2,1,0
66,8000.0,-5000.0,321.0,0.207,2,3,1,0
40,70219.84,-4332.33,200.0,0.224,1,3,1,0
36,42807.93,1822.23,137.0,0.1544,2,6,1,0
22,64737.9,17987.67,75.0,0.3645,2,4,1,1
65,62256.16,-2120.06,346.0,0.338,0,5,1,0
61,25667.59,-5000.0,156.0,0.4725,2,2,1,0
20,22130.11,-5000.0,266.0,0.0858,0,1,1,0
42,61383.88,10455.59,124.0,0.492,1,4,0,0
45,37418.77,-5000.0,70.0,0.1877,2,7,1,0
44,68410.73,12503.72,10.0,0.4049,0,3,0,1
70,40544.98,3558.33,450.0,0.1151,2,3,1,0
26,70585.24,2741.83,144.0,0.419,0,7,1,0
35,55582.61,5378.43,276.0,0.0783,2,7,1,0
28,52199.37,-3407.36,224.0,0.2349,0,1,0,0
31,35649.72,4102.98,177.0,0.3214,1,1,1,0
69,50810.69,-5000.0,398.0,0.2087,1,7,1,0
71,74821.32,13791.13,437.0,0.0524,2,4,1,0
20,43644.61,-5000.0,86.0,0.5043,2,6,1,0
54,58279.36,6511.05,14.0,0.1437,1,2,0,1
31,46159.0,-5000.0,157.0,0.3161,2,2,1,1
28,48115.1,-1265.64,49.0,0.3422,2,3,1,0
34,88085.27,9.34,14.0,0.3505,1,4,0,0
29,75043.25,26850.78,386.0,0.3222,2,5,1,0
45,,2884.43,36.0,0.2211,0,7,0,1
74,50361.35,-3572.24,33.0,0.1443,0,2,1,0
51,27453.24,-556.44,170.0,0.5169,2,2,1,0
59,40675.71,-5000.0,272.0,0.1448,1,2,1,0
46,52734.94,1697.71,239.0,0.2169,1,4,1,0
18,66265.34,17808.69,357.0,0.202,1,4,0,0
22,63730.52,5688.32,359.0,0.2062,0,6,1,0
33,17268.52,10227.21,7.0,0.1989,0,7,0,1
31,69424.57,-4279.55,366.0,0.2283,2,1,1,0
65,42780.66,1373.26,20.0,0.0658,2,4,1,0
66,20325.22,4631.22,438.0,0.3903,0,5,0,0
66,78409.62,-2802.45,146.0,0.1942,1,6,1,0
54,81581.97,6200.05,435.0,0.2475,1,2,0,0
49,51593.67,7923.43,479.0,0.0927,2,6,1,0
55,62719.84,7342.78,48.0,0.1221,2,1,1,0
41,64186.23,,182.0,0.2297,1,3,1,0
56,79894.3,11727.29,53.0,0.0361,1,6,1,1
63,63201.71,939.06,464.0,0.4635,2,6,0,0
61,11807.79,209.43,238.0,0.4707,2,5,0,0
52,95245.19,14532.31,402.0,0.3094,2,2,0,0
21,71641.42,-5000.0,282.0,0.4238,2,7,1,0
59,32261.89,-5000.0,406.0,0.1352,0,2,1,0
38,19259.37,-3942.53,286.0,0.1331,2,7,1,1
60,57620.34,6097.94,23.0,0.0812,1,4,0,1
48,38043.5,13268.73,233.0,0.0743,2,2,0,0
68,53249.88,-2284.15,314.0,0.2377,2,4,0,0
37,63585.17,17518.7,470.0,0.17,2,2,1,0
71,30838.95,3217.58,399.0,0.194,1,2,1,0
66,17097.3,2075.76,244.0,0.2473,1,1,1,0
36,54645.46,-3799.51,386.0,0.0786,2,4,1,0
45,31665.3,18610.84,448.0,0.3593,1,5,0,0
48,48652.39,1797.69,420.0,0.1769,2,3,0,0
61,,,474.0,0.1322,1,3,1,0
57,38695.43,22661.35,172.0,0.1755,2,3,1,0
66,62873.8,6149.36,213.0,0.3418,0,1,1,0
39,60148.31,9390.64,6.0,0.5173,2,5,1,1
46,25291.05,16452.48,64.0,0.2812,0,2,1,0
42,15793.39,7915.7,391.0,0.3027,2,3,0,0
69,45394.09,10799.11,156.0,0.0552,1,5,0,0
35,59025.82,3434.6,210.0,0.545,2,7,1,1
51,55129.38,8869.86,172.0,0.3613,2,3,1,0
24,32196.0,2726.74,444.0,0.3367,0,2,1,0
66,52445.61,2838.32,426.0,0.1576,0,3,1,0
39,82558.89,3957.73,354.0,0.1196,2,4,1,0
37,50128.62,-174.52,461.0,0.2249,1,1,0,0
51,8000.0,7035.02,262.0,0.1226,1,3,1,0
46,50080.01,7014.76,81.0,0.2038,2,2,1,0
66,96098.92,9551.33,,0.3261,0,4,1,0
48,12815.23,8116.85,9.0,0.0358,1,4,1,0
47,45743.12,19000.34,201.0,0.2299,1,5,1,0
23,39341.61,11421.04,398.0,0.0961,0,4,1,0
19,47397.07,1341.98,86.0,0.2574,2,4,1,0
40,49856.3,6624.57,268.0,0.0998,2,2,1,0
74,73499.3,14301.58,373.0,0.6203,2,3,1,0
70,47119.58,-4599.79,,0.0106,2,6,0,0
53,76931.49,19113.93,284.0,0.3776,2,5,1,0
53,42058.61,-3197.12,159.0,0.3148,0,7,0,0
40,,10202.2,116.0,0.2279,2,1,1,0
28,28270.43,3052.8,76.0,0.2371,1,6,1,0
18,8000.0,2592.54,353.0,0.4227,2,2,0,0
37,51894.54,-5000.0,127.0,0.3487,0,1,1,0
36,96350.01,10260.0,311.0,0.0508,1,5,0,0
28,56455.89,-5000.0,23.0,0.183,1,4,0,1
32,62168.68,-5000.0,140.0,0.4693,1,4,0,0
19,34674.22,,185.0,0.3147,1,2,1,0
52,38891.67,17316.84,370.0,0.1504,1,7,0,0
70,69616.04,-2337.97,47.0,0.3124,0,5,1,1
57,95217.34,11024.87,225.0,0.2567,2,5,1,0
43,82198.7,9372.21,222.0,0.0545,2,1,0,0
41,65131.12,2267.85,154.0,0.27,2,3,1,0
35,45878.76,13686.54,383.0,0.128,0,2,0,0
26,50242.97,,470.0,0.5054,2,5,1,0
52,26162.32,7140.27,22.0,0.4804,1,1,1,0
50,8795.81,-5000.0,447.0,0.153,2,4,0,0
18,16830.04,-5000.0,430.0,0.3044,0,4,0,0
41,46245.0,12352.36,404.0,0.4256,1,7,1,0
33,37700.19,7409.64,59.0,0.2899,2,1,1,0
27,8263.96,1860.34,186.0,0.4705,0,7,1,0
58,44066.92,18262.76,314.0,0.5502,2,5,1,0
47,37039.24,18178.53,98.0,0.3478,1,4,1,0
54,15678.78,6513.34,115.0,0.1472,1,1,0,0
58,35745.52,-5000.0,270.0,0.1262,2,1,1,1
73,36976.17,2107.21,405.0,0.1377,1,3,0,0
63,29584.07,-3660.65,78.0,0.0767,0,7,1,0
53,68166.75,3716.11,4.0,0.6389,0,7,0,0
68,8000.0,-4490.38,478.0,0.2728,2,5,1,0
45,8000.0,-5000.0,202.0,0.5565,2,3,1,1
74,45082.14,-5000.0,36.0,0.3014,2,7,1,0
61,47403.18,4338.06,,0.1493,2,4,0,0
55,55105.38,-5000.0,131.0,0.1559,2,2,0,0
69,31525.66,438.07,54.0,0.0253,1,4,1,0
47,22051.9,8555.18,320.0,0.396,2,6,1,0
59,44817.1,-2776.77,365.0,0.4163,0,5,1,0
34,33960.55,-5000.0,60.0,0.4698,1,7,0,0
72,83776.79,2457.22,348.0,0.314,1,2,0,0
53,36894.32,-3628.84,181.0,0.1842,1,4,0,0
62,43670.37,4485.26,153.0,0.3372,1,2,1,0
44,106885.45,-5000.0,320.0,0.3453,1,1,1,0
67,40130.99,2164.05,29.0,0.11,2,6,0,0
22,,228.63,80.0,0.219,0,7,1,1
24,61157.74,2907.83,399.0,0.3361,1,7,1,0
46,63285.04,16081.21,473.0,0.6483,2,6,0,0
59,52237.18,4598.49,434.0,0.2864,2,7,0,0
64,49846.02,7035.55,375.0,0.2366,1,1,0,0
43,47508.36,-1998.34,61.0,0.4566,1,1,1,0
55,30600.15,4786.05,148.0,0.6772,1,2,0,0
49,53137.97,801.57,406.0,0.4457,2,2,1,0
72,95716.15,3237.25,342.0,0.3159,2,4,1,0
55,75267.05,8191.56,399.0,0.5204,1,5,0,0
41,,-1001.87,197.0,0.4382,1,3,1,0
73,66395.74,-184.36,276.0,0.1336,1,2,0,0
24,23270.6,-891.32,353.0,0.1754,0,4,1,0
74,38487.2,-1045.76,376.0,0.3031,0,6,1,0
26,68696.25,4385.88,348.0,0.1022,1,7,1,0
34,82179.18,88.14,18.0,0.3637,2,6,0,0
64,25728.35,14983.65,97.0,0.3731,2,5,0,0
59,32910.29,24433.3,238.0,0.3167,1,2,1,0
73,99534.39,-1543.54,335.0,0.3631,2,2,0,0
60,47406.53,5352.02,464.0,0.4549,2,6,1,0
54,90584.05,11304.06,144.0,0.2398,2,2,0,0
37,50171.43,874.01,372.0,0.4058,2,3,1,0
18,51154.51,-4955.13,318.0,0.1475,1,4,1,0
25,37362.73,16905.39,128.0,0.3693,2,6,1,0
34,68563.88,8489.26,83.0,0.3146,2,7,1,0
20,78944.44,5549.52,299.0,0.5008,2,5,1,0
46,19124.94,14604.18,157.0,0.2522,2,4,0,0
62,36188.74,9161.87,102.0,0.1642,2,2,1,0
72,67876.96,2616.52,104.0,0.0923,2,5,1,0
45,41761.28,-4813.05,106.0,0.2901,1,5,0,1
67,32665.36,-946.65,43.0,0.4361,2,4,0,0
74,70238.55,12638.59,90.0,0.4795,2,3,0,0
67,72586.33,8456.69,468.0,0.0968,0,7,1,0
44,33758.95,1506.67,91.0,0.3319,2,4,0,0
36,50309.16,17132.51,196.0,0.5822,2,6,0,0
73,14788.13,1742.23,239.0,0.2717,2,2,0,0
31,22612.98,10900.14,337.0,0.3444,2,4,0,0
41,48104.13,4760.31,148.0,0.342,1,1,1,0
22,45785.17,18463.62,396.0,0.284,1,7,1,0
63,20828.1,9024.36,373.0,0.0296,2,3,0,0
55,27100.65,3369.28,,0.5529,2,6,1,0
22,18373.89,1569.59,429.0,0.2206,1,1,0,0
30,56376.5,2877.02,167.0,0.1513,0,5,0,0
49,8000.0,,234.0,0.2417,1,2,0,0
48,19710.57,-5000.0,287.0,0.1723,0,2,0,0
63,8000.0,5469.88,91.0,0.3531,0,7,0,0
33,55475.52,-1268.15,39.0,0.2862,1,4,0,1
70,8000.0,-1289.4,479.0,0.4528,1,7,0,0
43,45793.23,2289.28,23.0,0.4632,1,2,1,0
64,85988.1,3417.79,22.0,0.2395,2,4,0,0
31,86835.85,3059.01,48.0,0.1827,2,1,1,0
20,8000.0,16906.36,263.0,0.2483,1,4,1,0
21,52460.24,8299.04,128.0,0.257,2,3,0,0
39,20275.72,19862.52,105.0,0.0506,2,4,1,0
72,15171.6,-511.92,412.0,0.0457,2,7,1,0
20,42163.25,9269.77,450.0,0.2497,2,6,0,0
39,75707.28,-67.3,420.0,0.1309,2,3,1,0
24,59991.47,-1489.05,155.0,0.1332,2,4,1,0
71,27121.48,20164.34,40.0,0.6,2,1,1,1
56,62625.85,-3145.19,,0.0877,2,4,1,0
61,8000.0,-5000.0,261.0,0.2387,2,6,0,0
58,26176.36,-2663.59,466.0,0.0874,1,4,1,0
55,24402.71,-5000.0,,0.5163,2,7,0,0
62,46958.02,-4610.6,452.0,0.4302,2,4,0,0
18,39929.3,-3869.33,148.0,0.238,1,7,1,0
67,41463.22,3282.25,380.0,0.4307,1,4,0,0
60,40632.01,-5000.0,52.0,0.1192,2,4,1,0
60,45560.18,12567.62,355.0,0.1141,0,7,0,0
40,58503.27,-5000.0,227.0,0.4341,1,1,0,0
63,48733.28,1977.99,457.0,0.1487,1,3,1,0
39,37891.2,406.76,70.0,0.0054,1,1,1,0
20,55043.71,9602.8,107.0,0.1052,2,7,0,0
69,65653.09,5812.35,305.0,0.092,1,6,0,0
31,31099.35,12494.98,388.0,0.5432,1,4,1,0
23,43514.93,108.37,426.0,0.448,1,7,0,0
53,74047.66,-717.97,54.0,0.2518,2,3,1,0
31,17430.98,6302.33,3.0,0.1833,1,4,0,1
66,90117.55,11233.62,173.0,0.1371,1,1,1,0
43,11521.13,9600.55,46.0,0.1728,0,3,0,1
18,36365.88,5574.51,192.0,0.1817,2,7,1,1
72,21245.25,4861.3,228.0,0.1367,1,5,1,0
47,99698.17,2709.69,477.0,0.7798,2,4,0,0
32,32416.25,6279.44,16.0,0.2299,2,7,1,0
56,32478.97,19279.48,154.0,0.2101,2,6,1,0
48,35731.28,1059.41,162.0,0.2527,1,7,1,0
19,47390.07,84.08,266.0,0.1403,1,5,1,0
61,36788.96,-528.45,153.0,0.3799,1,6,1,0
40,41677.83,6114.98,304.0,0.1951,1,1,1,0
57,8000.0,-5000.0,407.0,0.1649,2,3,1,0
69,46429.0,1919.51,325.0,0.2982,2,2,1,0
52,45445.17,10045.17,317.0,0.059,2,2,0,0
56,70964.22,-1209.85,57.0,0.3981,1,6,1,1
32,77726.52,4493.64,425.0,0.5388,1,7,1,0
31,40307.3,19874.68,268.0,0.3866,1,4,1,0
41,65405.73,5652.8,79.0,0.1859,0,4,1,0
66,17460.78,-5000.0,304.0,0.2803,1,3,1,0
47,64183.56,-5000.0,233.0,0.1904,2,2,1,0
37,30688.11,991.97,433.0,0.1095,2,2,0,0
62,15382.56,-3430.61,310.0,0.6662,2,7,1,0
66,40360.28,3827.07,459.0,0.6207,1,7,0,0
69,80011.81,643.39,467.0,0.4312,1,6,1,0
35,49525.14,12328.57,,0.3505,0,2,0,0
58,82412.2,-5000.0,140.0,0.4867,1,1,1,0
51,26281.68,1340.0,101.0,0.0969,2,7,1,0
43,71196.28,4738.07,110.0,0.2506,1,6,1,1
40,28696.0,5729.08,328.0,0.2048,0,5,1,0
24,50633.22,4174.44,455.0,0.4943,1,6,1,0
33,50417.07,-5000.0,234.0,0.2382,1,3,0,0
49,61537.29,3666.34,388.0,0.1519,1,3,0,0
68,51268.52,1793.97,356.0,0.1915,1,5,1,0
67,26520.39,9912.88,,0.5841,2,3,1,0
28,67007.67,8783.76,407.0,0.1422,2,5,1,0
56,88291.41,4926.76,229.0,0.1101,1,3,1,0
22,30404.91,5505.31,,0.0641,1,3,1,0
56,8000.0,13819.06,343.0,0.4747,0,1,1,0
37,57482.99,12202.37,421.0,0.0633,2,5,1,0
43,36720.49,5202.66,117.0,0.3094,1,4,1,0
58,41722.43,20163.35,127.0,0.4106,2,4,0,0
42,58904.44,-2025.57,351.0,0.2063,2,3,1,0
64,33590.19,-5000.0,465.0,0.1671,1,2,1,0
48,38278.7,2913.3,124.0,0.124,2,6,1,0
74,42497.01,9.52,206.0,0.2733,1,7,0,0
54,81743.85,-5000.0,325.0,0.2838,2,5,0,0
34,45751.74,-2219.05,409.0,0.3233,2,2,1,0
62,14108.16,5748.68,16.0,0.2403,1,2,1,0
41,15103.04,2535.78,95.0,0.0103,2,6,1,0
48,48480.75,-3211.69,429.0,0.3036,2,3,1,0
25,16764.3,3338.6,252.0,0.5325,1,4,0,0
24,8000.0,3984.58,363.0,0.0441,0,1,1,0
50,60888.4,8720.6,30.0,0.3516,1,3,1,1
28,62112.46,-2132.01,43.0,0.1283,1,1,0,1
74,35796.59,9990.85,,0.3859,1,1,1,0
66,52341.48,-5000.0,180.0,0.0896,1,3,1,0
57,49703.04,-1027.02,452.0,0.081,1,5,1,0
59,60060.48,,206.0,0.4992,2,6,0,0
51,60118.75,-5000.0,404.0,0.6151,1,5,1,1
21,8000.0,-2270.14,260.0,0.2372,2,1,1,0
40,38987.53,-5000.0,326.0,0.4985,2,6,1,0
46,57947.6,-3618.13,313.0,0.2864,0,5,1,0
70,34738.59,4106.91,57.0,0.5099,2,7,1,1
30,45905.07,8652.34,381.0,0.3437,0,5,1,0
46,63767.5,2850.89,472.0,0.215,2,1,0,0
37,47023.13,402.48,185.0,0.0582,0,2,0,0
25,82697.99,-5000.0,165.0,0.2042,0,5,0,0
23,73174.66,-2817.04,286.0,0.149,1,5,0,0
38,42035.9,-5000.0,303.0,0.5955,2,2,0,0
22,40048.85,8892.48,183.0,0.4282,1,6,1,0
21,8000.0,9448.59,131.0,0.3673,1,6,0,0
37,36837.45,2676.42,466.0,0.3756,2,6,1,0
29,11168.28,6531.61,397.0,0.637,2,5,1,0
49,50530.74,10009.86,274.0,0.1238,0,2,0,0
19,48821.77,3809.67,181.0,0.1933,2,1,0,0
35,62396.39,14148.89,169.0,0.1945,1,3,1,0
43,79916.76,-5000.0,187.0,0.0744,2,1,0,1
72,44343.26,210.64,284.0,0.1563,2,2,1,0
54,102010.41,-741.94,,0.206,1,7,0,1
68,50811.29,8177.9,315.0,0.2002,2,7,1,0
37,12244.59,-5000.0,276.0,0.008,1,1,0,0
43,30948.2,14583.8,69.0,0.359,1,5,1,1
41,35681.33,7494.2,120.0,0.2046,2,3,0,0
68,59803.18,17002.36,133.0,0.3156,1,6,0,0
72,21318.75,2675.43,442.0,0.3044,1,6,1,0
72,37550.6,-1402.55,448.0,0.0203,2,2,0,0
60,40973.99,8256.85,375.0,0.4253,0,4,1,0
46,33796.98,11244.52,327.0,0.3056,0,6,1,0
48,65285.38,-2715.37,456.0,0.1921,1,2,1,0
73,61033.03,-5000.0,352.0,0.2848,1,2,1,0
34,74164.18,-5000.0,187.0,0.2279,1,7,0,0
37,36724.37,5091.08,172.0,0.3508,2,2,1,0
69,75063.19,15321.52,317.0,0.1158,2,5,1,0
40,10900.07,-5000.0,196.0,0.3639,1,1,1,0
31,10290.39,821.07,216.0,0.3607,0,4,1,0
49,14654.96,212.4,466.0,0.4643,1,3,1,0
36,45230.29,18364.26,436.0,0.3622,1,7,1,0
68,75059.45,21069.57,291.0,0.082,2,4,1,0
69,29946.45,6395.62,155.0,0.6407,2,6,0,0
35,,10184.0,212.0,0.0253,1,7,0,0
48,39599.55,9961.59,157.0,0.159,1,4,1,0
74,59320.7,-5000.0,201.0,0.7083,1,3,1,0
60,33059.37,8588.18,175.0,0.4103,2,6,1,0
30,,-5000.0,213.0,0.3083,2,4,0,0
51,11365.12,1627.71,238.0,0.0948,1,2,1,1
53,30706.97,12117.9,308.0,0.4999,1,5,0,0
55,74436.54,3647.47,426.0,0.2235,0,1,1,0
19,47273.15,11819.97,253.0,0.4638,1,4,1,1
35,26503.64,13394.11,99.0,0.4243,1,2,1,0
66,75903.6,-5000.0,88.0,0.3451,2,3,1,0
31,30369.66,-5000.0,312.0,0.6661,1,6,1,0
35,80498.89,12296.74,479.0,0.3752,2,1,1,0
36,80090.17,12619.26,146.0,0.2935,2,2,0,0
28,46400.29,5052.76,42.0,0.2826,1,2,1,1
26,8000.0,6137.73,39.0,0.5232,2,1,1,0
37,102237.52,10144.38,131.0,0.3759,1,6,1,0
67,54681.9,9995.27,457.0,0.2971,2,4,0,0
18,36902.82,566.53,374.0,0.3342,2,4,0,0
34,68903.2,10646.8,377.0,0.2026,2,2,1,0
21,62557.57,228.21,159.0,0.3804,1,1,1,0
50,77773.46,4948.41,456.0,0.2682,1,4,1,0
32,28441.31,4600.18,195.0,0.2951,1,1,0,0
63,52961.84,-3875.51,192.0,0.3507,2,7,0,0
51,15353.24,-2943.9,450.0,0.347,1,6,0,0
62,61658.36,20872.87,363.0,0.3205,2,6,1,0
54,44426.37,-4135.09,138.0,0.4833,1,4,1,1
42,52025.23,5959.67,312.0,0.3126,2,1,1,0
67,41341.26,7638.39,168.0,0.2154,1,5,1,0
45,38725.28,2566.27,297.0,0.2495,2,7,1,0
72,23294.22,8371.92,65.0,0.1941,1,1,0,0
74,64760.76,5631.87,19.0,0.2866,2,1,1,0
51,82242.6,-3962.01,462.0,0.1898,1,4,0,0
56,31083.29,7294.54,34.0,0.5137,1,3,0,0
32,58838.51,-1357.65,192.0,0.0257,1,2,0,0
64,55804.59,16925.35,93.0,0.0882,2,4,1,0
56,45202.45,6433.0,7.0,0.2999,2,2,1,0
69,8000.0,-2601.23,359.0,0.1905,1,5,1,0
33,12460.07,5738.32,135.0,0.295,2,6,1,0
62,25475.45,-4398.84,383.0,0.2418,2,7,0,0
44,8000.0,5062.23,263.0,0.1021,1,6,1,0
28,80200.77,1194.42,310.0,0.2077,0,4,1,0
27,54192.58,-3614.97,320.0,0.1712,1,7,0,0
50,44250.97,-3715.53,92.0,0.1393,2,4,0,0
36,8000.0,22479.47,218.0,0.195,1,1,1,0
23,8000.0,3731.14,373.0,0.3978,1,5,1,0
42,44941.47,-453.91,112.0,0.1486,1,7,1,0
55,94262.25,-1839.35,54.0,0.2769,2,1,1,0
36,27533.9,6769.33,198.0,0.2168,2,6,0,0
72,66594.95,-2107.97,429.0,0.3874,1,5,0,0
62,33002.44,-5000.0,,0.3405,1,2,0,0
47,46380.98,2740.68,184.0,0.3484,1,3,1,0
71,75367.1,2680.25,60.0,0.2927,0,2,0,0
42,36351.21,-336.28,349.0,0.4095,2,2,0,0
25,27747.38,-4130.34,,0.3692,0,2,1,1
20,80451.76,-127.77,81.0,0.3733,0,2,0,0
71,46138.95,-757.1,48.0,0.513,2,7,0,0
72,72280.13,-1866.91,150.0,0.2141,1,1,1,1
60,27868.78,5212.0,97.0,0.4365,2,3,0,1
23,80166.86,20809.82,237.0,0.5147,2,3,1,0
34,51840.68,13654.12,204.0,0.16,2,2,1,0
20,,18535.36,238.0,0.4257,2,5,1,0
20,48290.73,-1541.53,176.0,0.075,2,3,1,0
32,32363.13,16397.51,46.0,0.1906,2,6,1,0
50,44957.93,4818.21,373.0,0.3882,2,2,1,0
21,33935.24,10890.91,263.0,0.2726,2,3,1,0
74,68988.65,6661.63,,0.4603,2,6,0,0
43,39923.57,253.86,36.0,0.4624,1,4,0,1
33,8000.0,8755.98,451.0,0.2272,1,2,1,0
47,8000.0,6879.44,443.0,0.4134,2,5,1,0
63,8000.0,-5000.0,90.0,0.5968,2,4,0,0
35,60449.27,2007.01,202.0,0.2009,1,4,1,0
20,16212.39,9979.23,279.0,0.2609,2,1,0,0
20,52502.14,5219.37,210.0,0.2494,2,7,1,0
66,48414.36,6755.77,401.0,0.4158,1,3,1,0
24,43382.29,-3011.39,276.0,0.652,0,5,1,0
54,55960.13,5049.68,127.0,0.3171,0,4,0,0
39,48957.59,2229.26,375.0,0.5782,2,7,0,0
62,8000.0,1372.37,419.0,0.3082,1,7,0,0
21,36909.37,-2434.05,33.0,0.1969,2,6,0,0
69,55627.58,10318.9,408.0,0.1042,1,7,0,0
57,86007.07,5763.75,337.0,0.3985,1,1,1,0
43,87161.44,4956.38,440.0,0.4518,1,3,0,0
29,10921.24,19406.28,437.0,0.5408,2,1,0,0
73,36256.87,6790.39,,0.3163,2,7,1,0
35,8000.0,12603.97,210.0,0.4831,0,6,1,0
45,82997.13,5183.46,34.0,0.181,2,5,1,1
40,70321.41,174.69,6.0,0.1679,2,7,1,0
31,53764.7,-5000.0,440.0,0.1265,1,1,1,0
41,49152.37,4931.12,118.0,0.1242,2,6,1,0
26,79515.78,-5000.0,29.0,0.3887,1,4,0,0
18,75283.13,5179.74,451.0,0.0494,1,2,0,0
34,,5523.19,195.0,0.2575,0,6,1,0
24,56417.0,1259.46,56.0,0.4645,2,4,0,0
41,36269.29,2261.07,122.0,0.3889,2,5,1,0
67,64178.12,-5000.0,6.0,0.376,1,2,1,0
27,65401.05,14084.83,324.0,0.1241,0,1,1,0
18,40234.06,301.99,449.0,0.4826,2,2,0,0
24,36218.78,-4776.74,187.0,0.1438,0,2,0,0
46,73332.83,7357.29,414.0,0.2032,0,6,1,0
33,86602.9,3886.05,164.0,0.3417,1,1,1,1
45,26265.11,133.32,,0.0375,2,7,0,0
19,38415.58,-712.27,102.0,0.1965,0,4,1,0
36,53773.33,2954.89,2.0,0.0028,0,3,1,0
41,57164.97,13766.53,78.0,0.2839,2,1,1,0
42,31940.84,6756.37,280.0,0.5018,2,2,1,0
49,92088.02,2724.73,47.0,0.5802,2,4,1,0
62,55552.38,9819.47,392.0,0.141,1,1,1,0
44,58284.59,3220.26,440.0,0.2033,2,1,0,0
65,88972.1,6212.42,137.0,0.1629,0,3,0,0
48,33773.46,4209.02,129.0,0.2562,2,7,1,0
32,42789.2,7718.24,82.0,0.3223,2,5,0,0
31,13666.94,-553.15,196.0,0.1667,2,6,1,0
36,40691.24,-5000.0,434.0,0.3066,1,3,0,0
52,8000.0,10254.79,187.0,0.0287,2,6,1,0
31,63696.23,15039.43,368.0,0.6387,2,7,1,0
70,55499.92,-5000.0,154.0,0.1284,1,2,1,0
45,38073.27,4434.33,215.0,0.1682,2,1,1,0
67,42489.41,-590.96,236.0,0.6612,1,1,1,0
56,64036.66,10067.03,434.0,0.1834,1,4,1,0
37,16605.1,4973.17,239.0,0.1567,1,7,0,0
31,50104.2,29619.78,291.0,0.4153,1,5,1,0
60,62487.75,588.53,410.0,0.4419,1,1,0,0
36,8000.0,15298.34,453.0,0.291,1,3,1,0
32,62123.45,16077.05,429.0,0.3309,2,6,1,0
71,8000.0,7268.78,49.0,0.171,2,5,1,0
45,42060.14,3296.67,53.0,0.248,0,2,1,1
20,15915.22,3758.7,209.0,0.2597,1,4,1,0
46,80781.16,3081.64,168.0,0.487,1,4,0,0
44,16071.97,12066.4,326.0,0.4266,2,6,1,0
67,8000.0,-3981.09,207.0,0.0655,0,4,1,1
58,48333.8,1712.13,195.0,0.1667,0,2,0,0
28,34657.43,742.51,43.0,0.1875,1,6,1,1
26,8000.0,-5000.0,167.0,0.4931,1,7,0,0
52,58145.38,9871.32,274.0,0.4135,1,1,0,0
20,8000.0,11503.36,333.0,0.3559,1,2,1,1
36,19093.98,-2073.75,81.0,0.2021,2,5,0,0
25,30619.54,11241.06,290.0,0.4141,1,2,1,0
19,65055.56,-5000.0,274.0,0.2825,1,5,1,0
70,77386.71,3191.64,135.0,0.2838,2,2,1,0
23,72569.56,1989.93,427.0,0.3326,1,7,1,0
18,41168.16,3701.99,213.0,0.1715,1,1,1,0
71,8000.0,3660.36,126.0,0.2195,1,7,1,1
28,54771.33,2383.67,339.0,0.2418,2,3,1,0
64,81764.34,-102.18,90.0,0.2345,0,1,1,1
19,75844.76,2130.35,300.0,0.4436,1,6,1,1
26,56573.73,13905.77,327.0,0.1477,2,5,1,0
24,15262.43,-1629.75,217.0,0.4332,2,5,1,0
58,31867.32,21042.72,97.0,0.7047,1,1,1,1
53,93345.36,-2081.32,124.0,0.2178,2,7,1,0
45,9581.76,4920.47,106.0,0.106,0,7,1,1
31,16303.97,7569.65,55.0,0.1662,2,4,1,0
23,68563.79,665.95,479.0,0.3428,1,6,1,0
50,34221.02,,403.0,0.1908,1,4,1,0
31,15456.12,7361.69,250.0,0.1517,0,2,1,0
51,83199.28,1360.78,393.0,0.1175,2,2,0,0
57,56526.4,13970.12,315.0,0.633,0,7,0,0
66,35454.97,-5000.0,294.0,0.3188,1,2,1,1
46,16355.63,-1523.87,344.0,0.4824,2,1,0,0
18,96185.16,7500.56,274.0,0.5683,2,7,0,0
33,44388.7,9411.73,268.0,0.1257,2,7,0,0
66,79933.2,5580.98,65.0,0.0787,1,7,1,0
48,67340.84,1982.46,292.0,0.3315,1,2,1,0
53,31977.46,988.45,214.0,0.2451,1,5,0,0
44,32176.47,,118.0,0.193,1,7,1,0
27,81157.87,4923.16,232.0,0.142,0,3,0,1
69,81562.93,-3977.91,400.0,0.3188,2,4,1,0
62,8000.0,-4439.22,221.0,0.0765,2,7,1,0
74,58744.51,15107.69,228.0,0.3088,2,5,0,0
66,41969.63,-2750.09,116.0,0.1852,2,5,1,0
34,19166.92,5181.85,386.0,0.3756,2,6,1,0
32,51543.65,13807.25,59.0,0.3702,2,2,0,0
32,11260.08,,401.0,0.187,2,3,1,0
70,33338.62,-3061.14,447.0,0.3192,2,4,0,0
49,25038.16,-5000.0,85.0,0.3139,1,7,0,0
43,32505.22,17959.11,267.0,0.3463,1,4,1,0
73,43213.04,-5000.0,281.0,0.4679,2,4,0,0
52,19610.83,-1426.15,414.0,0.3102,0,7,1,0
69,84329.48,5980.03,156.0,0.209,1,7,0,0
74,57332.08,1248.97,322.0,0.5389,1,1,1,0
22,89864.08,7590.44,47.0,0.3604,1,1,1,0
38,40998.0,-5000.0,393.0,0.2857,1,1,0,0
59,31280.25,1316.8,363.0,0.2912,2,4,0,0
64,88960.39,8421.51,103.0,0.3828,0,1,1,0
26,30548.51,8448.58,60.0,0.3377,1,5,1,0
36,40542.7,-1579.63,50.0,0.2997,2,6,0,0
49,63001.19,-5000.0,398.0,0.2145,2,5,1,0
63,14056.85,4709.7,294.0,0.525,2,2,1,0
24,62782.37,-5000.0,178.0,0.2806,2,6,0,0
52,59583.68,13274.16,263.0,0.2308,1,2,1,0
34,76733.13,4259.27,268.0,0.3594,2,4,0,0
30,67251.11,-2574.49,46.0,0.0636,2,3,1,0
47,77499.46,-5000.0,210.0,0.2704,0,5,0,0
41,42239.45,-2064.45,293.0,0.3509,1,2,0,0
54,23433.24,-5000.0,291.0,0.086,2,6,1,0
36,97749.64,6958.23,87.0,0.429,2,7,0,0
64,8000.0,-3422.77,445.0,0.3034,2,2,1,0
22,9337.17,6197.37,51.0,0.1051,1,7,1,0
67,59128.2,7300.37,413.0,0.1143,2,4,1,0
19,85624.65,10727.98,472.0,0.1169,1,3,0,0
59,,5014.78,360.0,0.4629,1,3,1,0
37,69982.59,12001.87,266.0,0.1241,1,4,0,0
39,8000.0,14088.88,92.0,0.3587,2,6,1,0
19,32511.38,5065.72,158.0,0.3332,2,3,1,0
58,8000.0,5548.21,263.0,0.1318,1,5,1,1
27,64510.27,-1459.79,47.0,0.4477,1,7,1,1
55,8000.0,-4901.0,339.0,0.238,2,5,1,0
59,13054.53,13256.6,440.0,0.5879,2,3,1,0
66,57850.63,7845.95,356.0,0.28,2,1,1,0
58,71545.61,8494.63,452.0,0.3373,0,7,1,0
35,41025.8,-1725.68,227.0,0.2503,1,1,1,0
60,59254.31,15991.37,123.0,0.4901,2,2,0,0
65,58444.7,1171.09,8.0,0.047,0,4,0,0
36,39614.33,-3414.73,208.0,0.2585,0,3,0,0
25,17632.36,,55.0,0.4599,1,1,0,0
68,59122.29,15569.53,309.0,0.1386,0,1,1,0
26,60327.39,-5000.0,385.0,0.4018,2,1,1,0
51,67350.61,-3008.98,53.0,0.4973,1,4,1,0
31,52801.66,26188.07,247.0,0.5104,2,4,1,0
25,15787.5,10528.3,257.0,0.0239,2,1,1,0
62,62258.5,-2864.45,149.0,0.1508,0,7,1,0
26,44965.47,-5000.0,104.0,0.0905,2,2,1,0
56,32931.56,-5000.0,342.0,0.1101,0,2,1,0
57,37634.1,3776.91,108.0,0.2055,2,3,1,0
21,27743.57,8824.16,15.0,0.1103,2,3,0,0
27,67221.09,15150.39,289.0,0.376,1,7,1,0
63,9547.13,-5000.0,32.0,0.4527,1,2,1,0
46,20162.85,-5000.0,148.0,0.3884,2,2,1,0
24,36780.68,2043.6,41.0,0.2257,1,4,0,0
74,85343.77,25301.36,264.0,0.2718,2,1,1,0
33,71357.01,10087.22,104.0,0.4581,2,5,1,0
18,8000.0,5982.4,125.0,0.2905,2,6,1,0
70,78783.68,-5000.0,191.0,0.2307,0,1,1,1
18,78735.51,-5000.0,234.0,0.1346,2,5,1,0
49,15649.79,3310.8,345.0,0.308,0,5,1,0
74,,2205.04,447.0,0.2629,1,7,0,0
50,43194.46,857.54,289.0,0.155,1,2,1,0
51,73060.61,-43.47,232.0,0.1906,2,6,0,0
40,84781.55,-2986.83,280.0,0.6421,2,1,1,0
25,23229.32,-4821.14,240.0,0.2556,1,7,0,0
50,88799.48,14116.06,2.0,0.3425,1,4,0,0
69,8000.0,-4092.23,236.0,0.1118,2,6,1,1
23,35798.73,790.82,357.0,0.1356,2,6,1,0
68,34569.73,2687.38,411.0,0.365,2,7,1,0
41,73808.43,8650.24,44.0,0.1765,1,7,0,0
48,77457.56,-3814.64,327.0,0.2556,2,6,1,0
27,68855.59,10824.54,52.0,0.0048,1,5,0,0
53,11236.25,-1637.33,,0.4382,1,4,1,0
28,66565.48,1704.82,22.0,0.1527,2,5,1,0
33,57726.05,16144.79,56.0,0.383,2,1,1,0
59,8000.0,-4753.82,40.0,0.0644,2,6,1,0
20,8000.0,8767.24,277.0,0.2042,2,4,1,0
43,70949.73,11036.89,,0.153,2,4,0,0
51,40497.52,5479.18,,0.1729,2,6,0,0
25,12870.45,2059.75,350.0,0.2527,1,7,0,0
34,39795.7,20005.63,56.0,0.1373,2,4,1,0
37,54101.03,2889.24,450.0,0.074,2,2,1,0
55,42928.72,4632.62,241.0,0.5188,1,7,1,0
73,8000.0,307.79,15.0,0.1653,2,1,1,0
65,92138.92,4208.65,308.0,0.4009,2,7,0,0
28,70105.45,,338.0,0.2302,2,4,1,0
19,36615.56,797.56,192.0,0.3029,1,3,0,0
20,37622.63,-5000.0,343.0,0.1296,2,5,1,0
51,53987.18,7108.56,332.0,0.7212,2,5,1,0
26,16759.47,-5000.0,,0.1741,0,4,1,0
31,53066.91,8935.01,164.0,0.2523,0,2,0,0
66,11731.69,2989.4,479.0,0.3331,1,1,1,0
67,43236.64,10544.87,299.0,0.2899,2,4,0,0
65,15785.71,-4586.75,221.0,0.3777,1,1,0,0
32,17047.9,-1281.77,367.0,0.0232,2,2,0,0
53,86143.07,279.71,116.0,0.3641,2,5,0,0
52,46480.65,-5000.0,458.0,0.3855,2,5,1,0
28,50185.16,11891.36,353.0,0.2507,0,3,0,0
49,8000.0,-5000.0,306.0,0.3023,2,7,0,0
47,30074.96,11778.51,127.0,0.1963,1,2,0,0
40,56530.3,6395.19,168.0,0.1151,2,3,1,0
60,49853.41,1409.06,455.0,0.3716,2,1,1,0
56,8000.0,5760.93,346.0,0.4566,1,1,1,0
48,50178.45,5541.87,53.0,0.1967,0,2,1,1
59,54163.97,-203.42,386.0,0.3288,2,1,1,0
61,77094.05,5385.2,56.0,0.1982,2,6,0,0
50,28619.22,8849.47,199.0,0.2844,2,5,1,0
33,8000.0,-4557.46,200.0,0.4611,2,5,1,0
61,20080.73,5769.56,174.0,0.1443,2,6,1,0
58,17573.37,-5000.0,237.0,0.2049,2,6,0,0
74,,-5000.0,73.0,0.4874,0,1,1,1
26,8000.0,7516.21,317.0,0.1946,2,5,1,0
41,33791.09,-342.63,324.0,0.1655,2,4,0,0
70,80644.89,-3827.51,408.0,0.1586,2,3,1,0
47,45180.31,2575.8,,0.563,2,5,0,0
71,67407.92,-167.61,254.0,0.2903,1,4,1,0
18,,-4908.86,63.0,0.2012,2,6,1,1
20,8000.0,-5000.0,166.0,0.0714,2,3,1,0
63,80931.06,-5000.0,269.0,0.2498,2,5,1,0
38,47530.38,8910.34,199.0,0.4386,0,2,0,0
47,47581.86,-380.0,475.0,0.1105,0,6,0,0
42,17046.18,10756.39,133.0,0.4116,2,1,0,0
41,47519.54,-461.2,24.0,0.3481,2,7,1,0
71,,5839.76,416.0,0.0607,0,5,1,0
23,74671.76,1996.76,247.0,0.1496,1,2,0,0
62,113195.77,3355.57,34.0,0.5145,1,5,1,1
68,57098.53,3744.29,449.0,0.2355,1,3,1,0
55,29126.34,-565.65,99.0,0.0828,2,2,1,0
40,8000.0,-5000.0,460.0,0.0965,2,1,1,0
27,8000.0,9129.05,165.0,0.4545,2,1,1,0
56,83871.55,15748.37,164.0,0.6913,1,7,0,1
44,19270.2,16273.72,101.0,0.1525,1,7,1,1
26,35729.13,-1426.16,82.0,0.0549,2,5,0,0
38,61383.15,-2865.37,384.0,0.3196,2,1,1,0
72,82057.24,-1434.26,201.0,0.1222,0,7,1,0
33,40010.33,1593.3,267.0,0.3425,1,5,1,0
28,34883.33,2580.31,152.0,0.2634,1,1,1,0
56,46790.53,-4983.43,203.0,0.073,2,1,1,0
29,29309.05,-5000.0,231.0,0.2059,1,3,1,0
70,30654.52,3399.54,148.0,0.2062,0,4,0,0
66,55297.0,-5000.0,286.0,0.2354,0,7,1,0
74,49632.29,2194.75,223.0,0.1999,1,5,1,0
70,98290.13,-4557.98,368.0,0.302,0,4,1,0
31,55971.22,9241.24,373.0,0.3435,1,2,1,0
30,73778.64,11381.08,304.0,0.4579,2,6,0,0
37,18217.87,11569.97,49.0,0.3575,2,5,0,0
44,58128.93,228.42,428.0,0.4188,1,7,1,0
68,26925.47,-5000.0,333.0,0.1843,0,7,1,0
59,54886.33,-3516.74,353.0,0.0752,1,3,1,0
54,62212.86,5300.89,311.0,0.6257,2,6,0,0
68,46246.72,-5000.0,248.0,0.2292,1,3,1,0
54,105183.14,14148.4,270.0,0.104,2,2,1,0
39,80699.49,354.96,57.0,0.1272,2,7,0,0
41,74431.13,7001.39,441.0,0.1074,2,5,1,0
47,64107.15,-5000.0,385.0,0.2667,2,5,1,0
23,89084.02,-4407.86,436.0,0.2118,1,6,0,0
60,9075.77,-5000.0,342.0,0.4224,2,3,1,0
55,79257.08,11169.52,127.0,0.4726,2,6,1,0
59,20218.89,1718.36,161.0,0.3475,0,1,1,0
48,30891.52,7570.44,416.0,0.4801,2,5,1,0
62,59034.81,3507.31,111.0,0.3721,2,5,1,1
72,75830.5,6747.8,295.0,0.2468,0,5,1,0
50,16160.58,300.47,315.0,0.1372,1,6,0,0
43,32186.38,1371.64,87.0,0.2665,2,4,1,0
23,47438.3,2266.14,40.0,0.329,2,1,1,1
62,40340.85,6245.05,16.0,0.3805,2,4,0,0
69,66350.8,6456.95,377.0,0.0928,1,4,0,0
57,130898.19,25491.5,139.0,0.1871,2,5,1,0
67,55483.02,16452.82,108.0,0.2149,2,2,1,0
67,26620.09,-5000.0,436.0,0.3127,1,1,1,0
63,12587.29,1855.16,284.0,0.186,2,5,0,1
46,36868.65,-247.17,11.0,0.5159,2,2,1,0
23,21493.75,13241.04,145.0,0.2734,0,7,1,1
18,56688.74,474.02,228.0,0.3951,1,2,0,0
29,,6714.31,229.0,0.5245,2,2,0,0
42,33420.79,-5000.0,376.0,0.6161,2,7,0,0
60,94623.88,-5000.0,384.0,0.4821,2,2,0,0
43,26613.82,19738.35,15.0,0.1642,2,3,1,0
19,42014.22,3401.96,137.0,0.3894,0,1,1,0
29,,-4987.68,288.0,0.4627,1,5,1,0
73,67301.37,4942.97,15.0,0.4532,2,7,1,0
74,76939.41,-5000.0,273.0,0.2654,2,3,0,0
39,55712.41,733.01,37.0,0.2676,1,5,1,0
63,71272.82,-5000.0,275.0,0.3158,2,4,0,0
59,28372.3,-3309.77,35.0,0.2647,2,4,1,1
71,67952.05,-330.69,354.0,0.8778,2,2,1,0
68,67618.23,11965.59,220.0,0.1255,2,4,0,0
53,82822.17,6712.37,456.0,0.2688,1,6,1,0
40,8000.0,8108.19,39.0,0.209,2,4,1,0
53,22320.42,2793.8,417.0,0.2767,1,4,0,0
36,65578.52,9582.79,198.0,0.1921,1,7,1,0
37,8000.0,-3988.15,234.0,0.3507,1,4,1,0
52,57300.15,-2861.65,334.0,0.107,2,6,0,0
50,71495.11,6260.73,298.0,0.3663,2,7,1,0
51,30590.62,766.82,422.0,0.1833,0,5,1,0
39,34245.25,2889.23,399.0,0.5202,2,6,0,0
41,18146.57,1686.92,106.0,0.1199,2,1,0,0
18,31961.32,13027.6,131.0,0.1888,1,4,0,0
52,32685.79,13444.42,420.0,0.2543,1,7,0,0
50,27928.97,-2009.33,388.0,0.6644,0,2,1,0
71,26558.05,-5000.0,469.0,0.3228,2,4,0,0
46,38224.88,-2691.98,439.0,0.5815,1,2,0,0
44,37922.39,-4175.68,300.0,0.4066,2,1,1,0
21,91853.3,9653.99,461.0,0.2972,2,5,1,0
29,35145.37,10363.98,353.0,0.1646,2,6,0,0
37,53603.76,-5000.0,425.0,0.2276,2,5,0,0
39,30577.93,-3036.04,231.0,0.3242,2,6,1,0
38,30260.11,-5000.0,463.0,0.2705,0,1,1,0
40,8000.0,4075.03,35.0,0.2692,2,5,1,0
61,8000.0,2640.67,435.0,0.4312,2,2,1,0
25,14825.04,9312.97,460.0,0.2664,0,3,1,0
36,49592.42,6977.05,378.0,0.1404,1,4,0,0
27,71904.34,7881.62,453.0,0.176,2,4,1,0
35,8000.0,-5000.0,201.0,0.3228,1,2,0,0
57,31273.08,-2010.61,154.0,0.0576,2,5,1,0
20,,10591.18,64.0,0.4143,1,5,1,0
37,38393.07,-1308.61,93.0,0.0549,2,1,1,1
19,71894.24,-5000.0,415.0,0.3997,2,6,1,0
72,33827.94,9463.92,31.0,0.1213,2,3,1,0
59,43812.08,-1618.12,96.0,0.5113,2,3,0,0
31,81380.71,11501.1,238.0,0.3842,0,7,0,0
29,56447.52,2852.68,172.0,0.1475,1,7,0,0
23,25997.7,782.24,443.0,0.5063,2,2,0,0
44,48972.88,13905.53,14.0,0.4658,2,2,0,0
60,24311.27,-5000.0,19.0,0.7473,0,3,0,1
51,55512.05,14473.77,130.0,0.178,1,2,1,0
68,57883.5,-2114.85,293.0,0.2261,2,1,0,0
37,10821.01,4298.96,170.0,0.3215,2,4,1,0
33,49378.74,4374.56,401.0,0.058,1,2,1,0
45,42060.67,-416.96,46.0,0.3655,2,4,0,0
29,58616.93,-3096.9,182.0,0.227,1,4,0,0
73,65783.68,41.42,311.0,0.5508,1,3,1,0
28,56936.24,-5000.0,293.0,0.3155,2,7,0,0
45,37420.17,18695.69,248.0,0.0972,2,2,1,0
47,68333.25,-849.05,213.0,0.4051,1,5,1,0
21,23173.43,12271.58,45.0,0.0466,0,3,1,0
44,11986.95,11217.38,,0.2568,2,5,1,0
43,8000.0,5903.44,26.0,0.1326,2,4,1,0
32,43246.48,1914.57,242.0,0.3078,1,6,1,0
25,24461.34,4550.25,424.0,0.1572,0,7,1,0
20,54943.86,7577.36,42.0,0.6169,2,5,0,0
18,8000.0,3803.75,31.0,0.0661,2,1,1,0
45,28820.54,-5000.0,328.0,0.2682,1,1,0,0
23,56756.75,-5000.0,,0.2723,2,3,1,0
72,19254.1,15071.91,148.0,0.3482,1,5,0,0
31,55231.42,-5000.0,8.0,0.2267,2,5,0,0
55,31074.44,4565.48,385.0,0.3839,2,6,1,0
56,44179.79,1120.18,316.0,0.2191,1,5,0,0
46,59878.95,4286.41,281.0,0.3685,0,6,1,0
68,68819.93,-5000.0,112.0,0.6621,0,6,0,0
24,47312.31,5805.42,448.0,0.4702,1,2,1,0
31,24649.74,4648.13,30.0,0.2107,1,3,0,0
32,33549.03,25088.09,354.0,0.112,0,5,1,0
25,60923.88,4039.84,349.0,0.8488,1,2,0,0
34,19468.66,13785.88,347.0,0.401,2,2,1,0
35,40548.34,-5000.0,288.0,0.1635,2,1,0,0
61,35352.9,11160.76,146.0,0.4435,2,1,0,0
35,42415.96,4810.19,218.0,0.7071,2,1,0,0
67,19767.94,5157.91,212.0,0.3625,1,1,1,0
62,8000.0,5268.55,415.0,0.218,1,4,1,0
69,58018.57,16650.71,357.0,0.2005,2,4,1,0
23,69103.29,5040.84,228.0,0.5863,2,5,0,0
74,8000.0,-3272.98,346.0,0.1109,1,1,1,0
52,54223.15,-1927.5,465.0,0.1722,2,6,1,0
73,72079.57,9537.02,332.0,0.4602,2,1,1,0
38,59897.78,6579.64,171.0,0.3498,1,2,1,0
72,34583.25,-5000.0,3.0,0.4138,1,4,1,0
51,21412.59,7117.13,421.0,0.3014,2,4,1,0
22,47024.45,-5000.0,8.0,0.5235,1,7,1,1
41,51194.63,6506.06,,0.2283,2,7,0,0
25,47395.19,-3444.43,32.0,0.2909,2,6,1,0
71,40496.63,748.15,422.0,0.3555,1,6,0,0
35,17933.71,-1358.47,15.0,0.2539,0,4,1,1
30,55567.21,15151.3,328.0,0.3251,0,1,1,0
49,56771.36,6214.78,370.0,0.4485,2,1,1,0
42,50020.55,13088.9,351.0,0.2004,2,5,0,0
23,47774.84,26161.7,262.0,0.671,1,4,0,0
64,86981.24,3374.44,283.0,0.475,2,7,0,0
66,29390.53,15015.92,242.0,0.2865,1,2,0,0
60,77035.88,-2595.65,363.0,0.604,2,5,1,0
53,26649.39,13039.02,41.0,0.7331,1,1,1,0
40,72723.76,-3460.07,427.0,0.1336,1,1,1,0
48,75834.19,2852.68,371.0,0.5786,1,1,1,0
47,37673.72,7295.02,464.0,0.0515,0,2,1,0
27,86524.08,8553.85,44.0,0.2358,2,4,0,0
22,56725.9,-5000.0,100.0,0.2929,2,5,1,1
32,23068.19,-3936.18,106.0,0.5239,2,2,1,0
43,35646.09,7891.6,197.0,0.0685,1,6,0,0
27,73319.06,58.27,393.0,0.2759,2,3,1,0
24,68076.62,-5000.0,377.0,0.5495,1,6,1,0
66,18548.99,2432.19,332.0,0.3051,2,4,1,0
39,41518.57,2048.23,190.0,0.0631,2,5,1,0
51,50088.07,4415.32,44.0,0.2219,2,7,1,1
47,32309.89,7233.93,333.0,0.5168,0,4,0,0
59,103944.99,6725.21,35.0,0.2677,1,1,1,1
60,50841.59,-3145.38,97.0,0.2524,2,1,1,0
34,43454.7,-286.63,195.0,0.4973,1,3,1,0
66,74771.28,10422.31,372.0,0.459,1,2,0,0
39,35869.66,-1345.48,289.0,0.1575,2,7,1,0
65,70185.69,-160.74,49.0,0.1846,2,5,1,0
41,8000.0,-5000.0,118.0,0.1185,1,3,0,0
24,33658.65,2770.56,407.0,0.3803,1,5,1,0
61,71226.76,5762.16,280.0,0.1865,1,5,1,0
19,84254.94,-5000.0,315.0,0.0303,0,1,0,0
62,25667.61,-5000.0,172.0,0.0339,1,6,1,0
20,22754.46,-5000.0,391.0,0.4888,0,4,1,0
29,59186.16,9306.82,282.0,0.2932,1,6,1,0
52,29424.15,-5000.0,38.0,0.158,1,5,1,0
71,38285.55,2370.52,348.0,0.2616,2,5,0,0
41,66910.13,8742.9,,0.4211,2,7,1,0
24,31397.45,4502.57,404.0,0.2308,1,2,0,0
31,8000.0,-519.67,306.0,0.4418,0,2,0,0
69,12472.89,5771.75,94.0,0.3793,2,5,1,0
59,45248.89,11295.79,14.0,0.3427,1,2,1,0
23,8000.0,2139.11,40.0,0.2535,2,6,1,0
39,37570.99,-5000.0,118.0,0.1668,1,7,1,0
33,10197.59,12181.86,56.0,0.1825,2,3,0,0
28,85998.48,6202.12,316.0,0.3362,2,4,1,0
66,99128.56,2735.39,79.0,0.6918,2,7,1,0
53,18545.07,-5000.0,214.0,0.4289,2,7,0,0
28,51418.97,613.53,155.0,0.2892,2,4,1,0
55,20989.91,-4003.82,315.0,0.4296,1,5,0,0
41,37267.11,-5000.0,13.0,0.3732,1,6,0,1
21,90086.73,,193.0,0.1063,1,5,1,0
43,33332.79,-1287.74,399.0,0.1509,1,1,1,0
28,37849.06,-760.79,118.0,0.0375,0,5,1,1
31,21436.77,8917.01,407.0,0.4571,2,2,1,0
68,73654.73,5044.58,82.0,0.211,2,7,1,0
58,8000.0,-964.12,342.0,0.2465,2,7,1,0
25,33930.07,-1979.05,135.0,0.1905,1,4,1,0
66,43852.85,-638.87,171.0,0.2301,2,1,1,0
50,28473.07,1020.45,250.0,0.3066,1,1,1,0
67,66588.64,7672.4,339.0,0.2838,1,1,0,0
60,75050.68,-5000.0,252.0,0.2311,2,1,1,0
37,9699.01,14667.51,275.0,0.2994,0,7,0,0
48,97337.17,7678.18,138.0,0.1333,2,2,1,0
48,9418.53,-5000.0,317.0,0.0491,1,1,1,0
59,77215.77,3682.79,34.0,0.2397,1,4,0,0
32,48745.69,11325.89,42.0,0.2004,1,5,0,1
36,32407.47,6109.65,76.0,0.1601,2,6,1,1
31,34765.83,,419.0,0.1528,2,4,0,0
34,44162.18,2511.27,294.0,0.1377,1,3,1,0
27,50210.45,4426.56,167.0,0.2738,0,4,1,0
20,21996.14,9156.71,300.0,0.3788,1,5,1,0
71,39151.5,-5000.0,129.0,0.4816,2,5,1,1
22,25733.18,-1840.15,351.0,0.4194,2,2,1,0
68,14623.76,16108.63,187.0,0.2383,1,1,0,0
18,24567.21,3263.58,297.0,0.1663,2,1,1,0
62,16250.63,15223.22,118.0,0.1129,1,6,1,0
36,34496.13,26884.74,16.0,0.2679,2,6,1,1
47,55811.87,-936.28,477.0,0.2952,2,5,0,0
34,48017.76,-5000.0,313.0,0.3971,2,1,0,0
45,94358.62,875.75,310.0,0.2243,0,5,0,0
43,8000.0,11791.94,289.0,0.4463,0,5,0,0
48,56733.52,12911.17,430.0,0.1319,1,5,1,0
40,45160.51,21175.82,8.0,0.3944,2,4,1,0
48,65391.76,2705.56,456.0,0.2055,1,4,1,0
65,62911.63,6904.45,220.0,0.3613,1,1,1,0
42,40875.21,-2694.16,278.0,0.0927,1,1,1,0
38,49316.28,-5000.0,450.0,0.5181,1,6,1,0
25,26398.27,2682.78,384.0,0.5843,2,4,1,0
38,60342.0,-5000.0,168.0,0.3685,1,1,1,0
25,8000.0,8146.86,434.0,0.3904,1,5,1,0
28,64420.66,-5000.0,39.0,0.0778,1,3,1,0
72,44420.66,-2914.66,72.0,0.4297,1,4,1,0
23,32823.45,5141.43,109.0,0.0846,0,2,1,0
45,39186.67,5978.9,129.0,0.1481,1,1,0,1
65,41020.09,2620.49,323.0,0.3351,0,1,1,0
72,77432.59,17938.76,192.0,0.3944,1,7,0,0
26,125837.34,15555.71,408.0,0.4756,1,3,0,0
27,75496.77,-2474.62,298.0,0.2007,2,1,1,0
39,30866.86,15875.28,290.0,0.096,1,4,1,0
49,60744.55,17097.61,368.0,0.2105,1,2,0,0
72,61833.23,2008.78,196.0,0.3023,1,4,0,0
29,21870.98,3363.22,165.0,0.1142,2,7,0,0
27,13480.02,2594.23,51.0,0.453,0,1,0,0
32,43417.98,-2160.0,404.0,0.1392,1,1,1,0
67,,-1365.34,111.0,0.3515,1,3,0,0
19,8000.0,13554.58,,0.5869,1,5,1,0
39,26977.55,6499.01,379.0,0.3661,2,5,1,0
24,59316.29,-1433.52,178.0,0.4232,2,5,0,0
26,46043.09,-4407.97,78.0,0.1281,2,1,1,0
70,80406.84,-3064.88,326.0,0.2659,1,1,1,0
18,9715.81,1689.16,156.0,0.2267,2,3,0,0
36,103804.12,10305.36,408.0,0.6361,1,4,1,0
70,8000.0,-3880.65,213.0,0.3463,2,3,1,0
52,8000.0,10213.62,161.0,0.2247,2,4,1,1
22,43527.18,4575.65,348.0,0.0765,0,4,1,1
44,16638.53,4142.74,185.0,0.4567,2,6,0,0
73,44031.11,11206.37,382.0,0.2106,1,2,1,0
40,43156.83,9746.87,332.0,0.3434,2,1,1,0
48,40105.64,-5000.0,424.0,0.5881,1,7,0,0
48,23939.72,-5000.0,206.0,0.2332,0,3,0,0
55,55816.4,1163.87,41.0,0.3212,2,3,1,0
28,37066.57,5847.78,85.0,0.4136,1,6,0,0
65,72591.62,13916.61,2.0,0.0717,1,3,0,0
74,40490.69,3520.54,409.0,0.0805,0,6,0,0
26,20883.81,16629.57,116.0,0.1403,2,2,1,0
64,8000.0,-2653.4,96.0,0.2986,2,4,1,0
64,40697.26,-1300.63,290.0,0.1922,0,4,0,0
60,13269.89,554.54,118.0,0.0648,2,7,0,0
39,11250.95,-3537.82,,0.3763,0,5,1,0
44,58186.43,12275.24,416.0,0.2922,1,7,1,0
65,8000.0,-5000.0,216.0,0.3906,2,4,1,0
26,80304.83,-1028.55,308.0,0.3567,1,3,1,0
65,48992.91,12185.66,185.0,0.1063,1,2,0,0
70,43903.93,501.45,207.0,0.162,1,2,0,0
56,19130.85,11583.09,230.0,0.2745,2,6,0,0
37,64109.31,20581.47,183.0,0.3077,2,3,1,0
49,44927.38,3643.08,209.0,0.293,1,3,1,0
20,27847.58,12351.47,87.0,0.0939,0,7,1,0
71,49995.62,22353.1,312.0,0.3176,2,1,1,0
37,8000.0,6216.73,32.0,0.1238,2,1,1,0
21,8000.0,2615.49,436.0,0.3528,2,7,1,0
63,16995.35,10219.72,436.0,0.2536,1,4,0,0
55,53738.18,12473.73,99.0,0.1107,1,6,1,0
53,44918.54,2689.48,21.0,0.1197,2,1,0,0
21,71224.48,-870.75,230.0,0.3807,1,3,1,0
60,22000.25,16739.16,29.0,0.4402,2,1,0,1
54,59366.7,835.08,,0.242,2,5,1,0
63,42153.24,12549.83,361.0,0.2984,2,5,0,0
65,21423.87,5102.94,148.0,0.1583,2,2,1,0
30,54632.69,17615.72,428.0,0.3224,0,5,1,0
30,43349.7,-3792.37,6.0,0.7245,2,2,1,0
70,29272.02,-3807.84,340.0,0.3439,1,7,1,0
48,46049.98,9835.89,241.0,0.4651,2,3,1,0
42,41761.74,-5000.0,116.0,0.0958,0,4,1,0
34,41157.8,3933.03,206.0,0.274,2,3,0,0
54,34685.17,,129.0,0.1146,2,5,0,0
60,12376.29,-5000.0,297.0,0.0698,2,6,1,0
18,46869.14,6217.11,461.0,0.1587,2,7,1,0
49,24932.14,12693.96,240.0,0.5038,0,5,0,1
74,19491.78,2792.74,336.0,0.209,2,1,0,0
33,38982.5,-4416.74,293.0,0.1754,1,6,1,0
34,63350.66,899.14,397.0,0.2298,2,6,1,0
68,49640.34,-3708.16,270.0,0.2681,0,5,1,0
21,,3553.27,214.0,0.1971,2,1,0,0
40,30716.35,786.36,57.0,0.2635,2,6,1,0
44,60895.33,,372.0,0.5301,2,1,1,0
63,8000.0,6729.18,431.0,0.3846,0,7,0,0
25,64934.12,15632.92,470.0,0.3258,2,1,0,0
42,8000.0,5622.57,350.0,0.7609,1,1,1,1
26,9614.8,13749.32,171.0,0.2479,2,4,1,0
62,32143.35,15630.6,337.0,0.3484,1,6,0,0
54,99253.1,-1693.12,153.0,0.4528,2,7,1,0
46,86935.48,5198.87,431.0,0.5206,1,2,1,0
40,62662.19,-399.58,20.0,0.4153,1,1,1,0
26,53913.56,-5000.0,431.0,0.3022,2,3,0,0
70,8000.0,5846.09,353.0,0.3533,1,5,1,0
54,48918.95,-5000.0,426.0,0.3153,2,4,0,0
36,31269.46,6874.43,115.0,0.1001,2,6,1,0
41,24583.27,-5000.0,243.0,0.2338,2,7,1,0
59,48870.08,4367.94,121.0,0.5296,1,3,1,0
59,33222.25,-5000.0,341.0,0.4927,2,1,1,0
44,66732.49,8390.92,303.0,0.3195,1,1,0,0
35,8000.0,-147.04,331.0,0.5027,1,4,1,0
55,46875.29,-918.34,354.0,0.2486,0,4,1,1
55,23022.57,12012.04,21.0,0.163,2,5,1,0
52,34759.1,427.44,195.0,0.2238,0,1,0,0
22,52615.66,3886.82,121.0,0.4627,2,6,1,0
44,17067.3,1411.07,453.0,0.243,2,4,1,0
52,49105.8,7059.14,254.0,0.3971,0,2,1,0
72,39691.54,11343.56,77.0,0.2294,1,6,0,0
47,28485.33,9685.08,188.0,0.0527,2,7,1,0
37,33235.69,-733.35,253.0,0.061,0,7,0,0
49,41136.2,12672.38,155.0,0.0235,2,6,1,0
28,25804.09,-4330.81,296.0,0.3824,2,5,1,0
23,45177.36,-2939.86,369.0,0.1366,1,3,1,0
56,38045.58,1977.59,296.0,0.1336,2,3,1,0
74,29717.94,11374.4,277.0,0.6347,2,4,0,0
66,84746.06,-5000.0,315.0,0.2466,1,4,1,0
51,55381.0,10131.87,138.0,0.1672,1,5,0,0
20,35432.19,2562.02,304.0,0.1487,1,2,0,0
74,48646.51,-469.87,24.0,0.4558,0,3,1,0
43,19329.5,11782.45,380.0,0.1691,1,1,0,0
34,34080.71,-3421.37,182.0,0.3136,0,7,1,0
68,36998.06,21285.41,390.0,0.298,1,6,1,0
60,13830.15,1586.87,121.0,0.436,2,5,0,0
60,54683.85,4198.73,469.0,0.2654,0,3,1,0
33,32359.68,15343.24,249.0,0.2497,2,2,1,0
74,36113.33,4407.44,451.0,0.205,2,3,0,0
43,30782.0,12510.95,140.0,0.1012,2,7,1,0
48,118977.26,-5000.0,249.0,0.3154,1,5,0,0
60,28434.62,-540.78,342.0,0.1853,1,6,1,0
55,8000.0,6173.87,338.0,0.6471,2,5,0,0
27,8000.0,11651.35,121.0,0.3303,2,7,0,0
35,63982.57,9157.57,193.0,0.5759,2,3,0,1
38,78411.32,8408.26,110.0,0.251,2,5,1,0
72,27955.07,11488.46,312.0,0.2768,1,2,1,0
58,76973.74,6800.16,199.0,0.2005,1,3,1,0
38,63539.75,-5000.0,3.0,0.6436,2,1,1,1
59,40263.0,14537.63,140.0,0.2963,2,5,1,0
60,38488.84,-3701.32,176.0,0.1326,1,7,1,0
40,49521.76,5509.0,269.0,0.3441,2,2,1,0
40,66936.4,4448.04,438.0,0.2993,1,1,1,0
68,54932.36,3378.62,472.0,0.1149,2,4,0,0
50,28079.79,-5000.0,324.0,0.4774,2,7,1,0
26,40644.82,-5000.0,434.0,0.1946,0,5,0,0
59,94531.59,-5000.0,8.0,0.3822,1,2,1,1
51,51280.34,9609.91,412.0,0.3016,2,3,1,0
47,66733.14,-5000.0,250.0,0.1558,2,3,1,0
59,58497.12,-4042.25,178.0,0.3509,2,1,0,1
69,51833.94,6344.37,175.0,0.549,0,4,1,0
36,47717.47,-5000.0,167.0,0.5132,1,7,1,0
41,67434.77,-1344.39,388.0,0.3936,0,5,1,0
28,62966.06,3654.57,220.0,0.1526,0,6,0,0
54,51597.34,5261.14,55.0,0.4025,1,1,0,0
40,27655.94,-5000.0,432.0,0.5573,1,7,1,0
37,54638.97,4127.54,289.0,0.1955,2,6,0,0
57,43324.8,6190.84,187.0,0.2032,2,5,0,0
41,37293.6,-5000.0,341.0,0.4621,2,6,1,0
44,111969.4,4718.74,168.0,0.2475,1,1,1,0
43,8000.0,-2732.67,,0.2291,1,4,1,0
32,68962.82,3991.32,3.0,0.3739,0,2,0,0
25,23433.23,8784.63,131.0,0.3524,1,4,1,0
65,48279.89,1589.93,164.0,0.1357,2,2,1,0
23,109214.69,10307.32,380.0,0.2863,2,1,1,1
36,20940.78,9326.51,362.0,0.2259,2,2,0,0
56,26903.18,10262.64,380.0,0.197,2,4,0,0
25,44562.16,6224.88,229.0,0.2518,1,5,1,0
55,23819.58,11806.14,173.0,0.3495,2,3,0,0
59,67101.41,6080.76,253.0,0.1806,2,7,1,0
55,31636.76,-5000.0,128.0,0.1625,2,3,1,0
35,61350.24,-3336.57,253.0,0.055,1,6,1,0
19,11770.27,1309.94,318.0,0.5505,2,7,0,0
68,8000.0,2302.22,465.0,0.5591,2,3,0,0
36,39275.38,5861.91,176.0,0.3339,2,7,1,0
63,8000.0,-3455.62,54.0,0.7379,2,3,0,1
29,82956.72,19069.67,165.0,0.3158,1,4,1,0
27,8000.0,2180.33,396.0,0.0369,0,5,1,0
62,19057.83,2938.5,216.0,0.3479,1,2,1,1
71,55340.5,-2365.99,199.0,0.2597,1,4,1,0
67,30340.9,-5000.0,219.0,0.173,2,2,1,0
60,8000.0,,121.0,0.4612,1,6,1,1
32,95999.1,3220.41,398.0,0.146,2,6,0,0
70,,2304.77,322.0,0.3204,2,6,0,0
56,40093.55,16241.25,457.0,0.1,0,7,1,0
27,39770.19,1989.53,47.0,0.2364,0,4,0,1
25,62757.73,2312.57,342.0,0.4949,2,1,0,0
67,56558.81,9522.36,38.0,0.4428,2,5,1,1
33,24329.97,1631.47,42.0,0.2545,2,7,1,0
61,36854.32,7314.71,405.0,0.1013,1,5,1,0
25,39326.94,-5000.0,162.0,0.6512,1,4,1,1
33,63723.99,-5000.0,151.0,0.1618,0,2,0,1
34,15791.95,3976.47,91.0,0.2437,1,1,1,0
34,95452.76,1147.06,52.0,0.2207,2,7,1,1
56,26020.42,-3472.2,318.0,0.1842,1,1,1,0
70,44781.27,3974.81,251.0,0.2428,0,6,0,0
69,16000.26,4672.8,287.0,0.2302,2,6,1,0
60,12546.02,-2679.18,74.0,0.493,2,1,1,0
29,23139.29,-1150.37,471.0,0.3084,1,5,1,0
72,20736.92,4732.93,3.0,0.294,0,4,1,0
48,34643.57,-5000.0,214.0,0.3389,2,3,0,0
49,20525.87,-1832.26,250.0,0.3575,2,7,0,0
57,62388.81,7271.48,50.0,0.478,1,5,1,0
61,25425.4,2809.31,277.0,0.0662,2,4,1,0
72,22654.61,-817.62,287.0,0.1134,1,5,1,0
51,35175.78,-4224.55,254.0,0.0184,1,6,0,0
52,69820.97,-5000.0,176.0,0.0725,0,7,1,0
60,50371.9,1945.96,446.0,0.3878,2,1,0,0
32,42507.76,19206.5,85.0,0.1445,1,3,1,0
35,9173.88,7526.29,357.0,0.1404,2,2,1,0
53,16432.29,-5000.0,178.0,0.2094,2,5,1,0
21,13039.75,8657.73,185.0,0.3855,0,2,0,1
36,77671.28,-3071.09,114.0,0.2417,1,4,0,0
58,58264.08,2961.14,323.0,0.2551,1,4,1,0
73,23459.49,-1710.88,94.0,0.2915,1,6,1,0
47,30890.71,19182.04,178.0,0.5006,1,6,0,0
40,24367.75,-5000.0,232.0,0.3682,2,7,1,0
43,22853.47,5508.9,4.0,0.1114,2,5,1,0
57,56507.53,-2482.59,388.0,0.4008,2,1,1,0
49,37811.59,8910.62,159.0,0.3516,1,6,1,0
19,97029.19,5347.63,425.0,0.4741,2,3,1,0
48,76259.0,13036.42,311.0,0.2394,2,7,0,0
40,77737.01,8744.94,124.0,0.1665,0,2,0,0
57,61783.92,-2548.27,317.0,0.3727,1,2,1,0
67,34433.52,26329.62,215.0,0.247,2,5,0,0
72,59944.77,7443.41,,0.2477,2,6,1,0
52,36279.18,-1405.3,404.0,0.3165,1,6,1,0
38,85756.9,4644.32,307.0,0.5582,1,1,0,0
43,55106.98,8046.67,474.0,0.4064,2,7,1,0
28,51559.01,7742.36,445.0,0.5076,2,4,1,0
71,48176.82,6968.22,407.0,0.2543,0,6,1,0
66,88506.66,10731.86,223.0,0.3683,2,2,1,0
66,9156.24,9945.37,237.0,0.1544,1,5,1,0
36,90957.2,-3780.53,423.0,0.3346,0,1,1,0
36,40346.15,19864.43,417.0,0.0986,2,2,0,0
66,9846.28,18751.1,177.0,0.31,2,4,1,0
49,26194.76,9407.72,339.0,0.0408,2,6,1,0
58,8000.0,3309.57,287.0,0.0552,2,2,1,0
45,61341.42,3447.09,54.0,0.2486,1,3,0,0
43,19042.68,409.88,59.0,0.1621,1,4,1,0
54,49216.69,1444.93,40.0,0.3143,2,4,1,0
64,73355.43,-5000.0,122.0,0.3655,2,6,0,0
37,28199.58,15242.11,449.0,0.1374,1,6,0,0
64,38297.41,12419.63,152.0,0.2731,1,5,1,0
31,12415.83,-5000.0,443.0,0.2418,0,4,1,0
40,35291.07,10119.9,211.0,0.4511,2,2,0,0
70,109350.59,2938.28,220.0,0.4954,1,5,1,0
72,64448.33,1407.63,,0.21,2,3,0,0
70,38381.74,6942.73,317.0,0.5136,1,7,1,0
36,29707.8,-5000.0,282.0,0.2777,1,7,0,0
66,43934.17,2910.01,146.0,0.1764,0,3,0,0
71,48251.27,3635.85,376.0,0.1177,1,1,1,0
73,34523.26,3643.59,336.0,0.2614,0,2,0,0
19,58251.48,-5000.0,341.0,0.2801,2,1,0,0
60,,6575.33,214.0,0.6656,1,6,1,0
74,21040.31,11478.52,310.0,0.5152,2,5,1,0
61,54254.89,6258.65,167.0,0.4241,1,4,0,0
31,15783.96,1166.5,479.0,0.4164,2,7,1,0
61,63225.43,24512.32,211.0,0.4083,1,5,1,0
23,44642.98,-4396.6,,0.0946,1,5,0,1
45,8000.0,9187.61,218.0,0.347,1,7,1,0
53,47737.48,4946.19,451.0,0.3852,2,1,1,0
44,8000.0,19098.5,452.0,0.4689,2,7,0,0
57,62334.05,6094.0,170.0,0.2476,2,6,1,0
31,38782.14,7809.24,424.0,0.0912,1,2,0,0
52,91277.11,7045.74,,0.4971,1,4,1,0
54,71782.82,,93.0,0.2583,0,4,1,0
54,18482.69,-3951.04,106.0,0.0162,2,2,1,0
34,8000.0,794.66,133.0,0.2152,2,4,1,0
35,26122.47,10659.06,140.0,0.4059,1,2,1,0
32,14468.53,4864.77,143.0,0.6202,1,6,1,0
44,90643.45,1346.12,183.0,0.368,2,3,1,0
51,44742.13,13977.6,5.0,0.3439,0,2,0,1
38,68335.47,-5000.0,181.0,0.3631,1,1,1,0
41,37874.23,-5000.0,254.0,0.2368,1,1,0,0
34,40508.31,-5000.0,192.0,0.3284,2,2,0,0
30,44184.32,12666.48,231.0,0.2441,2,6,1,0
55,72663.48,2226.19,108.0,0.4324,2,7,1,0
64,52790.62,10730.33,59.0,0.0959,2,7,0,0
34,18566.65,2125.93,432.0,0.3502,2,7,1,0
67,85562.85,11185.47,475.0,0.356,1,1,1,0
50,37679.61,1985.98,195.0,0.2309,2,5,0,0
27,33612.0,6279.29,365.0,0.1808,0,1,1,0
38,8000.0,5108.11,67.0,0.6268,1,2,1,0
18,60859.99,5701.66,87.0,0.3134,0,6,1,1
20,47525.32,16477.9,249.0,0.2052,0,4,0,0
37,47498.14,-5000.0,338.0,0.0277,2,7,1,0
43,34929.38,2452.93,336.0,0.4507,2,5,0,0
63,30619.55,4583.9,163.0,0.3197,2,4,1,0
25,35760.49,,420.0,0.3501,1,7,1,0
65,56579.02,-183.08,303.0,0.1343,1,4,1,0
31,60977.94,-1277.73,152.0,0.5066,2,5,0,0
25,39224.21,15240.12,225.0,0.4018,2,4,0,0
57,68723.44,2434.23,143.0,0.4892,2,3,0,0
62,43025.65,22503.57,66.0,0.0653,2,5,1,0
52,32394.34,7226.2,2.0,0.121,1,6,1,0
24,49960.39,682.76,220.0,0.0401,2,5,1,0
24,11015.34,7421.43,2.0,0.3057,0,2,1,1
40,50817.96,3871.46,461.0,0.3049,1,1,1,0
43,8000.0,13735.99,421.0,0.2098,0,3,1,0
74,19306.83,-5000.0,359.0,0.5118,2,4,0,0
34,8000.0,-5000.0,360.0,0.5041,0,7,1,0
28,40622.08,5887.85,300.0,0.3868,0,2,1,0
71,85240.84,9685.57,351.0,0.1373,1,2,1,0
26,42073.08,5287.24,404.0,0.5734,2,3,1,0
19,,8379.8,246.0,0.1164,2,6,1,0
42,103807.85,7203.49,397.0,0.1554,1,4,1,0
40,55101.4,-5000.0,113.0,0.3159,1,3,0,0
53,25869.7,5249.92,426.0,0.1212,1,3,1,0
68,29310.78,13534.25,339.0,0.4194,2,2,1,0
71,45016.46,4374.14,52.0,0.3382,2,2,1,0
34,29177.63,-5000.0,87.0,0.2455,1,6,1,0
73,31047.83,329.14,62.0,0.3085,0,3,1,0
54,69631.35,7454.05,,0.393,2,2,1,0
21,70653.91,17365.04,383.0,0.3734,1,6,0,0
71,8000.0,-5000.0,396.0,0.3638,2,2,1,0
25,24545.76,5889.86,477.0,0.2499,2,5,0,0
51,33399.89,-4457.66,61.0,0.1387,2,3,0,1
63,59977.22,7061.82,270.0,0.3801,2,2,0,0
32,73576.89,7702.65,394.0,0.1613,2,1,0,0
33,112549.2,1134.82,462.0,0.3848,1,6,0,0
45,33358.17,8052.79,47.0,0.2613,2,3,1,0
68,34606.78,12119.17,318.0,0.0667,1,7,1,0
30,59714.25,1683.43,38.0,0.0607,1,3,1,0
55,27944.58,-5000.0,40.0,0.2381,2,2,1,0
43,41475.95,14404.58,400.0,0.0335,0,5,1,0
24,34624.05,9629.56,444.0,0.2728,0,6,1,0
58,8000.0,7510.05,88.0,0.139,1,5,1,0
65,48080.83,-2527.73,402.0,0.3939,2,1,0,0
50,40440.98,10883.49,437.0,0.4895,2,7,0,0
28,76780.78,19339.41,257.0,0.3252,2,7,1,0
26,45137.26,2029.52,82.0,0.3839,1,2,0,0
42,13631.31,3755.94,357.0,0.1386,1,1,1,0
46,38547.53,-5000.0,263.0,0.5962,2,2,0,0
49,8000.0,-2756.34,168.0,0.0711,2,7,1,0
31,14727.05,-5000.0,415.0,0.488,1,7,0,0
46,60887.65,4046.58,295.0,0.3347,1,4,1,0
34,38816.49,273.77,126.0,0.4556,1,7,1,0
57,68062.71,5982.4,198.0,0.2174,1,3,1,0
63,8000.0,-4135.21,148.0,0.1493,0,1,0,0
55,38938.47,1659.55,253.0,0.4937,2,7,1,0
18,33112.19,-4628.29,130.0,0.1215,2,3,0,1
74,68896.21,4500.57,305.0,0.385,2,6,0,0
19,61819.07,-5000.0,215.0,0.2775,2,4,1,0
74,61056.3,4212.63,25.0,0.2577,1,6,1,0
19,83535.25,770.16,2.0,0.2457,1,6,1,1
47,35797.82,4447.71,46.0,0.1031,0,5,1,0
24,78377.02,-5000.0,77.0,0.5354,0,3,0,0
23,18894.85,8237.73,39.0,0.4984,2,5,1,1
56,17978.06,610.06,317.0,0.2328,0,5,1,1
59,63818.66,4736.9,285.0,0.424,2,5,1,0
24,8000.0,-5000.0,10.0,0.09,1,1,0,0
73,59319.14,-5000.0,198.0,0.1358,0,6,0,0
36,47532.83,-121.23,140.0,0.707,2,5,0,0
36,71796.32,,240.0,0.2473,2,2,1,0
34,43513.9,7218.17,280.0,0.4347,1,5,0,0
44,46401.22,4039.0,240.0,0.2187,2,1,1,0
28,57731.62,-4394.47,191.0,0.157,1,7,1,0
42,28433.76,-5000.0,19.0,0.4079,1,4,0,1
29,27344.84,5213.24,380.0,0.0709,1,3,0,0
20,56860.74,8605.51,382.0,0.6171,2,7,0,0
39,44267.8,4671.79,412.0,0.5136,1,1,1,0
56,34817.15,16676.46,336.0,0.3749,0,5,0,0
61,42930.4,-2459.69,157.0,0.3384,1,3,1,0
38,84863.99,4434.96,330.0,0.0959,0,5,0,0
36,33924.54,-5000.0,432.0,0.1606,0,1,1,0
62,33199.51,4688.36,16.0,0.1496,2,6,1,0
56,8000.0,14754.99,243.0,0.2149,1,6,1,0
65,43941.18,-5000.0,312.0,0.1872,2,5,0,0
69,61422.09,9737.05,472.0,0.3978,2,6,0,0
64,65904.95,14528.32,240.0,0.3284,1,2,1,0
71,47705.44,-2517.7,422.0,0.1074,2,3,0,0
41,68895.84,6735.52,365.0,0.266,2,2,1,0
40,63280.76,15637.05,379.0,0.391,2,6,1,0
36,72823.76,4843.8,46.0,0.4344,2,3,1,0
31,69607.57,9293.72,242.0,0.3075,0,3,0,0
60,84249.45,-5000.0,358.0,0.0374,1,6,1,0
58,40757.67,7777.09,59.0,0.3075,1,4,1,0
63,11823.55,7137.9,461.0,0.4628,2,5,1,0
27,61592.97,-5000.0,328.0,0.4466,2,4,0,0
46,64513.83,-4714.63,408.0,0.1023,1,5,1,0
30,84249.88,7832.01,303.0,0.1324,1,6,1,0
68,77032.26,578.3,429.0,0.7352,1,2,1,0
33,93636.81,11895.51,432.0,0.3521,2,3,0,0
26,60496.35,5485.82,36.0,0.2747,1,5,1,0
50,50720.26,3451.64,449.0,0.1829,0,3,0,0
68,10375.42,1636.41,254.0,0.0803,2,5,1,0
70,52702.41,5341.46,234.0,0.1937,2,3,0,0
23,31187.42,9423.46,118.0,0.3267,2,6,0,0
36,50287.75,7270.81,194.0,0.3162,0,2,0,0
26,46362.83,-384.07,261.0,0.2329,2,7,1,0
35,56793.34,12915.5,255.0,0.2738,1,3,1,0
48,42566.73,8261.55,339.0,0.2272,2,7,0,1
33,68375.5,,326.0,0.1844,2,4,1,0
21,8000.0,3733.58,358.0,0.2821,0,5,1,0
47,49749.84,7000.4,277.0,0.0301,2,5,1,0
21,75062.24,-5000.0,475.0,0.1899,1,5,1,0
30,91751.21,4930.47,421.0,0.18,1,2,1,0
18,63299.03,16121.46,459.0,0.2174,1,7,0,0
22,87122.08,4759.89,347.0,0.4742,0,4,1,0
42,49223.4,3667.82,118.0,0.3123,1,3,0,1
66,45071.56,-1767.07,463.0,0.4822,2,7,0,0
62,58235.39,6941.82,439.0,0.4415,2,4,1,0
23,44920.14,1439.4,142.0,0.0769,2,6,1,0
19,25441.06,13474.4,424.0,0.2469,1,2,1,0
37,32118.99,-3908.96,250.0,0.2031,2,2,0,0
55,17196.18,-618.44,347.0,0.5678,2,6,1,0
60,58209.43,-1807.02,164.0,0.1895,2,6,0,0
64,45284.8,17676.63,123.0,0.352,1,4,0,0
37,35992.85,1481.87,193.0,0.4183,2,4,1,0
27,30832.91,-1384.62,90.0,0.2375,1,4,1,0
19,57626.41,-5000.0,67.0,0.5179,1,2,1,1
26,64511.2,-4290.98,209.0,0.2732,1,2,1,0
21,16737.15,7223.08,454.0,0.1475,1,6,1,0
67,12807.88,7191.01,18.0,0.2426,1,4,1,0
33,68862.75,-2209.63,157.0,0.318,1,6,0,0
64,10621.67,-1765.25,136.0,0.2174,2,5,0,0
49,58687.17,17878.97,99.0,0.3178,1,4,1,0
48,85422.73,24571.04,35.0,0.3533,0,5,0,0
43,85480.87,12198.18,84.0,0.2089,2,6,1,0
64,63446.81,15474.24,251.0,0.1453,1,7,1,0
20,62720.24,17171.4,204.0,0.5537,1,3,1,0
23,101297.69,20716.57,295.0,0.1876,2,3,1,0
42,8000.0,584.58,411.0,0.2641,2,4,0,0
40,33391.61,-4026.14,53.0,0.171,1,3,1,0
49,66212.3,17667.92,158.0,0.3651,1,1,1,0
60,36567.82,-4714.35,,0.1584,1,6,1,0
51,75994.46,-5000.0,113.0,0.4916,1,3,0,0
32,44016.15,-5000.0,46.0,0.1917,2,3,1,1
36,48293.6,1948.83,114.0,0.1507,2,1,1,0
60,38133.13,-5000.0,190.0,0.499,1,5,1,0
29,31937.23,-5000.0,122.0,0.2079,1,7,1,0
46,31322.25,-1978.71,240.0,0.5399,2,5,1,0
48,51779.16,-5000.0,97.0,0.3801,2,1,1,0
60,25635.88,11499.29,279.0,0.4782,0,1,1,1
58,68830.12,3053.19,415.0,0.3743,2,3,1,0
44,61330.65,7616.18,153.0,0.5308,2,6,0,0
35,72485.41,6740.24,260.0,0.4355,1,1,1,0
38,16776.89,1345.82,342.0,0.6961,0,7,1,0
41,8000.0,10905.05,31.0,0.0934,1,6,0,0
30,44895.36,6617.18,163.0,0.5475,1,2,1,0
53,117470.02,452.8,304.0,0.3065,1,1,0,0
29,76655.22,-5000.0,121.0,0.1423,1,5,1,1
54,31138.84,7165.27,197.0,0.2679,2,5,0,0
60,55612.8,-5000.0,217.0,0.1479,1,5,1,0
72,63189.67,6042.27,449.0,0.4373,2,1,0,0
24,10790.29,3631.11,54.0,0.2623,0,2,0,0
61,79240.65,-5000.0,304.0,0.3024,2,2,0,0
22,40814.4,5067.18,463.0,0.1441,1,2,1,0
37,42732.98,4530.56,434.0,0.1592,2,3,1,0
28,45594.62,4559.58,264.0,0.179,1,1,0,0
27,73613.5,4175.98,186.0,0.0918,1,4,1,0
27,26120.45,-2219.11,69.0,0.1143,2,1,0,0
20,8000.0,7732.87,125.0,0.1962,0,5,1,0
64,53073.88,-2501.25,382.0,0.1843,1,3,0,0
21,8000.0,-5000.0,12.0,0.1852,0,4,1,0
40,37472.41,8397.07,345.0,0.6605,2,4,0,0
57,74671.86,10491.44,446.0,0.6063,2,3,1,0
74,59477.35,7849.58,206.0,0.3341,1,4,1,0
66,71058.9,1342.44,388.0,0.2394,1,7,0,0
25,60508.78,-5000.0,472.0,0.205,2,7,1,0
74,105258.36,14853.52,365.0,0.4385,0,3,0,0
55,30294.01,-5000.0,240.0,0.056,1,2,1,0
28,54953.29,7688.49,270.0,0.2037,1,7,1,0
43,34046.99,19881.89,102.0,0.5698,0,6,1,1
70,68920.03,4195.73,63.0,0.2747,2,5,0,0
40,43460.63,5329.86,379.0,0.2683,2,7,0,0
28,87971.12,6034.57,249.0,0.0859,2,2,0,0
67,31729.6,4585.34,445.0,0.1546,2,6,0,0
72,80178.16,21804.91,356.0,0.3207,1,3,1,0
73,59828.49,-3745.32,125.0,0.2836,2,3,1,1
72,44188.47,-4749.81,462.0,0.2974,2,4,1,0
67,58561.06,379.99,3.0,0.5166,1,3,1,1
43,51531.61,16926.65,45.0,0.4117,2,6,1,0
28,53898.87,-1615.01,292.0,0.4354,2,4,1,0
53,39828.22,6442.39,290.0,0.1591,2,3,0,0
30,27460.29,11568.07,351.0,0.3007,2,6,1,0
44,36623.22,9231.87,310.0,0.4211,1,7,1,0
55,8000.0,11144.59,125.0,0.3608,2,2,0,0
71,66048.71,14343.89,71.0,0.4878,2,5,0,0
34,14120.9,5465.85,,0.4052,2,3,1,0
32,39558.82,-656.39,162.0,0.2529,2,2,1,0
59,61201.13,4177.75,80.0,0.3441,0,4,0,0
18,65984.92,287.57,33.0,0.3643,1,5,0,0
50,8000.0,23172.42,384.0,0.2704,2,5,0,0
60,42703.8,-1261.25,405.0,0.188,0,1,1,0
49,56493.62,6865.13,420.0,0.0933,0,5,1,0
39,46300.4,-5000.0,409.0,0.3166,1,3,1,0
65,78601.87,4062.55,82.0,0.0865,1,4,1,0
39,24454.83,703.17,6.0,0.7663,2,2,1,0
58,8000.0,8405.48,240.0,0.1874,2,5,0,0
44,65258.15,8614.02,243.0,0.5473,2,4,1,0
19,31572.85,,13.0,0.326,2,1,1,0
48,8000.0,13700.55,420.0,0.1306,1,7,1,0
20,41037.19,2469.56,308.0,0.3997,0,4,1,0
71,75763.95,-4555.09,327.0,0.2148,1,7,1,0
52,13418.68,-3616.85,262.0,0.1191,0,5,0,0
39,103399.9,5421.9,476.0,0.1747,2,7,0,0
45,24052.96,4262.29,373.0,0.2169,2,1,1,0
53,47175.27,5063.41,277.0,0.1459,2,1,1,0
32,14521.69,-1280.88,240.0,0.3007,0,5,1,0
34,46040.26,14497.9,400.0,0.2539,0,3,1,0
41,41656.3,-5000.0,169.0,0.0176,1,5,1,0
32,8000.0,-1723.72,413.0,0.0429,2,3,1,0
61,115645.67,-5000.0,65.0,0.2603,2,5,1,0
23,32616.57,1328.21,17.0,0.0299,0,3,1,0
65,32638.44,12972.53,24.0,0.6132,1,7,1,0
37,69225.9,,175.0,0.26,1,3,0,0
49,90356.37,3811.82,253.0,0.1199,2,7,1,0
26,73160.92,8313.94,430.0,0.2869,2,5,1,0
39,14970.5,317.47,441.0,0.0348,2,6,0,0
61,50347.73,6061.02,15.0,0.1082,2,6,1,0
33,8000.0,5006.05,367.0,0.421,2,1,1,0
25,67542.63,-5000.0,96.0,0.0553,2,7,1,0
47,8000.0,-714.52,188.0,0.1319,2,7,0,0
27,24919.97,5836.68,411.0,0.4739,0,7,0,0
35,44919.96,13257.54,472.0,0.569,2,7,1,0
43,56125.16,13250.08,381.0,0.2345,1,1,1,0
50,38476.63,19763.9,88.0,0.2193,2,5,1,0
54,82977.09,6883.66,18.0,0.3061,2,6,1,0
56,63080.99,-306.52,478.0,0.2779,1,6,0,0
66,61118.12,2488.38,112.0,0.362,1,2,1,0
21,14264.98,2089.88,110.0,0.3453,2,6,1,0
38,87484.2,-263.04,250.0,0.4766,2,2,1,0
18,24923.37,6063.64,80.0,0.3829,2,6,0,0
18,88438.56,6435.91,319.0,0.1927,2,7,1,0
30,95554.88,-5000.0,411.0,0.1372,2,5,1,0
52,57816.41,11705.36,166.0,0.2338,2,3,0,0
68,70800.33,-5000.0,225.0,0.4292,2,5,1,0
62,8000.0,1220.14,431.0,0.1501,1,2,1,0
54,40124.94,12194.52,428.0,0.2441,1,4,1,0
62,72554.14,7859.13,44.0,0.1303,2,1,1,0
27,68112.76,144.21,359.0,0.2358,1,6,1,0
65,14506.92,18750.59,9.0,0.1313,1,3,1,0
68,37656.95,-520.59,75.0,0.136,0,6,1,1
23,8000.0,-5000.0,301.0,0.3137,0,2,0,0
44,55324.82,6621.92,58.0,0.1,1,4,1,0
65,8000.0,-5000.0,88.0,0.5173,1,7,1,0
45,73261.95,-3651.59,214.0,0.1014,2,4,0,0
65,74568.12,7982.0,199.0,0.5141,2,4,0,0
71,33140.83,-686.86,269.0,0.3072,0,7,1,0
45,58031.9,7644.88,441.0,0.317,2,1,1,0
21,,-5000.0,203.0,0.3202,1,3,0,0
37,51047.71,9867.84,146.0,0.1618,1,7,0,0
30,16318.51,-5000.0,101.0,0.0615,2,1,1,0
45,60562.32,13549.05,420.0,0.3675,2,3,0,0
51,8000.0,-802.85,104.0,0.2068,1,1,1,0
44,8000.0,15249.27,1.0,0.2809,2,6,1,1
29,41951.79,-3724.1,244.0,0.4461,2,4,0,0
35,39718.92,18398.12,351.0,0.3745,2,6,1,0
56,51807.54,-4661.29,6.0,0.4477,1,1,1,0
19,28762.31,-5000.0,305.0,0.5438,0,1,0,1
30,92142.29,3344.83,210.0,0.2559,1,7,1,0
68,49015.12,12871.91,372.0,0.156,2,7,1,0
23,50822.04,9326.31,15.0,0.0985,2,6,1,0
41,49930.85,12303.77,430.0,0.2414,2,3,1,0
29,70072.75,9484.16,419.0,0.3645,2,2,0,0
23,59400.44,-3562.14,329.0,0.2296,0,2,1,0
42,56050.45,9131.34,297.0,0.4419,2,3,0,0
47,63399.6,3742.67,337.0,0.1627,2,2,0,0
28,8000.0,-2677.85,76.0,0.1065,2,3,0,0
22,8000.0,4434.83,430.0,0.09,1,6,1,0
25,43098.53,2549.39,368.0,0.118,2,1,1,0
55,40058.15,14327.94,362.0,0.2576,1,6,1,0
67,59495.25,-1119.02,236.0,0.1551,1,2,1,0
28,45500.42,-1492.94,67.0,0.2841,2,5,1,0
36,59546.62,-2589.11,245.0,0.4367,2,1,0,0
37,13860.12,18174.79,261.0,0.3947,1,1,0,0
38,44731.39,-2141.49,122.0,0.1197,1,5,1,0
31,11473.58,13374.71,443.0,0.126,0,1,0,0
21,54671.45,-5000.0,189.0,0.3125,2,1,0,0
47,8000.0,7052.99,457.0,0.3053,2,6,1,0
38,53707.75,5100.08,421.0,0.2529,1,2,1,0
37,8275.02,12866.95,35.0,0.4582,2,2,0,0
33,35411.81,11707.03,70.0,0.2787,1,6,1,0
70,67373.19,3655.12,188.0,0.4858,2,3,0,0
52,50684.5,-1296.61,299.0,0.4875,1,4,1,1
41,8000.0,15999.69,54.0,0.2914,2,2,0,0
29,28190.15,-2095.58,104.0,0.3935,1,4,0,0
63,8000.0,-5000.0,411.0,0.2174,2,2,1,0
68,8000.0,-5000.0,213.0,0.3502,2,5,1,0
19,47941.58,-5000.0,266.0,0.4621,1,6,1,0
70,59007.46,7765.56,255.0,0.3373,2,7,0,0
57,56015.15,20715.74,465.0,0.2712,2,2,1,0
23,60065.67,-5000.0,58.0,0.1141,2,2,0,0
60,44702.23,-3260.44,250.0,0.1623,2,7,0,0
24,38165.24,3712.21,37.0,0.4257,2,4,1,0
20,18173.27,15364.06,22.0,0.1868,0,6,1,0
24,33998.01,-3303.5,232.0,0.1705,2,5,1,0
44,11966.29,7726.4,433.0,0.2656,2,2,1,0
53,23870.86,999.29,196.0,0.4587,0,5,0,0
41,47223.17,23857.29,344.0,0.2878,2,1,1,0
24,42054.85,4156.32,442.0,0.3739,2,1,1,0
29,121618.2,5845.51,2.0,0.3911,2,7,0,0
66,11355.11,3674.06,335.0,0.5539,1,1,0,0
72,41872.53,-317.49,,0.3047,1,7,0,0
60,9406.7,10598.96,430.0,0.2611,0,5,0,0
23,35305.35,-5000.0,353.0,0.0898,2,1,0,0
64,36322.67,-5000.0,445.0,0.2865,2,1,1,0
57,66122.0,1798.44,288.0,0.2762,2,4,0,0
47,33758.34,9524.51,9.0,0.3407,2,5,1,0
26,40217.01,-1646.22,471.0,0.2779,1,6,1,0
74,34242.05,4491.92,422.0,0.3943,1,5,1,0
43,9973.71,-5000.0,91.0,0.1196,0,4,1,0
20,28697.44,11501.31,460.0,0.3699,2,7,1,0
29,35451.58,8215.28,312.0,0.4529,1,1,1,0
40,46845.65,3157.83,,0.2099,2,4,1,0
21,58973.68,4349.84,392.0,0.0577,1,4,1,0
36,39135.09,-5000.0,305.0,0.0753,2,6,0,0
44,38695.59,-5000.0,378.0,0.1244,2,7,1,0
72,8000.0,2024.07,166.0,0.2106,2,3,1,1
22,58493.36,7109.88,187.0,0.4057,2,7,1,0
50,27602.55,7515.03,47.0,0.1016,1,7,0,0
70,63678.08,96.54,426.0,0.3277,2,1,1,0
63,77911.0,8963.03,126.0,0.2697,2,1,0,0
70,40302.12,14366.33,65.0,0.118,2,2,1,0
27,19417.22,2290.66,38.0,0.2649,2,4,1,0
63,44582.53,5477.31,185.0,0.3044,1,6,0,0
73,53717.55,1337.17,233.0,0.0928,2,7,1,0
36,37112.0,1989.55,400.0,0.1507,2,7,1,0
46,30899.04,4356.51,313.0,0.1703,1,4,1,0
48,59088.31,16626.11,386.0,0.1634,0,5,0,0
46,57439.46,10322.21,2.0,0.2153,1,6,1,0
34,36342.76,9601.48,14.0,0.1674,2,4,0,0
73,8000.0,-629.94,109.0,0.3282,2,4,0,1
72,56409.45,-4185.4,185.0,0.1447,2,6,1,0
39,25816.82,6116.28,35.0,0.3292,0,3,1,1
63,50358.53,12949.96,416.0,0.2817,2,2,0,0
40,48778.93,16787.24,463.0,0.3692,2,5,1,0
63,8000.0,-5000.0,232.0,0.1058,1,7,1,0
51,47027.04,22571.11,385.0,0.2936,1,7,1,0
44,57863.31,6335.9,91.0,0.0461,2,6,0,1
25,60928.81,10271.44,14.0,0.4988,1,7,1,1
55,47934.14,-5000.0,431.0,0.3498,2,3,1,0
36,8000.0,1104.75,390.0,0.2282,1,6,1,0
30,,9582.78,363.0,0.3936,2,2,0,0
29,55275.57,-5000.0,397.0,0.3024,1,4,1,0
73,14917.02,-5000.0,340.0,0.2629,1,3,1,0
23,25305.92,5684.04,386.0,0.3871,2,4,1,0
63,50780.61,2601.74,464.0,0.4609,2,2,1,0
67,61994.6,14530.7,421.0,0.2087,2,3,0,0
19,32800.93,1720.65,427.0,0.4973,1,4,1,0
51,65638.14,2306.25,224.0,0.1429,2,7,1,0
50,8000.0,8581.42,392.0,0.2625,2,3,1,0
38,,11268.16,114.0,0.3889,2,6,0,0
56,8000.0,,150.0,0.059,1,7,1,1
41,22564.87,10555.99,417.0,0.622,1,2,1,0
43,82701.93,-1173.87,174.0,0.3483,2,1,1,0
42,96445.06,3132.17,400.0,0.0576,1,7,1,0
63,50864.76,8366.16,237.0,0.3581,1,6,1,0
54,29039.27,9761.09,131.0,0.4478,0,1,1,1
39,39459.0,5546.52,197.0,0.0878,2,4,1,0
70,56833.5,-5000.0,278.0,0.7536,2,1,0,0
63,8000.0,-5000.0,30.0,0.1616,1,2,1,0
71,30687.52,1496.35,267.0,0.2811,1,5,1,0
59,80872.33,10770.28,50.0,0.2257,1,7,1,1
40,18857.25,6597.58,234.0,0.1785,1,4,0,0
62,26274.38,4936.26,155.0,0.088,0,2,1,0
36,45329.84,2943.79,292.0,0.0184,1,3,1,0
33,52078.56,5472.81,402.0,0.1589,2,7,0,0
43,29374.9,-4952.73,40.0,0.4234,2,4,1,1
73,46924.11,9241.61,40.0,0.5056,0,7,1,0
50,60198.49,9770.45,218.0,0.0636,1,4,0,0
39,94036.3,157.88,361.0,0.0363,1,4,1,0
44,41843.89,6496.06,134.0,0.033,0,5,1,0
34,43967.57,-5000.0,375.0,0.1921,2,2,1,0
55,83186.31,4440.38,1.0,0.338,2,2,0,1
37,31270.85,1935.0,141.0,0.1242,2,2,1,0
49,11891.17,13073.86,249.0,0.4036,2,6,1,0
39,51256.22,1410.86,300.0,0.3183,1,5,1,0
36,71904.38,9949.32,175.0,0.1624,2,5,1,0
73,54026.18,-129.38,423.0,0.5094,2,6,0,0
37,42574.61,-5000.0,206.0,0.4575,2,1,1,0
22,8790.17,1195.71,305.0,0.1703,1,5,0,0
39,43540.77,4574.06,53.0,0.4549,1,4,0,0
48,75828.87,4206.7,446.0,0.2443,2,1,0,0
23,14147.07,4327.6,242.0,0.2472,1,1,0,0
35,38881.32,-1051.63,225.0,0.3735,2,7,1,0
27,35312.88,410.18,129.0,0.298,2,4,0,0
46,27557.39,-5000.0,291.0,0.1607,2,2,0,0
59,51198.08,-5000.0,0.0,0.3558,2,3,1,0
73,56082.63,2148.33,216.0,0.2197,2,2,1,0
40,55820.67,-2961.62,374.0,0.3184,2,4,1,0
67,20579.76,11638.68,373.0,0.361,2,5,1,0
30,8000.0,-5000.0,301.0,0.0634,2,3,1,0
62,51559.71,5328.15,179.0,0.4268,2,7,0,0
50,32352.02,19971.9,253.0,0.2862,1,3,0,0
61,90957.81,1537.23,81.0,0.1933,1,5,1,0
61,92112.74,2978.02,298.0,0.0188,1,3,1,0
48,94767.24,6410.77,103.0,0.0325,1,2,0,0
32,21497.23,7036.16,155.0,0.5864,2,6,0,0
47,59234.23,-268.06,352.0,0.1145,1,4,1,0
65,66773.81,-5000.0,59.0,0.3196,0,3,1,1
73,63958.86,8221.77,158.0,0.4082,0,4,1,0
70,36140.05,-5000.0,171.0,0.605,1,4,1,0
28,76979.12,9657.83,454.0,0.5877,1,7,1,0
52,45011.87,-134.39,378.0,0.5137,1,6,1,0
23,48202.65,3024.68,178.0,0.1577,2,2,0,0
56,8000.0,-1204.86,291.0,0.0886,1,5,0,0
74,61119.12,14447.06,115.0,0.1563,1,7,1,0
20,38489.71,4992.09,379.0,0.0612,2,2,1,0
55,56619.47,426.1,165.0,0.0377,2,6,1,0
71,50877.84,200.78,433.0,0.5034,2,6,0,0
66,49523.41,1814.74,427.0,0.109,2,6,0,0
40,43857.16,22175.52,119.0,0.0986,2,5,1,0
23,64664.99,,196.0,0.4995,2,5,1,0
70,40027.69,11663.06,438.0,0.2293,0,4,1,0
70,8620.06,7544.84,46.0,0.4509,2,6,1,1
51,59223.89,15318.49,318.0,0.4068,0,5,0,0
73,24774.86,8032.53,247.0,0.3389,1,6,1,0
18,11893.45,3026.9,269.0,0.1773,2,5,0,0
53,19443.92,11160.22,274.0,0.2525,1,6,0,0
20,52083.31,4838.15,241.0,0.3929,0,4,0,0
71,42587.03,9039.65,164.0,0.3211,2,2,1,0
56,8000.0,14425.76,224.0,0.0961,2,2,1,0
70,35408.6,3740.16,469.0,0.3684,2,5,1,0
50,74230.78,-395.08,35.0,0.2895,0,4,1,1
22,33717.61,-2150.49,77.0,0.8159,1,7,1,0
19,40863.09,6604.32,,0.1905,0,2,1,1
37,71074.79,-4025.35,300.0,0.1459,1,2,0,0
60,64887.23,201.56,158.0,0.1227,2,7,1,0
26,70543.78,-4740.55,21.0,0.4314,1,1,0,1
66,8000.0,7066.71,97.0,0.4605,0,7,0,1
31,88338.08,-3017.25,124.0,0.5491,2,5,1,0
46,60910.01,-5000.0,41.0,0.1804,1,6,0,0
29,106536.91,-5000.0,368.0,0.5169,1,2,0,0
44,25441.85,-1568.71,11.0,0.1723,0,6,1,1
43,8000.0,-842.41,423.0,0.3127,1,1,1,0
18,45180.46,5011.62,469.0,0.1133,2,2,1,0
50,38115.69,1707.01,440.0,0.3466,1,3,0,0
62,61341.6,5962.49,101.0,0.291,1,3,1,1
71,71873.21,6604.9,109.0,0.8302,1,4,0,1
36,42817.65,,472.0,0.275,2,3,1,0
68,38982.3,-5000.0,298.0,0.1162,1,5,0,0
68,58068.0,-5000.0,261.0,0.3407,2,4,0,0
74,38591.78,,415.0,0.299,1,4,1,0
39,36500.45,4691.3,92.0,0.4025,2,5,1,0
66,70928.37,10815.46,194.0,0.4653,1,7,0,0
50,76494.45,-5000.0,69.0,0.1519,0,2,1,0
21,72099.16,-801.24,383.0,0.0377,2,3,0,0
33,40794.26,628.96,96.0,0.263,2,4,1,0
56,8000.0,4332.51,63.0,0.5336,0,6,1,0
27,41294.85,3287.02,174.0,0.2197,0,6,1,0
42,26050.5,6752.62,270.0,0.1551,2,6,1,0
62,41756.87,2082.77,98.0,0.1521,2,2,0,0
26,28222.73,13978.69,432.0,0.5124,0,2,0,0
46,44481.5,16529.67,397.0,0.2904,1,7,1,0
30,19018.11,-5000.0,441.0,0.3481,1,3,1,0
48,12982.06,3360.89,176.0,0.3214,1,4,1,0
31,75567.29,9383.95,186.0,0.1843,2,2,1,0
73,20758.56,7682.62,252.0,0.1213,2,6,0,0
22,45008.29,,436.0,0.2095,2,5,0,0
72,68862.87,5038.92,240.0,0.1514,1,3,1,0
63,67857.6,-5000.0,186.0,0.2324,1,1,1,0
66,64871.21,2846.86,316.0,0.3841,2,4,0,0
66,52571.66,-5000.0,63.0,0.336,2,5,1,1
28,63100.08,7063.83,478.0,0.2694,2,6,1,0
71,79327.2,-5000.0,330.0,0.1766,2,4,1,0
51,55625.56,4304.27,212.0,0.1589,1,2,0,0
72,8000.0,5553.56,43.0,0.2215,0,5,0,0
68,31786.67,3606.91,154.0,0.438,2,1,1,0
51,62409.25,-2055.62,275.0,0.3769,2,4,1,0
39,29322.6,1317.05,467.0,0.4738,2,7,1,0
24,85502.65,12448.57,233.0,0.1658,0,3,0,0
23,43420.5,-396.87,478.0,0.582,2,4,1,0
40,47131.22,3171.44,248.0,0.2959,2,6,1,0
64,73118.6,-1454.31,374.0,0.5172,2,3,0,0
46,40428.75,11163.42,47.0,0.2235,1,1,1,0
45,49406.93,3622.65,382.0,0.3491,2,4,0,0
31,67478.09,-3111.79,116.0,0.5731,1,6,0,0
50,8193.23,3057.0,195.0,0.2995,2,4,1,0
54,37867.55,1071.74,155.0,0.5507,2,4,0,1
73,65728.83,14140.66,258.0,0.4395,2,6,1,0
59,46640.0,2642.5,294.0,0.1362,1,1,0,0
52,81683.35,-5000.0,168.0,0.0336,2,7,1,0
69,8000.0,6989.07,27.0,0.4123,1,5,1,1
42,8000.0,17288.7,297.0,0.2397,2,3,0,0
71,64242.16,12575.45,201.0,0.2753,2,2,1,0
39,66645.18,-5000.0,396.0,0.217,2,4,1,0
25,40168.75,850.17,333.0,0.1122,1,6,0,0
41,55009.86,2754.53,179.0,0.4898,1,1,1,0
25,63630.17,2851.61,24.0,0.1182,2,1,1,1
24,24653.42,6047.69,256.0,0.1795,0,6,0,0
68,27328.79,247.19,381.0,0.241,0,7,1,0
63,49743.15,-4324.99,371.0,0.4212,2,3,1,0
30,67602.22,10614.4,160.0,0.3578,1,1,0,0
65,15851.08,-5000.0,100.0,0.22,2,2,0,1
21,40051.31,-3416.93,35.0,0.439,2,3,1,1
34,38894.08,-5000.0,292.0,0.0921,2,5,1,0
58,55448.98,7897.7,126.0,0.4847,1,4,1,0
35,44782.54,3851.77,372.0,0.181,2,5,1,0
59,31352.91,10068.03,286.0,0.2791,0,4,1,0
67,76214.14,-3281.55,25.0,0.1222,2,1,0,0
21,31518.56,-5000.0,331.0,0.0753,1,1,1,0
19,37697.59,-551.21,121.0,0.0561,2,6,1,0
71,8000.0,1540.02,418.0,0.2894,0,6,1,0
47,27159.35,,12.0,0.1418,0,3,1,1
46,57901.9,-5000.0,175.0,0.2885,2,1,1,1
44,53015.05,6829.85,3.0,0.1555,0,6,0,1
42,59987.92,-4153.91,303.0,0.3168,1,6,1,0
57,,-2179.33,229.0,0.3322,1,4,0,0
51,97192.85,12389.68,255.0,0.4912,2,6,1,0
27,26303.53,-5000.0,336.0,0.5525,2,2,0,1
53,8000.0,5580.02,430.0,0.3721,1,2,1,0
56,18736.18,5549.83,183.0,0.3619,2,7,1,0
24,27408.7,-3550.28,273.0,0.1131,2,3,1,0
39,20641.83,-576.03,298.0,0.2026,1,3,1,0
63,47341.52,12768.37,423.0,0.2864,2,5,1,0
53,76316.37,18703.39,91.0,0.3505,2,7,0,0
25,83491.48,11517.81,251.0,0.0916,1,1,1,0
20,57607.71,18086.97,401.0,0.3072,2,6,1,0
51,98531.81,-2530.66,135.0,0.1038,2,6,1,0
44,36090.67,-5000.0,174.0,0.3769,1,3,0,1
72,8000.0,2579.03,215.0,0.2385,0,7,1,0
47,71329.45,9438.87,339.0,0.235,0,6,0,0
71,8000.0,-5000.0,321.0,0.4682,0,3,1,0
30,26124.92,-4411.65,62.0,0.3235,2,5,1,0
43,58002.81,-3523.16,98.0,0.1392,2,6,0,0
25,42440.46,5852.51,392.0,0.1792,2,2,1,0
50,40226.18,4820.96,323.0,0.3831,2,2,1,0
28,15480.25,-3201.29,248.0,0.1394,1,4,0,0
46,44729.94,4438.49,201.0,0.3291,1,6,0,0
37,70091.56,,465.0,0.2282,0,4,1,0
28,45499.2,-411.4,423.0,0.387,2,6,0,0
23,24244.35,-5000.0,194.0,0.5988,1,2,1,0
47,13811.54,1798.1,168.0,0.5455,2,1,1,0
71,24760.14,-3403.91,419.0,0.2678,2,6,1,0
29,54808.34,8523.0,166.0,0.3922,2,6,1,0
41,53590.06,2790.5,197.0,0.26,1,3,0,0
30,24987.32,1186.06,440.0,0.2802,2,3,1,0
64,8000.0,17144.99,51.0,0.2528,1,7,1,0
41,55500.32,6066.31,337.0,0.5712,2,5,0,0
73,22557.32,54.77,330.0,0.2134,0,3,1,1
31,62226.56,,182.0,0.2589,2,1,1,0
22,26097.26,-5000.0,87.0,0.2445,1,1,1,1
51,20302.49,2472.93,413.0,0.1108,1,1,1,0
55,48829.3,5460.91,383.0,0.213,1,5,1,0
74,103942.48,-5000.0,411.0,0.4969,1,7,1,0
67,63725.75,-5000.0,160.0,0.2434,2,6,1,0
68,48405.48,-1128.82,462.0,0.2593,1,1,0,0
54,53971.29,-5000.0,363.0,0.1764,2,5,1,0
38,8000.0,3346.06,115.0,0.4627,2,2,0,0
42,16941.49,,231.0,0.2399,2,1,1,0
25,8000.0,2021.54,151.0,0.0289,2,4,1,0
42,88246.85,7401.39,257.0,0.2394,2,6,1,0
38,83184.65,-1679.3,90.0,0.3188,2,4,1,0
20,54820.46,2632.76,352.0,0.2712,1,6,1,0
29,48377.88,-5000.0,220.0,0.5028,0,2,1,0
48,8000.0,5276.96,319.0,0.0219,2,2,1,0
39,39517.5,3607.27,308.0,0.3072,1,4,0,0
74,89809.8,-5000.0,318.0,0.5076,2,6,1,0
45,48285.4,1759.52,364.0,0.1765,0,4,1,0
72,30883.84,2697.43,,0.2125,1,1,1,0
55,8000.0,5248.1,247.0,0.2475,0,4,1,0
20,79507.64,5544.95,280.0,0.1228,2,6,1,0
29,43247.9,-2769.49,302.0,0.1115,2,2,0,0
58,8000.0,9109.16,387.0,0.3098,1,3,0,0
49,21893.36,7184.45,228.0,0.2754,1,6,0,1
35,13061.55,-2796.64,144.0,0.3018,2,4,1,0
47,41706.41,-5000.0,121.0,0.4515,2,2,1,0
69,50183.47,-2185.21,87.0,0.1362,0,3,1,0
40,32419.57,-5000.0,289.0,0.1177,1,5,1,0
20,64426.16,4664.05,352.0,0.2368,1,4,1,0
35,46970.06,12468.48,152.0,0.2177,2,4,0,0
71,71557.81,14372.37,259.0,0.2208,2,6,0,0
61,36070.15,-5000.0,178.0,0.0857,0,7,1,0
65,121133.14,9294.43,432.0,0.372,2,1,0,0
69,30887.78,3676.01,434.0,0.2689,1,2,1,0
24,22416.75,-5000.0,463.0,0.2257,2,7,1,0
34,19342.49,340.82,413.0,0.5504,2,6,1,0
21,39726.48,-549.46,416.0,0.2495,2,4,1,0
18,8000.0,12686.54,267.0,0.308,2,2,0,0
65,52364.07,-3967.64,262.0,0.3915,1,4,1,0
71,8000.0,7504.51,144.0,0.2921,2,3,1,0
26,49041.77,2143.29,361.0,0.3013,2,3,1,0
59,11218.71,-5000.0,153.0,0.0635,1,3,0,1
48,35467.66,-1417.48,160.0,0.2831,0,7,1,0
21,60113.51,15253.05,453.0,0.5189,2,3,1,0
70,102600.94,1613.04,7.0,0.355,1,6,1,0
67,18049.99,10246.94,56.0,0.0858,1,6,1,0
50,41242.06,9808.43,374.0,0.4391,0,6,1,0
58,26906.03,-586.11,328.0,0.2499,0,7,1,0
40,23253.24,-5000.0,375.0,0.3143,1,3,1,0
63,27125.67,-5000.0,224.0,0.1645,0,1,1,1
43,65601.66,14613.34,3.0,0.6343,1,7,1,0
74,32798.6,4213.9,142.0,0.1434,1,5,0,0
21,101232.82,-5000.0,414.0,0.3532,1,4,1,0
27,55399.48,9671.68,319.0,0.364,1,4,1,0
73,19749.73,-5000.0,423.0,0.189,1,7,0,0
34,35832.37,-3608.99,4.0,0.0725,1,6,0,0
35,24953.83,3650.35,153.0,0.2074,2,2,1,0
63,65001.72,23163.35,329.0,0.7094,1,4,1,0
28,8000.0,9528.01,8.0,0.3861,1,7,1,0
47,11476.22,-859.12,215.0,0.0744,1,5,1,0
34,30211.35,3226.51,420.0,0.4045,2,1,0,0
29,62073.67,10357.67,77.0,0.3829,1,7,1,0
72,75826.51,14374.91,33.0,0.1161,2,4,1,0
29,79513.55,1018.88,305.0,0.1371,2,6,0,0
23,58245.04,1251.06,111.0,0.46,2,1,1,0
56,42927.76,-3640.39,88.0,0.3223,0,2,1,0
67,64865.65,8321.27,260.0,0.1545,1,6,1,0
25,16387.48,11207.78,290.0,0.0523,2,2,1,0
58,8000.0,-5000.0,391.0,0.3529,2,2,0,0
48,55915.94,-174.45,49.0,0.3809,1,5,1,1
65,19858.04,-5000.0,375.0,0.2584,2,3,1,0
25,43367.33,4207.26,321.0,0.3679,0,1,1,0
73,47990.68,-5000.0,326.0,0.4362,1,2,1,0
53,51202.99,-5000.0,114.0,0.3696,1,7,1,0
66,68444.79,11988.15,397.0,0.2559,2,7,1,0
38,65801.88,1675.25,59.0,0.3467,2,1,0,0
71,49875.0,2520.75,329.0,0.0962,2,6,1,0
53,33949.62,6453.48,64.0,0.4284,1,5,1,0
25,47694.05,10766.55,306.0,0.2125,2,4,0,0
70,30094.74,-348.74,216.0,0.3676,0,5,0,0
63,40089.28,-170.52,80.0,0.1649,2,6,0,0
35,110454.34,-136.53,93.0,0.4637,2,2,1,0
49,49554.74,11652.07,211.0,0.5734,1,2,1,0
40,56256.13,2454.92,175.0,0.0926,1,6,1,0
48,27362.98,671.21,216.0,0.1526,1,5,0,0
73,70501.84,6127.17,207.0,0.5668,2,3,0,0
69,64006.81,17650.03,8.0,0.2572,2,4,1,1
30,64183.81,3594.27,206.0,0.2429,2,3,1,0
73,50372.28,844.42,194.0,0.082,2,3,0,0
42,70854.75,18543.99,,0.1484,1,7,0,0
58,76792.13,13638.41,109.0,0.12,2,4,1,0
61,52077.47,12478.6,92.0,0.2672,0,4,1,0
45,42134.69,-1005.49,43.0,0.444,2,2,1,0
44,67364.27,-1798.62,299.0,0.4343,1,1,1,0
44,22396.87,-5000.0,262.0,0.2177,2,1,0,0
67,27050.99,10719.34,389.0,0.171,2,7,0,0
40,43667.49,3615.98,113.0,0.5248,0,5,1,0
33,8000.0,-5000.0,195.0,0.3696,2,2,1,0
38,65689.88,12614.78,91.0,0.4001,1,3,1,1
29,20927.15,301.19,451.0,0.2734,1,4,1,0
40,33212.72,1287.36,377.0,0.4428,0,1,0,0
24,39668.01,-5000.0,71.0,0.3427,2,3,0,0
23,45982.17,6937.59,388.0,0.0726,1,5,0,0
59,36408.67,7014.16,443.0,0.2557,2,1,1,0
22,43315.72,2616.1,317.0,0.4245,1,3,0,0
50,43509.31,-345.9,475.0,0.0572,0,7,1,0
62,33824.23,24011.74,91.0,0.5095,1,2,0,0
59,25670.14,-5000.0,138.0,0.2607,2,2,0,0
43,72036.85,-2771.5,303.0,0.2411,1,7,1,0
29,8000.0,8666.05,258.0,0.4062,1,5,1,0
71,39857.12,-5000.0,342.0,0.487,2,5,1,0
65,33277.51,-5000.0,463.0,0.0852,1,1,1,0
52,55469.79,12052.15,111.0,0.3548,2,7,1,1
22,8642.68,7841.53,418.0,0.4435,2,7,1,0
20,32505.37,6873.1,63.0,0.1233,2,7,1,0
35,42441.01,4454.6,220.0,0.2344,2,6,0,0
26,71751.84,-2537.23,208.0,0.3056,2,1,0,0
67,,978.63,387.0,0.4374,0,7,0,0
29,15412.79,,203.0,0.0775,0,7,0,1
34,32813.08,9769.73,398.0,0.0638,2,1,1,0
73,67151.28,6406.86,73.0,0.5584,1,4,1,0
64,14980.63,-4422.75,476.0,0.188,2,1,0,0
30,43033.89,9316.34,92.0,0.3434,2,3,1,0
39,44771.99,-5000.0,284.0,0.2364,2,5,1,0
47,35355.42,436.63,239.0,0.2963,2,7,0,0
55,112393.79,-5000.0,43.0,0.1671,2,6,1,0
71,34681.71,-3856.83,253.0,0.2194,2,7,1,0
67,56244.13,18412.69,419.0,0.0573,0,7,1,0
73,25842.47,-5000.0,258.0,0.0979,2,4,1,0
20,58193.7,-3553.55,337.0,0.249,0,6,1,0
31,66769.69,7083.21,471.0,0.1771,2,3,0,0
50,30300.9,-760.02,145.0,0.2677,1,7,1,1
20,43632.45,4244.46,19.0,0.1307,1,3,1,0
38,22618.01,14436.4,330.0,0.3077,2,3,1,0
26,16389.9,8237.02,377.0,0.3438,2,4,1,0
71,70919.89,-749.46,68.0,0.0966,0,6,1,0
21,31149.98,1930.24,168.0,0.3673,2,5,0,1
26,8000.0,7244.85,172.0,0.2354,2,5,1,0
29,89133.9,8079.92,361.0,0.1609,2,4,1,0
26,24947.62,3166.02,420.0,0.2374,1,7,1,0
50,38840.67,5884.87,353.0,0.4878,1,4,0,0
38,86022.66,5892.66,142.0,0.2765,0,3,1,0
70,41456.45,2262.19,297.0,0.147,1,3,1,0
32,40916.58,-1841.9,129.0,0.1015,2,1,1,0
48,14295.67,8940.76,302.0,0.2702,2,6,0,0
55,8000.0,,463.0,0.205,2,6,0,0
53,40840.34,-5000.0,318.0,0.3699,2,4,1,0
63,54070.24,-3606.68,376.0,0.2372,0,3,1,1
29,52638.14,-845.37,358.0,0.1711,2,3,1,0
46,32968.47,1390.95,228.0,0.2778,0,2,1,0
63,45506.44,12631.56,63.0,0.207,0,6,1,1
67,8000.0,28618.61,468.0,0.2327,2,5,1,0
53,56504.18,-5000.0,173.0,0.044,0,6,1,1
55,49035.15,5435.25,425.0,0.0746,1,1,1,0
67,94341.52,3556.69,404.0,0.2549,2,6,1,0
53,45186.99,1556.08,328.0,0.1815,2,1,1,0
72,21433.27,7343.52,262.0,0.2254,2,1,1,0
25,43731.92,4198.31,131.0,0.1614,1,6,1,0
37,36805.0,108.53,65.0,0.0563,2,2,0,0
24,55867.7,3233.94,418.0,0.2607,2,6,0,0
23,45672.3,7452.53,461.0,0.2888,0,4,0,0
44,13501.33,6691.77,,0.2942,2,5,1,0
30,8000.0,4509.06,474.0,0.1538,0,1,0,0
41,51572.71,-1667.58,103.0,0.2721,1,6,1,1
42,79577.86,25553.14,246.0,0.2067,0,1,0,1
53,46983.7,5876.11,83.0,0.2444,0,6,1,0
71,65332.43,9099.71,255.0,0.1277,2,2,1,0
66,70320.23,-1062.42,427.0,0.1705,2,4,1,0
39,51669.8,4516.59,140.0,0.2592,1,4,1,0
36,24637.71,4452.86,202.0,0.2943,2,3,1,0
61,49882.7,-5000.0,247.0,0.4464,0,3,1,1
25,75176.82,-2733.29,222.0,0.57,2,5,1,0
48,58247.26,-2881.15,,0.6077,1,7,1,1
42,63706.13,-1803.65,204.0,0.2609,2,7,0,0
28,33436.34,-5000.0,122.0,0.1851,1,6,1,0
53,39941.16,3350.85,157.0,0.1501,2,7,1,0
36,42031.82,14178.87,146.0,0.1599,1,6,1,0
28,43716.55,4043.91,151.0,0.1904,2,3,1,0
55,74198.96,-5000.0,430.0,0.3612,2,2,0,0
27,8000.0,-5000.0,246.0,0.0702,0,6,1,0
56,45763.46,-16.41,184.0,0.652,1,7,1,0
27,43012.59,-5000.0,67.0,0.5392,0,5,1,0
42,10712.47,5435.66,466.0,0.3208,0,7,1,0
64,61794.18,13824.79,73.0,0.0814,0,4,1,0
31,26887.5,-1607.23,167.0,0.2238,2,3,1,0
61,36074.18,3609.07,335.0,0.5927,2,2,1,0
59,91219.55,-431.69,2.0,0.454,2,4,1,1
69,,-2037.02,151.0,0.6141,2,4,1,0
27,59362.17,4516.61,457.0,0.1415,2,3,1,0
58,54519.42,-2306.44,11.0,0.1968,2,3,1,0
71,40883.0,-3467.2,113.0,0.0727,2,2,0,0
61,94984.43,-5000.0,41.0,0.1861,2,2,1,0
28,65054.19,3516.71,333.0,0.438,0,2,0,0
64,26261.25,11536.08,5.0,0.5613,0,6,1,1
24,9997.44,8658.47,22.0,0.1615,0,3,0,0
51,59170.95,14935.95,226.0,0.1974,1,6,0,1
46,43603.27,-2396.12,359.0,0.1647,0,3,0,0
48,9276.55,9806.48,434.0,0.2986,1,2,1,1
47,55714.65,-5000.0,105.0,0.2306,1,1,1,1
19,38274.32,8674.07,274.0,0.0436,2,4,0,0
46,58266.62,16153.5,384.0,0.4307,2,1,1,0
71,56043.51,6987.05,350.0,0.1527,1,6,0,0
42,29793.4,16294.49,463.0,0.4796,0,5,1,0
33,60821.12,-1789.86,36.0,0.4303,2,4,0,0
74,32552.37,1926.15,21.0,0.1081,1,5,0,0
23,34177.95,-4325.47,329.0,0.5223,1,1,1,0
45,31693.21,3278.32,176.0,0.4607,2,2,1,0
47,73274.36,5157.39,354.0,0.6013,1,4,1,0
45,37985.69,3208.28,343.0,0.1876,1,2,1,0
70,79311.08,-793.11,212.0,0.0537,1,7,1,0
42,89587.12,-925.73,478.0,0.4383,2,4,1,0
73,26532.02,5761.36,423.0,0.4233,2,6,0,0
21,8000.0,1725.7,174.0,0.4385,0,5,1,1
59,71112.74,-5000.0,2.0,0.5749,2,5,0,0
51,36450.7,-5000.0,477.0,0.0994,2,7,1,0
31,23345.34,-1763.91,464.0,0.1397,1,4,1,0
30,30282.05,-5000.0,431.0,0.066,0,7,1,0
59,34629.65,-3684.56,26.0,0.0777,2,1,0,0
54,77429.83,-386.44,345.0,0.1294,2,3,1,0
52,48997.78,1831.21,461.0,0.2451,2,2,0,0
20,77089.97,-2328.05,183.0,0.1733,1,3,1,0
52,57355.5,20529.61,362.0,0.2499,1,3,0,0
73,37269.23,-5000.0,257.0,0.1298,1,3,0,0
18,35241.07,12673.7,222.0,0.4628,2,6,1,0
44,59040.22,1699.46,345.0,0.5005,1,7,1,0
46,65510.64,-2260.21,278.0,0.1869,2,4,1,0
69,69919.82,7700.61,329.0,0.1684,2,2,1,0
34,38461.54,-623.02,107.0,0.3981,2,3,1,0
45,49380.15,-3455.72,138.0,0.0957,0,6,0,0
58,59601.01,17318.48,307.0,0.2608,1,1,1,0
21,35400.87,-5000.0,267.0,0.1092,0,3,0,0
63,16626.5,1041.01,183.0,0.1245,2,7,1,0
64,24843.22,4520.57,400.0,0.1746,2,4,0,0
59,38974.11,14264.18,163.0,0.1666,2,4,1,0
54,61555.18,-187.45,228.0,0.4811,2,4,0,0
60,76474.44,24288.12,151.0,0.1795,2,7,0,0
62,11098.82,9072.95,271.0,0.3039,2,6,0,0
69,30066.37,-5000.0,269.0,0.3358,1,3,0,0
42,36053.44,-5000.0,157.0,0.3419,1,5,1,0
43,,4895.47,371.0,0.1063,2,5,0,0
54,31797.24,-5000.0,76.0,0.2071,1,4,1,0
29,34256.69,7382.67,369.0,0.2763,1,1,0,0
66,,-629.84,31.0,0.3185,1,5,0,0
61,57085.18,-5000.0,120.0,0.1663,0,3,1,0
53,40965.02,-4716.71,194.0,0.5051,1,5,0,0
35,28648.87,9815.31,203.0,0.4382,2,6,1,0
37,38512.17,-5000.0,303.0,0.0855,1,6,1,0
42,73174.89,11362.2,450.0,0.2496,1,7,0,0
55,19877.83,11596.29,,0.4136,1,3,1,0
62,23958.51,348.75,261.0,0.3176,2,3,1,0
56,76306.31,-5000.0,40.0,0.2222,2,4,0,0
71,46894.37,7446.91,476.0,0.2411,1,2,1,0
72,61743.85,-890.87,152.0,0.1495,2,5,1,0
58,55043.8,-5000.0,297.0,0.2617,2,6,1,0
39,44116.64,18273.12,387.0,0.3698,2,7,1,0
52,36292.52,-4075.31,335.0,0.2569,2,1,1,0
42,65788.95,-5000.0,53.0,0.1551,1,6,0,0
53,74058.41,5280.41,124.0,0.525,0,2,1,0
64,72104.71,2457.22,,0.0895,1,6,0,0
39,15363.21,14889.51,368.0,0.5051,2,2,1,0
46,77622.78,-44.16,303.0,0.1552,1,2,1,0
20,36051.62,40.35,214.0,0.2745,1,4,0,0
59,26124.26,5681.83,451.0,0.2058,1,5,1,0
45,40766.81,4596.14,348.0,0.1146,2,2,1,0
44,65778.21,4840.3,350.0,0.0809,1,1,1,0
48,58511.6,5175.61,,0.1342,2,5,1,0
30,38615.34,4316.93,462.0,0.1028,2,1,0,0
52,65941.65,-331.86,412.0,0.3059,2,4,0,1
60,48496.51,9661.42,319.0,0.0543,1,4,0,0
37,30675.71,120.82,109.0,0.1027,0,1,0,0
25,27299.12,,,0.2013,1,6,0,1
40,55255.87,14102.1,73.0,0.4662,1,1,0,0
29,42937.06,-2420.33,384.0,0.6086,2,6,0,0
39,10612.37,22235.87,160.0,0.3216,2,7,0,0
53,66179.04,-2700.9,108.0,0.2828,2,2,1,0
24,32993.12,-2643.11,348.0,0.1065,1,6,1,0
60,84802.99,7319.93,271.0,0.3856,2,2,1,0
30,9925.25,6532.5,118.0,0.2707,1,5,1,0
68,40482.29,3574.52,179.0,0.0204,0,6,0,0
59,27500.56,9546.01,230.0,0.0958,2,6,0,0
33,20614.44,5021.04,383.0,0.6567,0,5,1,0
50,32830.23,19525.94,3.0,0.4422,2,5,0,0
24,89264.19,2574.2,364.0,0.0123,2,5,0,0
23,48584.25,-3835.95,37.0,0.4235,2,6,1,1
72,25207.3,-1413.67,414.0,0.2882,1,2,0,0
63,8000.0,6770.6,56.0,0.3365,1,2,1,0
26,8000.0,6887.61,118.0,0.2705,2,7,1,0
34,31588.42,4651.81,177.0,0.2285,0,2,1,0
29,29157.8,-3796.03,478.0,0.2355,1,7,1,0
40,39398.73,11869.18,191.0,0.1515,2,2,1,0
34,8000.0,18495.93,386.0,0.4595,1,3,1,0
36,42707.96,3233.8,123.0,0.1294,2,1,1,0
48,70693.24,17484.84,185.0,0.3999,0,5,1,1
28,85571.03,9930.05,248.0,0.0807,1,5,1,0
68,8000.0,20749.5,61.0,0.2373,1,7,1,0
59,24965.18,6781.15,14.0,0.0863,2,6,0,0
61,23644.15,4092.82,167.0,0.3498,1,6,0,0
27,48643.04,9739.21,377.0,0.389,2,4,0,0
58,14505.69,-468.68,50.0,0.0463,1,4,0,1
65,87056.58,6256.94,392.0,0.5697,2,5,0,0
27,46088.06,13645.73,295.0,0.3925,1,2,0,0
60,41921.34,9556.08,131.0,0.3445,1,2,1,0
38,84817.84,2752.34,54.0,0.1834,2,2,1,0
62,44598.81,4603.32,264.0,0.223,2,7,1,0
45,55007.59,9061.41,206.0,0.2059,2,2,1,0
63,,8795.57,52.0,0.2692,2,3,1,0
26,10737.45,9000.52,320.0,0.4369,2,2,1,0
40,29740.96,5715.5,401.0,0.1982,2,4,0,0
33,99674.4,-3596.36,217.0,0.307,2,5,1,0
32,60825.52,-2321.22,216.0,0.4377,2,7,1,0
35,51863.37,6689.33,423.0,0.2562,1,2,1,0
39,20590.67,9651.68,185.0,0.4426,1,2,0,0
25,67781.27,8615.49,115.0,0.0175,2,2,1,0
58,11057.67,-2401.73,406.0,0.2791,1,3,0,0
49,8000.0,1790.66,251.0,0.0823,1,3,0,0
65,31027.82,-5000.0,450.0,0.0306,2,2,1,0
58,93862.27,-5000.0,438.0,0.2518,0,1,0,0
26,92447.36,3651.83,,0.4074,2,6,0,0
21,33719.08,13865.25,169.0,0.1934,0,6,1,0
42,28145.02,3798.43,344.0,0.5624,0,2,1,0
45,8000.0,18265.08,226.0,0.1228,0,6,0,0
31,46950.77,1687.17,366.0,0.3499,2,2,0,0
62,49050.32,3249.74,447.0,0.0921,0,5,0,0
51,64738.91,-4928.06,351.0,0.1703,0,6,0,0
60,67767.69,222.05,239.0,0.1848,1,1,1,0
24,40064.45,-5000.0,476.0,0.291,2,3,1,0
64,58900.7,-5000.0,414.0,0.0967,1,2,1,0
29,27484.03,-5000.0,117.0,0.1667,2,5,1,0
43,58426.06,3682.2,451.0,0.4499,1,7,1,0
43,32319.2,-2893.65,230.0,0.3866,1,1,1,0
64,56486.46,-998.98,122.0,0.141,0,5,0,1
33,54462.53,6278.96,141.0,0.4004,1,3,1,1
31,46720.09,-5000.0,377.0,0.2915,2,3,1,0
37,64863.49,3648.29,184.0,0.4289,1,7,0,0
38,8000.0,9784.6,313.0,0.2195,2,5,1,0
28,18377.09,10476.48,213.0,0.4251,1,5,1,0
28,38248.51,7132.54,473.0,0.1458,1,1,0,0
31,8918.42,2582.54,65.0,0.3792,1,7,1,0
44,34828.39,-1989.91,281.0,0.1509,0,5,0,0
37,35634.24,2341.13,170.0,0.1081,2,4,1,0
40,77742.09,16227.71,380.0,0.1024,2,7,1,0
58,48563.34,,452.0,0.2623,1,5,1,0
31,70735.74,2144.95,165.0,0.0244,0,2,0,0
69,52541.87,7509.54,435.0,0.1322,0,1,1,0
60,31608.32,3397.79,291.0,0.2771,1,3,1,0
27,48342.92,4806.34,26.0,0.4304,1,7,0,1
35,63235.66,1026.26,373.0,0.7729,1,3,1,0
28,74835.03,-319.5,264.0,0.1808,2,5,1,0
33,41692.25,10968.0,464.0,0.3918,0,2,1,0
38,8000.0,-5000.0,,0.4228,2,5,0,0
25,8000.0,6828.81,,0.1818,2,4,1,0
18,36839.68,-814.02,82.0,0.1689,2,1,0,0
43,8000.0,-5000.0,37.0,0.0535,1,7,1,1
57,89877.61,-4796.88,338.0,0.1984,1,5,0,0
35,59923.33,2711.63,468.0,0.1692,2,4,0,0
67,29108.32,3811.83,310.0,0.2906,2,1,1,0
39,17258.81,8920.04,289.0,0.5012,2,1,1,0
69,70702.98,9464.15,13.0,0.0636,1,1,1,0
31,17159.07,-5000.0,8.0,0.2421,1,6,0,1
48,19544.33,6020.03,239.0,0.2695,2,5,0,0
61,25851.35,8828.35,249.0,0.3832,0,6,0,0
21,47852.19,4751.38,204.0,0.2818,1,1,1,0
71,60519.94,7019.53,449.0,0.5183,0,6,1,0
38,74816.81,-5000.0,158.0,0.536,2,3,1,1
46,71124.28,-4921.72,472.0,0.2795,2,7,1,0
53,45019.34,13928.38,126.0,0.3885,2,5,0,0
54,70513.05,762.33,156.0,0.1485,2,7,0,0
19,28225.01,20784.83,143.0,0.1262,2,3,1,0
67,8000.0,-5000.0,375.0,0.0507,2,4,1,0
53,28221.72,15510.18,158.0,0.2704,2,1,0,0
74,24843.49,-1885.64,220.0,0.2593,0,4,0,0
44,29200.32,9899.49,53.0,0.4656,0,2,1,1
52,21015.63,,191.0,0.3443,1,1,0,0
43,33472.26,3925.43,95.0,0.3886,0,2,1,1
68,60500.43,7764.35,363.0,0.3301,1,5,0,0
65,87881.43,-1906.83,390.0,0.0568,1,6,0,0
69,8000.0,9408.85,129.0,0.1324,2,3,0,0
46,12806.63,873.01,474.0,0.1539,1,6,0,0
63,25213.84,4424.4,,0.4745,2,6,1,0
38,64143.55,-5000.0,400.0,0.3969,2,7,0,0
44,39876.31,301.32,118.0,0.191,2,5,1,0
61,26897.27,13108.34,,0.3672,2,6,0,0
22,62918.33,8557.42,68.0,0.4784,2,4,0,1
58,68909.76,10092.36,173.0,0.1521,0,2,1,0
18,44531.0,3426.54,182.0,0.4398,1,5,1,0
51,24594.52,16410.2,89.0,0.4624,1,1,1,0
45,51756.99,5307.51,460.0,0.4145,0,2,0,0
44,39168.29,-2280.8,141.0,0.4073,0,6,1,0
46,38974.67,9841.13,201.0,0.1126,2,3,1,0
46,32189.99,10380.79,8.0,0.271,0,6,1,1
41,68124.58,8036.73,327.0,0.5366,1,3,1,0
43,51247.01,-223.47,86.0,0.1576,2,3,1,1
50,70892.52,5251.78,136.0,0.1719,2,6,1,0
61,78408.15,14146.6,440.0,0.5439,2,7,1,0
49,56474.52,6820.4,415.0,0.3629,1,1,1,0
54,32338.07,-5000.0,55.0,0.5079,2,2,1,0
65,,-2030.11,299.0,0.4115,0,5,1,0
74,56641.62,-2402.12,358.0,0.45,2,1,1,0
24,,-3034.59,456.0,0.4107,1,1,0,0
58,52752.57,-5000.0,115.0,0.2406,1,2,1,0
30,62442.2,18124.62,156.0,0.5081,2,4,1,0
29,52260.6,-4010.3,113.0,0.5778,1,3,1,0
63,42522.54,-3431.59,258.0,0.5255,1,2,0,0
21,38530.21,-5000.0,289.0,0.2026,2,1,1,0
66,52356.1,9931.43,91.0,0.2589,0,7,0,0
61,58029.39,2273.08,10.0,0.3223,2,1,1,0
74,73859.7,192.69,,0.0264,2,5,1,0
56,52721.26,615.99,100.0,0.3138,0,6,1,0
67,33427.77,7702.44,280.0,0.3555,1,5,0,0
24,36828.65,-840.17,96.0,0.2834,2,6,1,0
68,11926.58,-5000.0,385.0,0.2579,2,5,1,0
27,86530.35,-5000.0,308.0,0.2438,2,4,1,0
35,31470.66,-5000.0,,0.2427,0,5,0,0
25,69186.01,5202.54,475.0,0.3437,2,2,1,0
40,51913.77,10440.15,337.0,0.0668,0,1,0,0
60,52593.3,14726.45,417.0,0.0405,2,2,0,0
33,42063.8,-5000.0,322.0,0.1891,2,5,1,0
64,25305.03,7962.16,316.0,0.6552,1,3,1,0
52,20786.61,-1920.57,231.0,0.2497,2,6,0,0
53,88211.63,26387.66,314.0,0.5345,2,7,0,0
71,,14068.43,368.0,0.2782,2,7,1,0
42,73131.69,16615.16,473.0,0.3892,2,2,1,0
37,79622.67,9419.52,285.0,0.2494,0,1,0,0
74,34728.83,6055.11,361.0,0.3291,1,4,0,0
49,55587.64,-220.66,454.0,0.3428,1,1,1,0
53,46125.27,-1794.57,293.0,0.0993,0,6,0,0
34,16069.65,-3400.84,366.0,0.2472,2,6,1,0
30,40363.0,7940.61,90.0,0.1635,2,6,1,0
27,59687.66,15483.22,425.0,0.238,1,2,0,0
30,32524.27,145.54,469.0,0.0762,1,1,1,0
29,36878.92,-2778.79,173.0,0.2563,2,1,0,0
60,40665.83,-5000.0,425.0,0.1319,1,3,1,0
21,97788.23,4957.53,389.0,0.1166,2,5,1,0
53,8000.0,12834.14,111.0,0.1323,1,1,1,0
72,57541.08,13234.62,476.0,0.2842,1,3,1,0
61,38666.52,14027.51,280.0,0.2832,2,6,1,0
40,28983.63,6323.25,78.0,0.2116,2,7,1,0
21,38053.11,3721.51,51.0,0.1444,2,6,1,1
65,61684.41,13258.02,245.0,0.3707,2,1,0,0
18,63113.09,-5000.0,249.0,0.174,0,1,1,0
56,49650.43,-526.76,413.0,0.0045,0,4,1,0
56,72318.53,16686.78,245.0,0.3284,2,5,1,0
28,76720.82,-5000.0,190.0,0.1161,2,1,0,0
60,65409.4,2724.33,152.0,0.1471,2,4,1,0
28,31345.19,8050.64,243.0,0.1585,2,6,1,0
30,57361.04,3661.59,127.0,0.621,0,3,1,0
64,57480.02,12195.34,358.0,0.4335,1,7,1,0
73,24609.21,15205.43,65.0,0.0243,2,3,0,0
33,8000.0,6837.31,395.0,0.5217,2,6,1,0
70,,14120.5,103.0,0.3432,2,2,1,0
70,46746.39,-4429.4,95.0,0.3595,0,2,1,1
61,52450.99,1739.69,467.0,0.2179,2,4,1,0
25,15455.46,22241.53,187.0,0.5662,0,1,1,1
35,71150.81,18543.44,326.0,0.431,2,5,1,0
56,48805.45,-5000.0,189.0,0.6993,2,1,0,0
74,78736.32,2897.9,471.0,0.075,1,4,1,0
64,54263.4,4088.6,73.0,0.3439,2,5,1,0
41,18341.66,6332.21,223.0,0.3322,1,5,1,1
31,56457.03,13192.34,43.0,0.7964,2,5,1,0
72,61752.77,17713.27,274.0,0.233,2,5,1,0
33,31309.41,3299.33,357.0,0.4549,2,5,1,0
37,8947.68,11975.89,224.0,0.4084,2,5,0,0
72,47507.4,8185.57,408.0,0.2748,2,7,1,0
50,19978.88,2830.95,368.0,0.1014,1,6,0,0
33,73022.19,-5000.0,456.0,0.3786,1,1,1,0
18,34820.58,11147.79,477.0,0.1748,2,4,0,0
42,88115.03,7841.55,459.0,0.4796,0,6,1,0
74,8000.0,6116.71,207.0,0.3711,2,1,1,0
42,48369.89,-4850.13,477.0,0.3679,1,5,1,0
57,80734.82,18673.1,317.0,0.2499,1,2,0,0
32,22742.39,4219.78,39.0,0.0901,1,4,1,0
62,41019.98,,39.0,0.0441,2,1,0,0
62,,-5000.0,190.0,0.067,2,1,0,0
52,27905.81,8419.78,267.0,0.6756,1,4,1,0
61,51115.57,8658.0,39.0,0.5367,1,3,1,0
50,12614.46,-704.08,276.0,0.2967,1,2,1,0
39,42225.78,6701.0,,0.2657,2,2,0,0
60,57899.86,8340.85,332.0,0.3402,0,3,1,0
65,39622.66,4119.4,,0.1095,1,6,1,0
65,19994.9,-2610.73,174.0,0.3265,1,4,0,0
30,70754.63,10690.85,17.0,0.3524,1,5,1,0
56,63256.42,9701.05,459.0,0.4918,2,1,1,0
18,18970.32,7541.44,252.0,0.6009,1,4,1,0
50,12647.31,-3669.86,302.0,0.6794,2,6,0,0
50,21201.89,-5000.0,255.0,0.3401,0,6,1,0
38,58631.83,3612.19,233.0,0.2818,2,3,1,0
74,51889.32,10436.57,78.0,0.1995,2,3,1,1
68,64752.07,11322.98,270.0,0.5023,2,1,1,0
20,36846.24,7675.05,400.0,0.2175,0,4,1,0
29,21881.64,-603.63,54.0,0.165,1,3,1,1
29,67971.16,-3433.66,189.0,0.4747,2,2,1,0
69,31163.79,2865.07,448.0,0.5913,0,1,1,0
47,49663.7,2940.93,201.0,0.2607,2,4,0,0
59,8000.0,11858.36,77.0,0.277,0,1,1,0
64,30754.74,-837.72,461.0,0.633,1,7,0,0
61,70234.91,-173.19,65.0,0.2224,2,5,1,0
23,27093.14,19439.93,118.0,0.2465,2,7,1,0
25,65362.6,15409.78,223.0,0.3863,1,3,1,0
40,8000.0,-4062.24,185.0,0.2043,2,4,1,0
37,31015.21,14750.02,199.0,0.2627,1,3,1,0
60,40716.13,-5000.0,369.0,0.1925,0,4,0,0
26,88563.51,-472.47,267.0,0.2664,2,5,0,0
39,15773.43,438.05,230.0,0.4826,2,2,0,0
31,61774.83,2379.27,337.0,0.1963,2,7,1,0
28,71423.29,7958.05,289.0,0.1472,0,6,1,0
27,26962.76,3851.79,301.0,0.139,1,3,1,0
29,35661.9,7917.82,229.0,0.0327,1,1,0,0
50,48540.72,-214.73,266.0,0.5771,2,5,1,0
41,8000.0,5993.78,135.0,0.423,2,7,1,0
42,33622.42,3631.73,198.0,0.0755,2,4,1,0
45,76902.8,-5000.0,78.0,0.0943,2,5,1,0
60,58066.37,6864.08,39.0,0.6231,2,3,1,0
67,41081.22,3768.44,408.0,0.4002,2,3,0,0
48,47826.81,-2711.28,387.0,0.2646,2,3,1,0
54,59522.63,-398.74,132.0,0.3989,1,5,1,1
60,64310.25,-202.57,221.0,0.23,1,6,0,0
57,31089.65,1040.65,478.0,0.1942,2,7,1,0
25,83368.02,17071.66,254.0,0.336,2,4,1,0
74,77908.71,19722.04,4.0,0.3708,1,6,1,0
27,61931.44,-5000.0,277.0,0.2241,1,2,1,0
41,23926.0,6905.4,423.0,0.1733,2,2,0,0
55,19494.4,10639.61,110.0,0.4542,2,6,1,1
40,36834.91,1271.39,454.0,0.3908,2,4,0,0
31,46519.13,10424.72,366.0,0.2904,2,4,0,0
70,8000.0,16233.34,28.0,0.078,2,4,1,0
22,57367.33,-5000.0,474.0,0.4906,1,4,0,0
32,77186.56,4070.1,301.0,0.1097,0,4,1,0
74,59411.85,18653.98,103.0,0.0338,1,2,1,0
59,28098.68,-5000.0,375.0,0.2714,2,1,0,0
22,25139.92,2078.14,394.0,0.2592,2,2,1,0
61,52496.31,-587.18,295.0,0.1667,0,1,1,0
73,41167.41,11415.14,462.0,0.4375,2,5,1,0
23,56076.03,12529.97,422.0,0.1281,0,7,1,0
41,60043.03,4298.62,149.0,0.2263,2,1,1,0
44,72297.26,3257.67,63.0,0.416,2,2,1,0
25,16696.91,-5000.0,387.0,0.1922,2,1,1,0
29,50540.47,14384.02,455.0,0.2654,2,2,1,0
27,35913.12,174.67,141.0,0.5376,1,3,1,0
28,42534.12,1861.4,264.0,0.3548,1,3,0,0
41,66610.22,10772.8,244.0,0.051,0,5,0,0
44,69328.15,4580.8,165.0,0.1165,2,6,1,0
31,79961.09,11030.74,258.0,0.0639,0,2,1,0
34,55639.76,7827.28,252.0,0.2674,2,3,1,0
28,42249.58,4630.3,472.0,0.2623,2,5,1,0
63,38678.04,5483.54,162.0,0.169,1,2,0,1
30,8000.0,-5000.0,71.0,0.5781,0,1,1,1
69,78493.38,1808.16,218.0,0.2101,2,7,0,0
48,36952.54,11672.38,67.0,0.4602,1,4,1,1
63,57647.43,-4189.12,75.0,0.1836,1,7,0,0
54,61974.91,-2722.21,304.0,0.4787,2,7,0,0
33,13867.11,-4036.99,,0.3391,1,1,0,0
52,21916.34,4227.04,55.0,0.1684,1,4,1,1
33,83675.5,14220.23,,0.6233,2,4,1,0
24,52260.89,7377.28,87.0,0.2145,2,3,1,0
32,30485.36,-5000.0,224.0,0.3981,2,4,0,0
33,41841.32,8189.0,283.0,0.3557,2,3,1,0
25,72155.92,-536.72,436.0,0.291,0,4,1,0
19,68357.86,7075.06,429.0,0.1169,0,7,1,0
71,8347.96,1804.0,435.0,0.455,2,3,1,0
47,85857.1,-3883.65,202.0,0.235,2,3,1,0
40,69153.7,2428.23,378.0,0.2469,0,5,1,0
71,41188.12,-531.76,139.0,0.2551,2,4,0,0
30,15206.94,5461.72,14.0,0.3476,1,3,0,1
40,71350.22,-4088.04,,0.034,0,3,0,0
66,56910.69,-5000.0,435.0,0.209,1,6,1,0
54,8555.04,8856.65,86.0,0.3079,1,1,0,1
40,39198.05,11870.72,90.0,0.383,1,1,1,0
32,123154.32,7640.46,435.0,0.3172,2,3,1,0
20,45412.54,-2190.18,210.0,0.0511,2,2,0,0
22,,-2920.56,379.0,0.2084,2,6,1,0
27,19787.58,-2459.91,433.0,0.435,1,3,0,0
62,89302.47,10123.16,261.0,0.2038,2,7,1,0
54,66193.99,-3600.39,45.0,0.0722,2,1,1,0
42,80185.98,10072.32,288.0,0.0685,1,3,1,0
62,51204.63,8095.23,63.0,0.235,2,2,1,0
27,76350.48,12901.82,330.0,0.1543,0,1,1,0
30,23791.99,11505.22,276.0,0.3744,2,5,1,0
40,49064.77,7341.24,209.0,0.0799,2,2,0,0
70,52176.34,-5000.0,224.0,0.6651,2,2,0,0
53,79561.17,7881.03,461.0,0.1796,2,7,0,0
66,52971.08,3923.79,187.0,0.6281,2,6,1,0
32,29362.21,,407.0,0.3797,1,6,1,0
66,46601.85,13897.79,388.0,0.2063,2,7,1,0
22,8000.0,1789.31,478.0,0.3007,1,7,0,0
30,8000.0,-1235.59,429.0,0.1802,1,4,0,0
47,65783.53,11992.45,298.0,0.2413,0,5,1,0
20,35631.4,-240.74,475.0,0.3926,2,2,1,0
66,38464.57,-1635.95,336.0,0.2682,2,7,1,0
67,65773.67,-5000.0,59.0,0.3023,2,5,0,0
48,79925.26,-3561.41,46.0,0.429,1,5,0,0
35,58362.2,-2875.11,324.0,0.3217,2,3,1,0
23,93201.82,7968.38,254.0,0.1031,1,4,1,0
53,57567.23,-5000.0,418.0,0.6076,2,1,0,0
48,52555.34,-5000.0,258.0,0.3264,2,4,0,0
61,51009.72,5425.84,115.0,0.0905,2,4,1,0
52,12862.61,-2071.61,411.0,0.0956,1,6,1,0
25,68899.97,2869.86,230.0,0.0805,1,5,0,0
24,8000.0,13259.33,,0.4857,1,7,0,0
62,30343.68,,3.0,0.0221,0,1,0,0
27,45573.26,15076.97,8.0,0.3625,1,1,1,1
71,25255.94,2454.83,64.0,0.4331,2,3,1,0
24,33706.1,11055.65,459.0,0.1528,0,1,1,0
59,90984.39,-1379.42,60.0,0.5539,2,4,1,0
73,72600.6,3861.53,342.0,0.225,2,1,0,0
43,27854.31,-4463.74,,0.2457,2,3,1,0
21,33260.84,-3513.59,422.0,0.4505,1,5,1,0
67,13074.9,1202.67,298.0,0.1229,2,6,0,0
28,62624.84,-5000.0,10.0,0.4315,2,4,0,0
48,38756.44,4274.88,18.0,0.1099,1,1,1,0
74,8000.0,577.92,6.0,0.4867,2,6,1,0
60,47519.59,4876.64,285.0,0.4714,2,4,0,0
20,55974.47,-5000.0,206.0,0.105,2,3,1,0
64,69078.52,8613.86,32.0,0.1504,2,7,1,0
27,43166.13,16580.91,10.0,0.2511,0,3,1,0
60,35683.22,14892.26,97.0,0.4968,2,6,0,0
53,94656.62,18231.25,230.0,0.5484,2,7,0,0
34,45164.65,3339.45,432.0,0.0601,1,6,1,0
42,62989.05,181.38,397.0,0.3274,2,6,1,0
24,31511.51,6900.67,214.0,0.4127,2,1,1,0
74,62247.74,1094.24,137.0,0.1221,1,2,1,0
31,8609.28,-5000.0,375.0,0.3785,1,1,0,0
35,33448.31,9554.4,449.0,0.422,2,7,0,0
46,14793.14,1124.78,150.0,0.1376,1,6,1,0
56,29875.67,-5000.0,238.0,0.5109,2,6,1,0
46,76261.75,-1066.26,53.0,0.4078,2,6,0,0
46,29691.85,1306.72,62.0,0.3536,0,1,1,0
51,62956.4,3094.66,426.0,0.2354,2,2,1,0
66,82931.63,3190.76,108.0,0.2195,1,1,1,0
40,44310.57,13952.16,78.0,0.2589,2,2,0,0
65,69844.18,-5000.0,153.0,0.3573,1,7,1,0
62,58277.15,1782.85,167.0,0.5441,1,6,1,1
72,47910.92,-4031.71,97.0,0.0596,2,1,1,0
70,63757.89,13049.35,336.0,0.3061,2,3,1,0
63,90998.45,,275.0,0.11,1,4,1,0
32,29068.28,249.36,284.0,0.4133,2,5,1,0
62,21019.98,11397.56,473.0,0.2478,2,2,1,0
59,19552.14,13598.2,445.0,0.1074,2,4,1,0
34,69860.7,14780.99,135.0,0.4644,1,4,1,0
56,73234.19,-5000.0,474.0,0.2928,2,7,1,0
32,31574.08,6863.31,325.0,0.735,2,4,0,0
47,8000.0,5160.94,70.0,0.3053,0,6,1,0
63,28131.08,2590.19,153.0,0.261,0,4,1,0
28,58696.35,3532.54,108.0,0.1525,0,5,1,0
37,43331.92,13286.19,383.0,0.0803,2,2,1,0
63,49508.69,11308.71,306.0,0.0274,1,1,1,0
43,31916.39,10175.31,373.0,0.0581,2,4,1,0
72,70352.23,4655.31,70.0,0.3804,2,7,0,0
18,53579.8,21164.73,247.0,0.4756,2,5,1,0
59,59661.59,-204.98,260.0,0.0971,1,4,0,0
64,48976.64,,326.0,0.0992,2,1,1,0
70,58109.2,878.05,178.0,0.3296,1,2,1,0
26,56464.29,3461.9,30.0,0.3047,1,4,1,0
74,21798.13,13425.47,426.0,0.316,1,5,0,0
40,54326.58,,204.0,0.2696,1,3,1,0
38,64787.7,6929.84,440.0,0.2691,1,6,1,0
38,73878.54,-5000.0,198.0,0.4209,1,1,0,0
54,55402.68,11651.34,124.0,0.4445,2,7,1,0
55,20868.74,3546.56,222.0,0.6887,2,2,1,0
45,24717.07,755.55,45.0,0.1758,2,3,1,0
22,34121.3,20053.22,268.0,0.0678,1,2,1,0
74,49736.6,11559.26,475.0,0.032,1,3,1,0
30,41944.1,-5000.0,122.0,0.1868,2,6,1,0
23,16906.7,2124.87,71.0,0.0832,0,6,0,0
52,,24890.56,65.0,0.2218,0,2,0,0
41,8000.0,18830.53,83.0,0.1454,2,7,1,0
53,8000.0,10383.71,188.0,0.63,2,2,1,1
67,41705.45,-5000.0,121.0,0.7426,2,7,1,1
23,103005.76,,342.0,0.237,1,3,1,0
34,89919.49,-2081.48,163.0,0.2944,2,4,1,0
47,20544.21,13588.14,174.0,0.0692,2,5,1,0
62,48747.58,-2781.35,70.0,0.2414,2,3,0,0
52,8385.51,6910.64,275.0,0.6264,2,3,1,0
39,12197.26,-2122.26,154.0,0.3837,2,2,1,0
52,15063.19,93.76,338.0,0.3647,2,6,1,0
73,39362.53,7977.57,10.0,0.3093,1,1,1,0
45,40438.51,-5000.0,308.0,0.2771,0,6,1,0
68,51317.55,21979.34,384.0,0.8583,1,7,0,0
62,61580.41,-5000.0,341.0,0.4856,2,2,1,0
35,36577.98,-5000.0,126.0,0.6115,2,7,1,0
32,45905.05,8001.07,334.0,0.2851,2,1,1,0
61,17654.69,13335.53,392.0,0.376,1,6,1,0
29,11387.57,410.38,252.0,0.1509,1,4,1,0
37,8000.0,-5000.0,310.0,0.3798,2,6,0,1
31,61231.2,-4379.03,391.0,0.1979,2,7,1,0
52,36552.3,-5000.0,230.0,0.538,2,5,1,0
34,8000.0,5465.44,71.0,0.4698,0,2,1,0
55,43422.78,2440.11,466.0,0.2253,2,7,0,0
71,13779.47,6406.66,156.0,0.1816,1,6,1,0
65,86509.47,,185.0,0.2755,1,3,0,0
72,30529.46,9594.5,294.0,0.3912,1,7,1,0
19,62037.65,-279.55,85.0,0.0326,2,4,1,0
43,72224.08,-2905.64,166.0,0.1051,2,3,1,0
30,21126.79,4250.35,277.0,0.3224,1,1,1,0
70,46901.18,2560.08,352.0,0.2166,0,7,0,0
58,58836.7,5023.62,67.0,0.5972,1,6,0,0
36,47888.65,-2693.7,397.0,0.4307,1,5,0,1
50,54027.52,8137.74,132.0,0.2771,1,7,1,0
52,11759.27,-5000.0,438.0,0.2766,2,4,1,0
46,58850.91,-523.08,435.0,0.2536,1,1,0,0
45,32845.9,12032.33,341.0,0.039,1,5,0,0
21,53736.28,-5000.0,428.0,0.1099,1,2,1,0
43,67999.72,11401.94,76.0,0.1398,2,4,1,0
37,61720.21,-5000.0,223.0,0.4132,2,6,0,0
64,53717.99,-5000.0,67.0,0.14,2,2,1,0
67,61053.21,-5000.0,229.0,0.1638,2,2,1,0
60,62210.28,3934.45,279.0,0.1703,1,1,1,0
19,82387.53,8836.77,272.0,0.0691,1,3,0,0
65,44148.73,13340.75,36.0,0.208,2,5,1,0
40,49098.92,12702.97,40.0,0.4853,2,1,1,0
41,68301.67,9901.59,479.0,0.0936,2,7,1,0
71,32740.31,-3654.27,121.0,0.2168,2,3,0,0
67,11618.31,-3724.03,,0.1689,1,2,1,0
20,57330.75,9302.34,278.0,0.3854,2,7,1,0
38,39849.41,,76.0,0.3763,2,2,1,0
60,14811.81,-5000.0,154.0,0.3796,2,3,1,0
48,57513.55,13351.99,288.0,0.4517,1,7,1,0
32,80778.33,-5000.0,102.0,0.4147,2,3,0,0
47,8000.0,6119.4,,0.3207,0,4,1,0
67,70558.12,2169.54,310.0,0.3201,2,7,0,0
30,8000.0,1366.48,474.0,0.2678,2,1,1,0
60,34992.83,3250.17,271.0,0.5942,2,5,0,0
59,91012.9,-3829.84,384.0,0.4633,1,4,1,0
68,36791.9,6568.62,156.0,0.1044,2,1,1,0
34,47248.46,3485.35,333.0,0.1998,0,1,1,0
30,64071.66,10482.49,449.0,0.0337,2,7,1,0
49,8000.0,15723.12,394.0,0.2821,1,7,1,0
48,46802.37,4015.34,373.0,0.3924,1,5,1,0
41,46605.33,-3549.75,216.0,0.1209,0,1,1,0
62,91558.02,-5000.0,286.0,0.2459,2,5,0,0
63,14106.48,16586.01,284.0,0.4701,2,5,1,0
32,35461.52,15562.98,100.0,0.6304,2,6,0,0
63,21791.11,10098.97,126.0,0.274,2,3,0,0
31,19139.7,3478.83,311.0,0.0623,0,3,0,0
41,73185.07,9521.32,305.0,0.0726,1,7,1,0
19,45666.29,13435.72,330.0,0.2558,1,7,1,0
37,31110.82,-1943.66,289.0,0.2307,1,1,1,0
72,32053.85,3238.36,279.0,0.3245,1,6,1,0
43,30919.32,-5000.0,249.0,0.2857,0,4,0,0
58,33154.92,1967.51,306.0,0.3413,1,2,1,0
24,13388.87,15354.19,173.0,0.3256,2,7,1,0
54,38531.76,11628.38,77.0,0.3133,0,4,0,0
39,36019.83,4080.05,324.0,0.2858,0,2,0,0
60,26055.08,-5000.0,160.0,0.346,2,1,1,0
70,48876.16,-2246.34,363.0,0.2048,2,1,0,0
48,50997.24,3819.25,427.0,0.8057,2,1,1,0
23,31083.82,1272.69,187.0,0.2052,2,2,0,0
45,41396.65,3262.18,65.0,0.3916,2,5,1,1
25,98965.59,4940.72,0.0,0.3598,1,4,1,0
43,98010.83,-1269.45,283.0,0.4697,2,3,0,0
21,18647.75,2939.75,423.0,0.56,1,2,1,0
54,22138.81,1804.45,430.0,0.4909,0,3,1,0
35,18514.92,-2625.62,,0.2912,1,2,1,0
29,71426.35,17770.7,6.0,0.311,2,6,0,0
18,35036.77,-811.67,26.0,0.2691,2,3,1,1
68,50991.86,-5000.0,464.0,0.4972,0,3,1,0
65,94924.18,17266.13,323.0,0.3002,1,6,1,0
64,44738.38,-3770.21,424.0,0.4435,2,5,0,0
21,62656.22,10199.27,470.0,0.4274,2,1,1,0
37,58010.52,-2447.09,343.0,0.349,1,6,1,0
73,30294.57,7554.23,192.0,0.1691,2,6,0,0
50,71479.04,2614.82,340.0,0.4451,2,5,1,0
25,23757.48,11002.65,300.0,0.0687,0,6,0,0
26,78496.99,1290.37,416.0,0.0336,1,3,1,0
32,30313.73,-2242.56,413.0,0.6381,0,6,1,0
73,33050.81,5056.16,82.0,0.0977,2,4,1,0
27,17787.8,-59.93,422.0,0.0701,1,7,0,0
69,21893.51,-5000.0,335.0,0.0636,0,3,1,0
56,34330.89,-1812.01,352.0,0.1759,0,7,1,0
70,8000.0,25950.15,164.0,0.2437,2,3,1,0
65,39166.69,-5000.0,233.0,0.4243,2,7,1,0
36,32300.64,4928.4,420.0,0.3298,1,1,0,0
65,64750.28,1056.83,66.0,0.3287,2,1,0,0
27,55574.52,17691.36,255.0,0.3465,0,1,1,0
34,27309.06,-5000.0,464.0,0.1752,1,7,1,0
30,33536.23,3810.43,367.0,0.1307,2,1,1,0
25,39134.55,8489.58,71.0,0.3821,2,6,0,0
23,82148.91,1565.64,80.0,0.2789,2,3,1,0
28,24442.38,-3140.42,241.0,0.1495,2,3,0,0
24,27005.98,2822.43,116.0,0.3173,1,4,1,0
39,16785.4,524.03,423.0,0.0522,1,5,1,0
22,8000.0,501.58,402.0,0.178,2,5,1,0
21,52675.09,10445.7,457.0,0.3205,2,1,1,0
74,50072.58,6223.6,189.0,0.3564,1,2,1,0
22,77069.05,7414.14,137.0,0.0699,2,6,0,0
22,71035.23,5642.37,253.0,0.2967,2,3,1,0
19,104927.92,10679.04,55.0,0.7438,2,5,1,1
25,43153.18,13434.08,348.0,0.2932,1,7,1,0
48,38486.76,706.29,417.0,0.4558,1,3,0,0
65,,9555.75,81.0,0.3677,1,4,1,0
59,62414.45,-5000.0,94.0,0.0754,2,1,0,0
51,47963.36,-5000.0,145.0,0.6557,1,4,0,0
22,61281.66,17611.24,384.0,0.1924,2,3,1,1
62,16521.89,333.13,156.0,0.5468,2,5,1,0
20,53790.1,5019.78,350.0,0.4739,0,3,0,0
53,50129.99,-5000.0,440.0,0.2867,2,6,0,0
41,48475.88,-5000.0,210.0,0.3844,1,6,1,0
68,27918.35,-2703.55,66.0,0.2119,2,3,1,0
35,74733.12,8143.18,439.0,0.3892,1,1,1,0
54,96257.69,-1132.34,178.0,0.4652,1,4,1,0
43,17241.4,313.68,287.0,0.3477,2,1,1,0
47,63011.1,-2956.09,460.0,0.4301,1,2,0,0
71,8000.0,12326.3,430.0,0.2968,2,7,1,0
58,61715.25,9948.24,400.0,0.1753,1,5,1,0
41,8000.0,-873.19,169.0,0.6198,1,5,0,0
43,31875.82,8472.93,321.0,0.1025,2,7,1,0
58,12174.38,1038.1,160.0,0.3463,1,5,1,0
37,39609.71,299.61,263.0,0.0707,0,2,1,1
27,65969.84,2602.31,161.0,0.8196,1,7,1,0
44,8000.0,8145.87,402.0,0.0225,2,7,1,0
21,36013.01,-4137.6,360.0,0.1104,2,6,1,1
27,32165.78,7019.16,454.0,0.0728,1,6,1,0
41,84526.22,22982.57,127.0,0.4938,2,1,0,0
63,55794.03,4464.97,443.0,0.1866,1,7,0,0
62,15569.57,3285.74,118.0,0.1301,1,1,1,0
32,33217.64,2326.66,306.0,0.0691,0,5,1,0
42,83902.61,6825.69,83.0,0.3066,1,2,1,0
26,62859.13,-5000.0,349.0,0.6283,1,5,1,0
61,22044.16,16608.67,371.0,0.2893,1,4,1,0
32,38323.24,10849.5,372.0,0.5077,2,6,1,0
63,39122.27,-2156.13,133.0,0.0698,2,1,1,0
65,31550.45,3252.38,388.0,0.2294,2,4,0,0
57,8000.0,-1458.79,76.0,0.5299,1,1,0,0
36,28059.46,5393.88,351.0,0.5181,1,6,0,0
72,79729.98,3490.81,225.0,0.3613,2,3,0,0
57,35471.39,4829.07,86.0,0.4048,0,5,1,0
54,42418.66,-5000.0,467.0,0.1806,0,3,1,0
66,48513.14,-852.35,364.0,0.2057,2,5,0,0
68,100453.53,12168.46,70.0,0.6617,2,7,1,0
22,45221.87,-1270.33,187.0,0.2673,0,4,1,0
68,72348.63,-5000.0,354.0,0.3255,1,3,1,0
61,30045.5,1794.96,95.0,0.2783,1,3,0,0
29,38515.02,22291.93,227.0,0.037,1,1,1,1
35,45313.82,9791.02,49.0,0.3176,2,7,0,0
60,,-1673.17,10.0,0.1269,1,6,1,1
30,39907.06,2595.19,115.0,0.4205,2,7,1,0
43,67201.27,8438.87,341.0,0.3788,1,5,1,0
57,24990.89,-5000.0,243.0,0.0538,0,1,1,0
55,45002.23,-3848.47,148.0,0.3304,1,4,1,0
69,62718.34,6186.78,118.0,0.2277,1,3,1,1
24,24388.35,15755.89,385.0,0.4839,2,6,1,0
34,72385.34,-514.59,319.0,0.4442,2,1,0,0
74,46822.09,15536.14,414.0,0.3696,1,7,0,0
50,40871.94,-3034.59,462.0,0.0937,2,2,1,0
32,8000.0,-5000.0,303.0,0.3028,0,1,1,0
34,35659.69,8950.49,21.0,0.3043,2,1,1,0
37,54289.81,7323.19,450.0,0.3439,2,3,0,0
49,88633.63,8889.47,62.0,0.1658,1,2,1,1
34,59197.23,8576.84,340.0,0.0616,2,3,1,0
53,73155.41,4534.0,118.0,0.4458,1,6,0,0
43,14772.39,929.48,368.0,0.2853,1,1,1,0
52,41829.44,1234.49,386.0,0.3669,2,1,0,0
26,75518.66,-683.21,380.0,0.4976,2,1,1,0
53,22806.66,-203.13,130.0,0.0167,2,6,0,0
70,69130.57,-5000.0,308.0,0.3594,2,7,1,0
25,63332.95,-5000.0,91.0,0.3721,0,4,0,1
36,51868.09,1692.63,425.0,0.36,1,5,0,0
57,36782.43,,73.0,0.1765,2,4,0,0
53,20342.62,-5000.0,,0.2544,2,4,1,0
56,89384.48,325.74,71.0,0.3696,1,1,0,0
49,60796.56,1973.35,138.0,0.2328,0,5,1,0
56,53515.4,493.16,345.0,0.4967,2,3,1,0
52,34678.76,-5000.0,460.0,0.0903,2,7,0,0
22,,15419.16,339.0,0.1902,2,6,0,0
60,49117.93,-5000.0,164.0,0.1914,2,7,1,0
43,54996.89,-3545.29,149.0,0.297,2,4,1,0
20,63358.51,,302.0,0.2694,1,3,1,0
41,25438.21,13392.25,215.0,0.4042,2,5,1,0
42,8335.08,6371.36,99.0,0.156,1,1,1,0
22,47107.02,-785.94,301.0,0.3232,0,2,1,0
74,8000.0,-1349.25,208.0,0.2755,0,4,1,0
30,,4436.75,468.0,0.1096,0,2,0,0
36,32270.25,-5000.0,14.0,0.1135,0,3,0,0
43,57293.7,6045.92,356.0,0.4988,2,2,0,0
65,94564.93,-1389.16,383.0,0.4718,2,1,1,0
60,8000.0,,385.0,0.1228,2,1,1,0
61,101854.63,6885.78,336.0,0.6226,1,7,1,0
31,39173.12,-1748.89,469.0,0.4569,1,3,0,0
66,53695.22,-5000.0,148.0,0.2032,1,2,1,0
65,9629.2,1025.4,182.0,0.192,1,6,1,0
44,69921.79,-5000.0,448.0,0.348,2,4,1,0
49,46036.81,3629.08,33.0,0.2731,1,7,1,0
20,43463.31,,396.0,0.3154,1,7,0,0
61,8000.0,-1703.96,358.0,0.09,2,4,0,0
72,46844.92,-5000.0,282.0,0.4394,2,6,1,0
44,66145.71,,58.0,0.2315,1,4,1,1
48,39093.03,-629.46,293.0,0.416,1,1,1,0
46,74354.98,21826.81,210.0,0.5794,2,2,0,0
22,73322.38,3279.44,42.0,0.528,2,5,0,0
53,28972.62,5812.71,354.0,0.0224,2,5,1,0
59,84877.85,3313.7,389.0,0.4424,2,4,1,0
70,46132.37,5732.57,268.0,0.5305,0,4,1,0
70,46243.63,11741.5,78.0,0.2284,2,7,1,0
46,47474.53,11833.81,176.0,0.457,0,4,0,0
72,46732.89,-5000.0,259.0,0.4298,1,1,1,0
48,8000.0,9843.98,246.0,0.1821,2,5,1,0
54,40362.34,6977.12,283.0,0.5572,2,2,1,0
52,10901.34,3287.14,117.0,0.3402,2,7,1,1
74,85658.39,16700.41,382.0,0.1499,2,5,1,0
60,84652.07,17022.13,35.0,0.0789,2,4,1,1
24,66298.46,10236.77,473.0,0.5574,2,4,0,0
22,39038.31,-1348.27,197.0,0.4142,1,4,0,0
41,19799.63,-5000.0,397.0,0.3962,2,6,0,0
47,28560.47,9035.2,27.0,0.3183,1,4,1,0
56,93566.05,13876.27,321.0,0.3781,1,1,1,0
45,27695.07,-5000.0,470.0,0.2641,2,4,1,0
47,8000.0,11690.36,461.0,0.1073,0,2,1,0
70,70754.14,961.08,214.0,0.2604,2,6,1,0
37,82512.58,-5000.0,179.0,0.1409,1,2,0,0
46,86480.39,6755.17,423.0,0.1058,2,2,1,0
49,70958.7,10275.09,306.0,0.3468,1,7,1,0
44,75037.99,189.21,456.0,0.5899,2,7,1,0
73,46323.35,-5000.0,112.0,0.5367,1,7,1,1
72,8000.0,16696.73,215.0,0.4352,2,2,0,0
47,45697.03,-2349.1,150.0,0.284,1,5,1,0
43,,12275.78,201.0,0.3749,2,7,1,0
51,41618.25,-5000.0,418.0,0.1132,1,6,1,0
28,40479.1,6328.04,428.0,0.2679,2,3,0,0
42,20897.05,6100.06,285.0,0.6828,2,2,1,0
30,19956.53,9987.33,16.0,0.4254,2,1,1,0
26,90953.71,14943.87,212.0,0.2543,0,3,1,1
23,91858.66,-3509.04,233.0,0.1668,2,5,1,0
51,44933.82,7166.2,342.0,0.2002,1,6,0,0
18,52038.09,-5000.0,128.0,0.3683,1,7,1,0
54,20478.55,-5000.0,277.0,0.3843,0,2,0,0
42,61064.37,-1626.68,361.0,0.2911,1,5,1,0
38,88991.23,6274.62,273.0,0.3811,2,1,1,0
61,8000.0,16414.94,401.0,0.1584,0,1,0,0
48,56597.08,17871.56,121.0,0.3362,0,4,0,0
59,58475.56,160.87,297.0,0.2811,2,3,0,0
58,58190.16,5444.28,218.0,0.0298,0,2,1,0
19,86070.44,10544.04,195.0,0.2821,0,1,1,0
30,95900.46,9123.06,203.0,0.4421,1,6,0,0
50,39162.91,1644.35,266.0,0.618,1,7,0,0
73,61829.34,3608.84,246.0,0.3482,1,6,0,0
26,47105.84,2118.55,275.0,0.1134,2,2,1,0
24,29197.12,1333.01,460.0,0.1431,1,4,0,0
71,51770.35,268.72,304.0,0.2528,0,7,1,0
73,61787.49,2042.73,262.0,0.2788,1,2,1,0
27,50423.22,-246.51,442.0,0.1578,0,1,1,0
40,22970.47,-5000.0,114.0,0.2732,2,5,1,0
53,33410.98,,119.0,0.3516,0,1,1,0
29,33602.31,7130.06,55.0,0.3326,1,5,0,0
36,23938.9,18012.75,96.0,0.1975,1,6,1,0
40,52838.49,5956.14,37.0,0.1239,2,5,1,0
54,55452.8,-335.68,91.0,0.2166,2,4,0,0
35,69487.94,-2011.48,314.0,0.2381,2,7,1,0
41,23559.44,3378.93,334.0,0.057,2,4,0,0
34,30563.03,7423.0,310.0,0.2506,2,4,0,0
61,83864.24,1042.32,434.0,0.2625,1,5,1,0
26,40887.6,-5000.0,411.0,0.0747,2,3,0,0
31,45753.28,-2912.08,156.0,0.6636,1,2,1,0
32,40622.41,3144.2,91.0,0.2749,0,3,1,0
69,73325.77,8922.27,201.0,0.3024,2,4,1,0
71,74295.22,-5000.0,445.0,0.7918,2,5,0,0
46,72830.2,5120.67,464.0,0.503,2,1,1,0
26,45664.19,4768.96,98.0,0.4765,1,1,0,0
61,23189.1,-612.61,69.0,0.506,1,2,0,1
46,93130.33,-1695.38,354.0,0.0852,2,6,0,0
66,66407.72,-2890.59,422.0,0.2551,1,6,1,0
38,33583.53,4126.45,456.0,0.0869,2,1,0,0
74,80595.47,12014.55,460.0,0.2929,1,5,0,0
63,31609.78,12582.28,135.0,0.1076,1,1,1,0
30,80267.59,-5000.0,383.0,0.6956,0,1,1,0
59,81957.11,1504.17,323.0,0.712,1,7,1,0
34,21962.93,-5000.0,161.0,0.3343,2,4,1,0
37,59543.96,3873.47,7.0,0.2064,0,4,1,1
32,64554.77,7781.18,313.0,0.2874,1,1,0,1
56,,15567.69,173.0,0.2508,1,4,1,0
32,26442.47,,139.0,0.2827,0,4,1,0
54,80813.58,,4.0,0.1834,1,5,1,0
51,45433.65,4153.09,58.0,0.291,2,3,0,0
60,13965.9,-5000.0,91.0,0.151,2,1,1,0
74,42000.32,4377.7,51.0,0.3703,0,1,0,1
18,45061.62,7984.02,455.0,0.2761,1,4,0,0
74,18527.75,-5000.0,4.0,0.2257,1,5,1,0
24,52804.34,4060.68,186.0,0.2407,0,5,1,0
48,68945.23,-5000.0,469.0,0.2515,2,1,1,0
37,50955.02,14003.41,56.0,0.5617,2,1,1,0
54,31453.9,4653.17,314.0,0.5916,1,2,1,0
59,41288.2,-2120.51,120.0,0.2686,1,5,0,0
67,44886.42,-5000.0,154.0,0.3403,1,4,1,1
40,50433.04,6113.2,213.0,0.4539,2,2,1,0
71,72745.77,13863.48,277.0,0.1189,2,1,0,0
36,51798.49,,365.0,0.2914,2,1,1,0
29,9932.58,-517.16,297.0,0.5587,2,7,1,0
39,30941.97,-3017.13,9.0,0.0438,1,1,1,0
48,49150.53,15443.94,87.0,0.3017,0,2,0,1
56,73103.11,-5000.0,301.0,0.1486,2,4,1,0
65,77446.16,13284.75,138.0,0.2225,1,2,0,0
30,89367.13,-17.58,28.0,0.3363,2,1,1,0
35,48265.36,2427.08,262.0,0.141,1,7,1,0
71,64082.73,274.92,152.0,0.2542,1,5,1,0
43,8638.46,4916.81,,0.139,1,2,1,0
31,55747.04,-2838.39,427.0,0.1985,2,3,1,0
74,18118.4,11467.07,62.0,0.1375,2,1,1,0
43,43436.52,11791.98,373.0,0.2869,1,1,0,0
74,120745.96,-4867.27,412.0,0.3867,2,6,1,0
70,52588.86,8339.74,307.0,0.244,2,4,1,0
69,23404.67,148.05,292.0,0.0461,2,1,0,0
51,55194.73,3413.07,222.0,0.2883,0,6,0,0
63,32073.12,15201.21,235.0,0.3107,1,1,1,0
72,20981.4,-2392.27,37.0,0.4102,2,2,0,0
33,97578.49,,69.0,0.6694,1,6,0,0
20,71670.3,6657.0,328.0,0.1633,0,2,1,0
36,53638.42,1447.77,263.0,0.1036,1,7,0,0
54,35204.42,5939.23,83.0,0.3129,2,2,0,0
49,37230.26,4987.3,169.0,0.2421,1,3,1,0
22,83562.05,-5000.0,310.0,0.0382,2,5,1,0
49,52664.44,-1853.79,90.0,0.1992,2,5,0,0
27,8000.0,-5000.0,101.0,0.2233,1,3,0,0
46,105523.46,787.05,422.0,0.2485,2,7,0,0
50,49576.56,13760.28,219.0,0.3295,2,7,1,0
54,53584.23,7648.22,221.0,0.5784,2,4,0,0
41,72167.37,-5000.0,35.0,0.1801,2,7,1,0
41,56635.07,813.06,38.0,0.4512,2,7,0,0
56,63672.72,4869.0,311.0,0.2804,0,1,1,0
60,34406.91,8952.71,145.0,0.3495,1,1,1,0
64,14255.12,-2206.14,134.0,0.0279,2,3,0,0
37,52005.82,-5000.0,87.0,0.0599,1,2,0,1
42,80790.37,2549.26,361.0,0.3464,1,1,1,0
36,28804.94,7552.24,450.0,0.3024,2,5,1,0
48,26799.4,4878.77,125.0,0.2459,2,1,0,0
25,75525.48,-4077.42,116.0,0.3511,2,1,1,0
42,33568.87,17036.95,374.0,0.1863,2,5,1,0
28,34736.0,2209.48,243.0,0.5053,2,1,0,0
48,35671.39,4549.68,381.0,0.1235,2,4,1,0
66,43375.48,-2295.74,357.0,0.1633,2,1,1,0
74,8000.0,11852.06,381.0,0.1444,1,5,1,0
43,31516.5,7574.78,76.0,0.5916,2,7,1,1
21,50759.2,5517.31,256.0,0.5104,2,2,1,0
30,50580.95,-5000.0,209.0,0.4655,0,4,1,0
23,73949.83,11752.24,416.0,0.408,2,6,1,0
61,90984.81,9055.22,313.0,0.2117,2,7,0,0
74,82812.09,11119.47,357.0,0.2438,1,1,1,0
49,67866.31,3296.23,423.0,0.0981,1,2,1,0
28,41281.64,2401.11,331.0,0.0613,2,6,1,0
19,29423.27,1543.26,313.0,0.2788,2,4,1,0
73,45446.96,21231.98,254.0,0.3351,2,7,1,0
36,59639.47,,38.0,0.5985,2,1,1,1
24,65548.44,-5000.0,345.0,0.0576,0,5,1,0
28,60577.14,13.95,154.0,0.2713,1,3,1,0
32,41970.61,-1265.02,59.0,0.1091,1,5,1,0
55,64671.56,13078.77,168.0,0.1938,1,6,0,0
68,76521.81,-5000.0,166.0,0.2763,2,4,1,1
33,67004.01,-1490.33,186.0,0.3259,2,6,1,0
57,44199.67,4524.19,134.0,0.1348,2,2,0,0
21,24153.78,13146.34,451.0,0.347,2,6,1,0
18,23560.81,8705.06,424.0,0.2985,0,6,0,0
21,27969.56,15952.14,17.0,0.255,1,7,1,0
70,51426.88,5766.34,238.0,0.1425,1,1,1,0
51,57995.09,1371.04,145.0,0.1583,0,5,1,0
63,9636.69,9844.45,407.0,0.2476,2,5,1,0
19,32400.12,-5000.0,236.0,0.2207,2,7,1,0
19,51082.14,-5000.0,304.0,0.2376,2,3,1,0
66,22508.0,10810.11,41.0,0.2627,0,2,0,0
23,55847.6,4684.53,342.0,0.1664,1,2,1,0
26,37314.29,10712.03,232.0,0.3119,1,4,1,0
47,26914.49,-3818.98,420.0,0.2415,2,6,1,0
52,46330.14,13278.27,51.0,0.2581,2,5,1,0
31,54807.01,8362.87,145.0,0.1654,1,1,1,0
43,23786.78,2751.04,402.0,0.1538,1,4,1,0
56,38934.69,4658.78,112.0,0.4446,1,2,1,0
43,56691.96,5775.42,129.0,0.5172,2,5,1,0
39,25947.75,-3853.86,145.0,0.1278,2,6,1,0
22,8000.0,-80.12,,0.1566,2,4,1,0
43,8000.0,5648.98,26.0,0.5388,2,7,0,1
63,34548.73,-401.07,296.0,0.2342,1,7,0,0
53,12039.54,-5000.0,388.0,0.4263,2,1,0,0
68,36306.95,5359.11,146.0,0.2103,2,6,0,0
25,86623.57,9688.27,82.0,0.4354,2,2,1,0
18,10535.04,11548.28,168.0,0.2095,1,5,1,0
49,37934.88,7258.48,309.0,0.3084,2,1,1,0
28,98307.61,9546.46,245.0,0.2852,0,3,0,0
51,55203.25,10900.07,289.0,0.5724,0,2,0,0
69,35806.92,,386.0,0.5276,2,2,1,0
37,41077.93,-5000.0,454.0,0.253,2,1,1,0
49,55734.06,12278.25,217.0,0.1144,1,4,0,0
56,87394.3,-4146.55,365.0,0.6456,1,5,1,0
26,31728.66,-5000.0,235.0,0.0591,2,3,1,0
69,26059.74,-5000.0,66.0,0.3364,2,1,0,0
29,10529.78,22876.62,286.0,0.2154,2,7,1,0
64,47577.4,6524.38,457.0,0.2633,1,3,0,0
55,9857.82,-5000.0,204.0,0.1461,2,4,1,0
26,33405.43,-2467.33,259.0,0.2635,2,5,0,0
59,22282.91,2994.2,348.0,0.3213,0,6,0,0
29,71853.09,7339.23,398.0,0.387,0,7,1,0
52,32290.09,5234.34,2.0,0.477,2,3,1,1
72,54923.26,-4428.85,,0.1761,1,2,0,0
72,8000.0,5537.17,231.0,0.7045,1,4,1,0
67,48287.67,-1889.5,53.0,0.4004,1,6,1,1
46,14920.99,11375.32,443.0,0.1891,2,1,1,0
49,34358.79,3450.37,338.0,0.3747,1,7,0,0
35,100280.06,-3074.67,295.0,0.0438,2,7,0,0
70,68304.36,8511.63,280.0,0.2998,1,4,0,0
45,41789.69,6065.96,233.0,0.5764,0,2,1,0
61,124973.55,-798.93,23.0,0.0795,1,5,0,0
38,22120.63,8840.74,370.0,0.233,1,4,0,0
60,74130.41,8032.94,229.0,0.4469,2,1,1,0
30,8000.0,12614.58,188.0,0.111,0,7,1,1
59,38901.93,8681.11,209.0,0.1503,1,5,0,0
20,11305.26,1288.42,224.0,0.2053,2,3,0,0
23,51431.9,-5000.0,451.0,0.0785,1,1,1,0
38,,,93.0,0.4512,1,1,1,1
45,37308.38,5734.43,84.0,0.1545,1,4,1,0
58,72301.43,3409.58,59.0,0.2888,2,1,1,0
38,30822.53,-5000.0,297.0,0.0596,1,5,1,0
19,53171.29,8430.64,12.0,0.3194,2,5,1,0
36,65513.87,-4296.4,380.0,0.1124,1,2,1,0
43,8000.0,8485.78,351.0,0.6617,2,5,0,0
48,26289.64,16605.48,340.0,0.1647,2,1,0,0
54,46346.52,977.62,224.0,0.423,0,3,0,0
32,60753.84,6507.87,196.0,0.1973,1,5,1,0
52,80530.94,3262.22,450.0,0.4039,2,7,1,0
54,39603.01,7204.67,398.0,0.3653,1,6,1,0
62,37088.22,3827.56,84.0,0.0791,2,7,1,0
47,23185.1,-1135.84,124.0,0.1384,1,6,1,0
64,53249.6,-4239.54,117.0,0.1376,0,2,1,1
30,37572.06,15723.73,226.0,0.1785,2,5,0,0
58,38149.19,6508.42,306.0,0.2557,0,4,0,0
20,42652.79,9644.12,106.0,0.3101,2,6,0,0
23,58790.7,6192.5,26.0,0.4153,2,5,1,0
67,30906.74,10806.14,184.0,0.5537,2,4,1,0
45,25696.05,-4167.74,241.0,0.2755,0,1,1,0
53,55793.1,3665.45,322.0,0.0236,2,4,1,0
52,8000.0,7043.89,59.0,0.2299,2,3,1,0
57,29908.05,13341.36,330.0,0.4789,0,5,1,0
31,16217.26,24384.61,77.0,0.1056,2,2,1,0
28,75081.46,6260.15,140.0,0.2332,2,3,1,0
20,33976.68,-2288.81,245.0,0.1883,0,4,0,1
67,30982.1,-5000.0,,0.3171,2,6,0,0
30,43784.44,-4238.52,273.0,0.4092,2,6,1,0
50,30115.69,-3192.96,18.0,0.3262,0,2,1,0
43,34933.8,-5000.0,101.0,0.5658,1,6,1,1
27,47427.76,-2405.24,271.0,0.1688,2,1,0,0
41,34448.99,8733.93,130.0,0.3547,1,1,0,0
22,34269.56,3603.2,207.0,0.0725,1,3,1,0
28,19746.06,931.0,136.0,0.1833,2,2,1,0
25,16155.41,-5000.0,240.0,0.0459,1,4,1,0
64,46515.92,11403.28,68.0,0.1835,2,5,1,0
50,52665.01,7094.51,74.0,0.0723,2,7,0,0
70,9296.08,2896.55,463.0,0.6705,0,2,0,0
42,63998.54,-5000.0,159.0,0.3355,2,3,1,0
29,64101.19,-926.18,332.0,0.2965,0,6,1,0
52,69367.23,6469.75,4.0,0.0891,2,6,1,1
70,52497.23,2771.46,53.0,0.4357,1,4,0,1
48,60927.05,4535.5,378.0,0.3198,2,2,0,0
19,99625.65,8483.57,171.0,0.5125,0,1,0,0
35,37461.96,4237.91,144.0,0.3033,1,3,1,0
70,18857.71,8197.4,,0.1784,2,3,1,0
47,8000.0,-3748.39,127.0,0.3162,2,5,1,0
72,88891.85,-5000.0,112.0,0.141,2,6,0,0
47,89219.68,6818.89,382.0,0.2127,2,4,1,0
18,21885.01,8459.27,450.0,0.415,1,6,1,0
67,26816.98,7151.79,16.0,0.3144,2,3,1,0
61,36900.22,4052.69,65.0,0.235,1,5,1,0
58,75606.42,407.67,,0.2221,2,1,1,0
73,12817.45,4687.89,422.0,0.1835,0,2,1,0
29,8000.0,6034.4,152.0,0.413,2,4,1,0
69,99187.86,6514.38,404.0,0.188,1,7,0,0
31,52809.33,,2.0,0.132,1,1,1,0
73,56360.33,-4366.43,356.0,0.21,2,1,1,0
28,39872.35,28807.94,452.0,0.1755,1,7,1,0
49,56644.62,-5000.0,238.0,0.3745,1,3,0,0
62,8000.0,6085.35,280.0,0.5751,0,4,1,0
22,23976.99,-5000.0,124.0,0.1372,2,4,1,0
21,47628.95,5449.95,376.0,0.295,2,4,1,0
66,8000.0,10856.98,398.0,0.3604,0,3,0,0
21,37437.06,3260.66,399.0,0.2294,2,5,1,0
52,35895.89,10784.64,400.0,0.4078,1,6,0,0
71,37432.74,-389.46,37.0,0.3633,2,6,1,0
53,31222.95,-5000.0,252.0,0.2679,1,5,1,0
45,20102.7,8013.67,244.0,0.4005,2,2,0,0
41,8000.0,3245.11,22.0,0.7106,2,2,1,0
54,48618.68,-836.91,384.0,0.2357,1,6,0,0
50,37496.9,-284.49,92.0,0.2393,0,4,1,1
46,10617.96,6252.65,203.0,0.1919,2,6,1,0
26,46563.34,-3516.26,26.0,0.0218,2,2,0,0
55,37626.25,6001.96,378.0,0.3783,2,4,0,0
60,33474.4,12509.1,86.0,0.2837,2,3,1,0
58,8000.0,19480.56,247.0,0.0993,2,6,1,0
22,62069.19,14236.21,244.0,0.6448,2,6,1,0
58,14173.72,4293.96,46.0,0.4362,1,3,0,0
59,46581.76,5061.32,410.0,0.1045,2,3,1,0
28,24793.29,-201.99,3.0,0.3972,1,2,1,1
66,35281.84,-725.15,313.0,0.3528,2,5,1,0
47,73807.31,9976.25,82.0,0.3465,2,2,1,0
44,58290.46,539.92,288.0,0.19,2,5,0,0
59,73251.0,5928.8,108.0,0.2088,0,1,0,1
47,53259.64,-4700.08,359.0,0.1357,1,6,1,0
49,54903.59,13962.5,270.0,0.0733,2,4,1,0
35,8000.0,420.35,307.0,0.157,1,3,0,0
70,37061.88,11703.83,473.0,0.4147,1,7,1,0
73,39377.28,-2630.59,212.0,0.2483,2,2,1,0
25,75591.62,-3053.68,364.0,0.4365,2,4,1,0
59,32344.27,13624.25,391.0,0.3126,1,7,1,0
19,51621.49,-2008.06,155.0,0.1435,2,4,0,0
39,50643.93,-5000.0,148.0,0.3517,2,4,0,0
73,73941.88,-5000.0,338.0,0.2439,1,6,1,0
27,41656.4,9853.67,445.0,0.1579,1,1,0,0
39,65694.67,9084.96,7.0,0.279,2,1,1,0
30,8000.0,,55.0,0.2819,1,6,1,1
59,8000.0,-2053.75,81.0,0.1164,1,1,0,1
44,8000.0,8384.13,306.0,0.4198,2,1,1,0
51,,13527.36,201.0,0.5843,0,1,1,0
71,61841.67,2449.6,240.0,0.1212,2,5,1,0
47,67420.69,7433.91,152.0,0.4079,1,3,1,0
59,28065.95,9987.46,204.0,0.1725,2,3,1,0
23,30911.31,20224.03,371.0,0.2567,1,2,1,0
30,41973.81,-5000.0,206.0,0.2697,2,6,1,0
71,81092.48,-2349.79,188.0,0.1452,2,3,1,0
66,87345.7,-1051.79,20.0,0.3567,1,7,1,0
55,64845.21,9620.19,181.0,0.6776,1,1,0,0
39,53275.49,984.66,360.0,0.1785,2,1,1,0
29,78384.57,5497.97,65.0,0.1791,2,2,1,0
66,38603.94,3974.74,169.0,0.3061,2,2,0,0
62,35226.46,3013.9,136.0,0.222,0,2,1,0
31,41774.45,3859.17,228.0,0.2035,0,5,1,0
51,20532.14,11239.21,394.0,0.2741,2,3,0,0
53,40624.77,-4764.69,406.0,0.4415,1,5,1,0
45,17064.8,,,0.1665,2,5,1,0
70,70625.2,-5000.0,277.0,0.192,2,1,0,0
25,58592.18,4812.46,392.0,0.3807,1,5,1,0
32,80739.06,,408.0,0.042,2,3,0,0
23,8000.0,11553.95,289.0,0.1415,1,4,0,0
57,92542.42,2961.41,65.0,0.0989,0,3,0,0
54,8000.0,-550.71,180.0,0.1541,1,2,1,0
74,15042.3,1026.32,135.0,0.4382,2,2,0,0
48,29479.46,16787.39,326.0,0.3774,2,6,0,0
26,77693.02,-5000.0,109.0,0.3612,2,5,1,0
43,50639.34,-2020.13,16.0,0.379,2,6,1,0
23,38904.27,3288.06,425.0,0.0628,1,3,0,0
56,25184.31,-2091.41,53.0,0.5552,2,6,1,0
56,10601.62,6925.45,375.0,0.5103,2,1,1,0
66,73315.68,2548.12,458.0,0.168,2,3,1,0
37,64965.98,5047.88,400.0,0.4733,2,7,0,0
35,78811.26,3942.63,234.0,0.0755,1,3,1,0
22,54920.45,2175.64,272.0,0.3817,1,3,1,0
41,8000.0,-5000.0,344.0,0.2345,1,1,1,0
45,13885.43,4408.74,105.0,0.5224,2,1,1,0
61,56621.78,-5000.0,203.0,0.3226,0,3,1,1
60,35757.07,-2375.69,180.0,0.6176,0,6,0,0
25,31028.95,6913.64,131.0,0.2341,0,3,0,0
34,17419.33,12517.5,264.0,0.4689,1,6,1,0
47,68689.74,21795.33,201.0,0.0741,1,7,1,0
37,56404.82,-426.03,9.0,0.2661,2,7,1,1
19,57529.78,-3921.0,43.0,0.2709,2,1,0,0
66,29159.94,7178.27,307.0,0.2163,2,2,1,0
59,49407.19,17959.75,264.0,0.2087,1,3,1,0
47,11555.88,15261.96,410.0,0.3809,1,6,1,0
36,41754.3,-5000.0,35.0,0.4223,1,5,0,1
66,8000.0,1875.93,156.0,0.463,2,4,1,0
20,8000.0,9802.94,185.0,0.1836,2,6,0,0
43,36942.2,10357.69,326.0,0.1516,2,3,1,0
63,,7734.9,209.0,0.0439,2,4,0,0
72,8000.0,-589.99,,0.5133,1,2,1,0
32,13910.49,7663.72,441.0,0.4125,1,5,1,0
55,50419.37,10434.81,1.0,0.135,2,1,0,0
28,89235.57,-4456.16,428.0,0.1275,2,2,1,0
24,50054.31,13641.89,136.0,0.4585,1,2,0,0
38,62553.55,10935.68,19.0,0.2571,1,2,1,0
68,36559.91,-2935.69,253.0,0.269,2,5,0,0
57,32234.46,10399.28,101.0,0.305,2,1,1,0
45,47054.61,9504.91,347.0,0.4453,2,1,1,0
34,28542.77,9809.22,364.0,0.2355,2,5,0,0
26,63106.73,15607.78,192.0,0.1178,2,2,0,0
33,8000.0,,374.0,0.2206,2,2,0,0
26,67249.68,5652.17,89.0,0.3105,2,1,1,0
28,45982.83,-5000.0,161.0,0.1779,2,6,1,0
57,39631.98,11926.58,29.0,0.25,0,4,1,0
25,8000.0,11156.69,308.0,0.2806,1,3,1,0
20,,13848.27,343.0,0.3494,1,7,1,0
48,74966.29,-4493.44,366.0,0.6008,2,5,0,0
34,39785.03,10696.36,175.0,0.2578,0,5,0,0
43,51959.96,11149.99,402.0,0.0987,2,2,0,0
25,23011.7,-2207.33,310.0,0.6066,2,1,1,0
29,44273.63,11447.72,276.0,0.102,2,7,1,0
43,10696.2,6704.33,106.0,0.4431,2,6,0,0
57,47497.06,-5000.0,404.0,0.2458,1,3,1,0
41,54266.02,7675.85,362.0,0.3944,2,4,0,0
48,53015.37,-3137.65,420.0,0.6517,1,4,0,0
47,22410.38,-5000.0,165.0,0.1943,1,4,1,0
33,36448.73,5932.43,264.0,0.2032,2,2,0,0
33,58429.85,2477.35,25.0,0.2189,1,7,1,1
42,39714.06,14230.51,287.0,0.6763,2,5,0,0
19,37817.37,4453.75,244.0,0.3172,1,1,1,0
57,92586.69,9228.15,393.0,0.1158,0,1,1,0
53,21225.27,7070.47,351.0,0.2571,0,1,0,0
35,72010.46,11167.66,475.0,0.2037,1,5,0,0
39,16132.98,-4091.26,447.0,0.1138,2,6,0,0
36,61369.53,4588.29,80.0,0.5838,2,3,0,0
55,62703.81,1874.11,466.0,0.4398,2,6,1,0
61,32240.87,8229.47,14.0,0.0478,2,3,1,0
24,14563.08,5046.5,219.0,0.2467,1,5,0,0
41,8000.0,-1912.3,447.0,0.1873,1,4,1,0
18,29622.16,296.53,293.0,0.1265,0,3,0,0
43,58155.47,16188.02,476.0,0.161,2,4,1,0
32,18059.3,-5000.0,267.0,0.0403,1,3,1,0
37,47423.71,8674.92,327.0,0.1658,1,7,1,0
44,8089.26,12931.57,256.0,0.1064,1,5,1,1
36,39152.8,7630.7,445.0,0.2023,2,2,1,0
40,16323.9,18768.07,54.0,0.1785,1,6,1,0
61,43050.49,10508.13,186.0,0.338,1,1,1,0
64,32473.01,6072.99,322.0,0.5051,1,7,1,0
18,15240.85,-733.84,236.0,0.1928,1,6,1,0
39,28528.16,6221.34,463.0,0.2072,1,7,1,0
66,21646.08,8453.46,279.0,0.5023,1,7,0,0
48,,3028.0,60.0,0.3539,1,6,1,0
29,72068.65,-2942.61,294.0,0.3706,1,3,1,0
51,35995.63,-5000.0,149.0,0.5085,2,6,1,0
26,8000.0,4483.26,225.0,0.3422,1,1,1,0
19,29417.98,-5000.0,36.0,0.0998,2,5,0,0
54,67867.79,-772.34,417.0,0.6569,2,6,1,0
47,25966.03,-5000.0,193.0,0.3909,1,7,0,0
61,82443.6,9664.15,386.0,0.3174,0,3,0,0
37,23583.45,12232.37,231.0,0.6255,2,1,0,0
66,57585.2,3631.58,455.0,0.3073,1,2,1,0
42,70915.96,17651.67,171.0,0.1848,1,3,1,0
60,56254.85,13779.09,51.0,0.0925,0,1,1,1
23,10637.65,6838.29,228.0,0.195,0,6,1,0
23,21438.29,2094.29,16.0,0.1707,1,4,1,0
62,74251.77,204.82,385.0,0.3791,1,2,0,0
65,24884.71,7499.93,441.0,0.4429,2,3,0,0
71,69391.91,1870.19,102.0,0.0747,0,1,0,0
36,,7385.84,25.0,0.1407,1,3,1,0
19,48535.93,7979.63,363.0,0.1168,2,5,1,0
73,10347.32,1163.37,330.0,0.4152,2,2,0,0
52,29793.31,11766.29,380.0,0.136,1,1,1,0
32,23117.34,1171.59,273.0,0.3811,1,1,0,0
61,50639.99,3170.71,278.0,0.2878,2,4,1,0
69,47329.94,-4820.2,130.0,0.4065,2,1,0,0
34,56566.25,835.07,151.0,0.2172,1,1,1,1
61,32736.94,20265.59,302.0,0.1976,2,3,1,0
62,21744.25,-4203.09,449.0,0.3004,2,5,1,0
46,49568.23,6501.7,148.0,0.3094,1,7,1,1
54,19260.28,-635.93,174.0,0.3543,1,1,0,0
33,71960.56,-5000.0,282.0,0.1401,0,2,1,0
70,42136.94,7471.76,23.0,0.1197,1,1,1,0
74,36846.62,-1448.99,313.0,0.6449,2,6,1,0
73,56554.39,5552.33,65.0,0.5025,2,6,1,0
60,,10917.75,327.0,0.4555,1,6,0,0
20,8000.0,4876.79,427.0,0.0948,2,2,1,0
38,18464.25,5626.39,439.0,0.4211,2,2,0,0
43,71442.72,-3943.52,71.0,0.456,1,5,0,0
72,47097.11,8654.6,286.0,0.1076,0,6,1,0
49,8000.0,1482.53,214.0,0.2289,2,4,1,0
48,53802.8,-5000.0,235.0,0.5662,0,5,1,0
26,31018.53,9617.96,332.0,0.4924,0,4,1,0
63,23137.5,12063.86,,0.079,2,4,1,0
37,16378.18,14848.98,275.0,0.1439,2,4,1,0
23,69998.24,20366.58,266.0,0.593,0,7,0,0
74,8000.0,9188.28,313.0,0.3125,2,1,1,1
28,24061.7,7111.78,242.0,0.1061,2,1,0,0
18,48003.17,11732.38,167.0,0.4666,1,5,1,1
22,84459.08,-4095.96,395.0,0.1987,1,2,1,0
43,58846.45,-5000.0,317.0,0.1663,2,2,1,0
23,23849.38,-816.07,271.0,0.2109,1,1,0,0
66,83233.84,13217.95,4.0,0.4531,1,6,0,0
47,11121.92,-2288.79,132.0,0.0245,1,1,0,0
36,51633.4,6724.88,126.0,0.6173,1,4,0,0
18,57194.62,7586.38,311.0,0.4702,1,3,0,0
45,22972.11,4954.12,59.0,0.3092,1,4,1,0
26,62439.83,-5000.0,183.0,0.1802,1,4,1,0
73,32152.75,5741.65,218.0,0.0626,2,7,1,0
34,62378.56,-372.43,355.0,0.0683,1,2,0,0
45,8000.0,16622.89,69.0,0.0323,1,2,0,0
19,53374.4,12095.03,290.0,0.6599,1,5,0,0
25,34697.33,-90.34,262.0,0.5422,0,1,0,0
29,73742.59,17125.89,354.0,0.2782,1,2,0,0
20,43900.48,5749.69,86.0,0.3355,2,7,1,0
59,76230.74,-5000.0,287.0,0.2153,1,4,1,0
71,57690.32,2373.56,198.0,0.1213,2,2,0,0
74,41812.29,16082.22,124.0,0.3934,2,3,1,0
33,64691.73,-3558.71,35.0,0.0839,2,5,0,0
62,64851.46,2454.08,182.0,0.0644,2,2,1,0
46,56797.75,-5000.0,211.0,0.3032,1,7,1,0
20,8000.0,-5000.0,24.0,0.3023,2,1,1,0
23,20435.99,-3673.92,387.0,0.071,1,7,1,0
49,79602.65,-5000.0,,0.2127,1,7,1,0
42,13601.35,-1946.19,152.0,0.6758,2,3,1,0
18,67061.53,16906.27,22.0,0.1572,1,1,0,1
71,62661.32,2711.42,339.0,0.3623,0,6,1,0
59,26856.19,9284.17,11.0,0.7139,2,4,1,1
46,8000.0,11732.55,204.0,0.2357,2,4,0,0
74,30777.19,-5000.0,99.0,0.018,2,6,1,0
73,96950.38,-3652.1,112.0,0.2279,0,5,0,0
73,23418.07,9126.55,362.0,0.1434,0,5,1,0
32,25143.57,-2074.26,145.0,0.6238,0,4,0,1
68,20060.44,8596.7,117.0,0.505,2,3,1,0
46,75369.61,16418.58,145.0,0.7144,0,7,1,0
59,38927.11,-5000.0,71.0,0.4548,1,2,1,0
66,29352.34,144.53,356.0,0.2481,1,7,1,0
27,80336.85,1413.83,237.0,0.2904,0,4,0,0
43,59487.35,-1210.93,96.0,0.2215,2,5,1,0
25,22017.74,-1863.79,147.0,0.5402,2,1,1,1
33,14410.4,-936.97,469.0,0.1029,1,5,1,0
41,73954.25,2877.99,277.0,0.388,2,4,0,0
66,45419.7,4319.08,329.0,0.524,0,1,1,0
67,8000.0,10627.29,411.0,0.5001,1,4,0,0
40,8000.0,2799.05,192.0,0.3642,0,1,1,1
36,17099.03,11945.4,167.0,0.1662,2,1,1,0
48,14012.89,-1734.4,,0.3844,0,3,1,0
69,8000.0,-5000.0,271.0,0.0981,2,5,0,0
73,17512.33,561.97,103.0,0.3835,0,1,1,0
30,22022.99,6699.94,412.0,0.1705,2,3,1,0
28,33432.97,9883.73,366.0,0.0882,2,1,1,0
58,87322.75,14681.87,192.0,0.1141,2,3,1,1
35,38328.92,5321.6,130.0,0.099,0,2,0,0
29,,9024.21,,0.1478,1,7,0,0
19,57731.38,13950.23,260.0,0.5247,1,2,1,0
40,39067.05,-3233.98,113.0,0.312,2,2,1,0
40,55003.82,1318.87,26.0,0.3871,0,3,1,0
50,52015.37,25167.31,393.0,0.0102,2,5,1,0
29,48064.71,9851.11,406.0,0.1226,1,2,1,0
58,114161.65,7085.6,435.0,0.2185,2,4,0,0
56,67778.15,10149.53,175.0,0.3257,1,6,1,0
44,17956.95,-5000.0,337.0,0.2036,2,1,1,0
28,54255.55,-2174.61,280.0,0.1947,2,6,0,0
46,25206.58,-5000.0,127.0,0.1961,2,4,1,1
56,56156.27,6348.87,445.0,0.0941,2,7,1,0
39,10620.31,48.27,161.0,0.2264,1,6,1,0
33,17305.51,3763.11,14.0,0.509,0,2,0,0
46,53597.69,511.87,79.0,0.5781,1,6,1,0
38,69941.73,-5000.0,464.0,0.2156,1,1,1,0
40,57566.11,10079.81,32.0,0.0933,0,7,1,0
37,66352.93,-5000.0,252.0,0.1827,2,3,1,0
35,54345.46,,232.0,0.1409,2,3,0,0
58,49312.4,-5000.0,374.0,0.1538,1,4,1,0
44,32407.67,-4037.93,394.0,0.3346,1,5,0,0
44,65325.05,4614.87,227.0,0.4489,1,6,0,0
55,70621.98,12880.18,303.0,0.2663,2,2,0,0
38,43422.11,-5000.0,391.0,0.2024,2,7,0,0
23,42076.85,-1457.66,388.0,0.0846,0,1,0,0
66,84785.15,-5000.0,422.0,0.3808,0,7,0,0
21,44489.46,-1843.3,339.0,0.0862,2,6,1,0
50,46892.15,3575.14,183.0,0.0853,2,1,0,0
33,57105.65,9136.62,268.0,0.1238,2,1,1,0
30,42554.84,-5000.0,,0.3833,2,2,0,0
20,,7404.41,142.0,0.1411,0,7,1,0
69,54449.14,-4781.12,479.0,0.2382,2,6,1,0
42,44031.12,-5000.0,213.0,0.1723,2,2,1,0
37,91056.24,3539.9,363.0,0.2723,2,5,0,0
60,64711.21,8017.17,242.0,0.1549,1,7,1,0
20,30112.94,2196.36,459.0,0.0419,2,3,1,0
50,63226.51,-5000.0,320.0,0.204,2,1,0,0
46,52696.65,2192.15,353.0,0.3176,0,7,1,0
49,77735.66,-2801.43,371.0,0.2341,0,4,1,0
25,31888.64,7832.26,158.0,0.5809,1,3,1,0
72,49716.9,11602.86,167.0,0.2936,1,1,0,0
31,42522.66,11091.7,397.0,0.1931,0,6,0,0
56,46461.99,2842.01,221.0,0.2862,2,2,0,0
60,22870.03,11981.29,319.0,0.3337,2,4,1,0
37,59397.79,-5000.0,248.0,0.095,1,4,0,0
25,55449.11,17262.93,15.0,0.3254,2,4,0,0
34,77130.59,-5000.0,226.0,0.052,1,6,1,0
63,44749.35,-5000.0,82.0,0.6748,2,2,1,1
69,34704.01,13923.49,41.0,0.047,1,1,1,0
71,64732.36,-2681.08,125.0,0.0844,1,7,1,0
30,25144.89,3933.91,140.0,0.302,1,6,0,1
52,72124.61,-5000.0,356.0,0.1398,1,4,0,0
26,72071.05,21908.83,121.0,0.0372,2,7,0,0
58,76431.97,17574.54,382.0,0.4711,0,5,0,0
41,54415.57,15372.43,100.0,0.3228,2,3,0,0
58,32837.59,3706.86,396.0,0.436,2,6,1,0
57,47729.69,10845.59,252.0,0.0503,1,7,0,0
74,54501.72,2575.58,32.0,0.1914,1,2,1,1
45,30996.46,11977.61,53.0,0.1463,1,3,0,1
37,78327.91,-284.87,34.0,0.5933,2,1,1,1
48,59502.1,15677.64,197.0,0.193,0,4,1,0
27,22694.43,,143.0,0.1019,2,1,1,0
24,92071.84,221.67,22.0,0.3177,2,6,0,0
47,47434.73,-732.23,326.0,0.0446,2,5,1,0
65,17647.42,4539.62,409.0,0.2154,2,2,1,0
48,,-105.57,404.0,0.1532,2,5,0,0
62,82194.59,6898.04,72.0,0.0823,1,5,1,0
28,90624.62,-847.9,417.0,0.2946,1,3,0,0
43,70237.13,9326.31,204.0,0.0334,1,3,0,0
52,77982.72,15146.94,99.0,0.2099,0,1,1,0
37,75415.39,3620.38,64.0,0.4015,0,6,0,0
18,58922.9,20746.63,368.0,0.3154,2,2,1,0
22,53226.04,12020.23,123.0,0.2153,2,3,1,0
70,58496.58,20105.89,307.0,0.7292,1,7,0,0
52,63400.39,2510.41,266.0,0.2401,2,5,1,0
33,26460.05,-5000.0,444.0,0.1133,2,7,1,0
32,63298.97,-2649.1,343.0,0.2429,1,3,0,0
20,81465.42,-1833.09,370.0,0.3827,2,4,1,0
71,39840.69,-4624.2,236.0,0.424,1,4,1,0
24,37168.81,-5000.0,253.0,0.2867,2,1,1,0
61,56913.66,11197.17,71.0,0.26,1,6,1,0
31,28758.56,-5000.0,375.0,0.4853,0,6,0,1
37,12079.53,10431.03,360.0,0.1958,0,3,0,0
33,73692.98,20484.4,147.0,0.2005,1,4,1,0
64,33726.22,-3226.67,67.0,0.2826,1,3,0,0
19,45461.21,6100.56,377.0,0.2185,2,4,1,0
38,29746.87,-189.06,370.0,0.3106,0,3,0,0
33,76918.87,9616.61,374.0,0.2157,2,5,0,0
33,66329.4,-5000.0,14.0,0.151,0,6,1,1
28,38981.51,1945.67,410.0,0.4509,1,5,1,0
70,15502.57,11969.44,172.0,0.1032,2,3,1,0
39,36326.75,2609.04,116.0,0.3685,1,2,0,0
41,59253.82,-5000.0,252.0,0.3622,1,4,1,0
39,49715.89,12933.23,407.0,0.2085,2,5,1,0
73,47727.45,-5000.0,391.0,0.153,1,7,0,0
37,50292.47,3629.87,81.0,0.496,2,2,0,0
37,63969.91,7661.15,468.0,0.4492,2,7,0,0
36,43953.52,3958.8,370.0,0.5508,1,7,1,0
36,56250.34,23299.5,447.0,0.0452,2,4,1,0
23,20327.02,8870.51,446.0,0.1154,0,4,0,0
52,108846.27,1381.2,252.0,0.042,0,3,0,0
19,37903.52,7821.3,17.0,0.3589,1,4,1,0
30,50089.83,4679.56,34.0,0.3475,2,7,1,0
29,59161.64,3354.96,300.0,0.2591,2,7,0,0
34,34730.24,4950.3,43.0,0.3622,1,3,1,1
61,45195.62,-472.7,316.0,0.3229,1,4,0,0
52,44891.88,4703.21,49.0,0.0814,1,7,1,0
74,22149.05,-1043.93,391.0,0.2968,1,4,1,0
38,55964.74,-5000.0,128.0,0.3662,2,3,1,0
70,8000.0,12121.6,49.0,0.1437,2,5,1,0
20,88817.71,-1523.58,163.0,0.3604,1,4,0,1
46,64824.27,4131.1,,0.3598,2,5,1,0
63,60978.06,-3083.38,264.0,0.1437,0,3,1,0
48,8000.0,-2841.89,477.0,0.2362,2,5,1,0
71,25186.78,-5000.0,124.0,0.2129,2,5,1,0
35,79733.63,10586.38,322.0,0.2269,2,1,1,0
19,148781.03,12517.77,89.0,0.7382,2,4,1,0
62,74867.31,3207.48,206.0,0.3594,2,5,1,0
21,70923.59,-1293.26,180.0,0.3078,1,2,1,0
61,58124.36,-5000.0,304.0,0.2733,1,4,1,0
59,23812.57,9363.45,323.0,0.181,1,1,1,0
66,69879.35,-2412.46,26.0,0.2931,0,1,0,0
45,17469.82,-5000.0,333.0,0.0709,2,2,0,0
69,14735.37,3234.11,361.0,0.0631,1,2,1,0
27,13161.77,326.99,183.0,0.5287,0,4,1,0
42,69393.07,-5000.0,33.0,0.2272,0,1,1,0
24,43564.65,-5000.0,202.0,0.3149,1,7,1,0
61,47521.45,5692.35,154.0,0.4948,2,3,1,0
58,44614.9,-2245.53,380.0,0.0479,0,6,1,0
63,16857.09,7082.07,66.0,0.1843,2,2,1,0
61,28231.73,4172.25,142.0,0.1518,2,5,1,0
35,29489.34,11380.34,348.0,0.4246,1,7,1,0
21,9868.21,-3657.16,451.0,0.2994,2,2,1,0
70,32394.75,4861.74,285.0,0.5999,0,6,0,1
46,17967.34,8106.2,1.0,0.0887,2,1,0,0
23,59441.89,-2009.74,335.0,0.2708,2,2,1,0
70,61524.28,12017.63,15.0,0.3579,0,6,1,1
74,12659.02,-5000.0,30.0,0.4843,2,6,1,0
43,37584.21,-3663.53,320.0,0.4574,0,3,1,0
61,91401.5,-5000.0,177.0,0.3196,0,5,0,0
20,20480.93,-2887.0,13.0,0.4012,1,3,0,0
23,55665.95,1763.33,194.0,0.3235,0,4,0,1
33,47638.05,9652.01,182.0,0.1542,2,6,0,0
55,72322.19,1757.68,289.0,0.1904,0,7,1,0
25,52386.67,,453.0,0.1666,0,2,1,0
19,34217.61,-5000.0,49.0,0.082,2,1,0,0
56,46669.1,-5000.0,319.0,0.1681,1,5,0,0
61,47034.25,5481.65,310.0,0.3214,2,5,1,0
60,42707.62,10051.64,468.0,0.3958,1,7,0,0
63,12022.21,-353.78,189.0,0.13,2,5,1,0
63,76077.22,12688.12,77.0,0.5054,1,3,0,0
52,71660.84,-4599.34,434.0,0.2274,0,6,0,0
47,18895.27,-124.32,24.0,0.1462,2,7,1,0
66,37481.86,550.84,215.0,0.2109,2,5,1,0
37,39372.86,15235.31,313.0,0.3997,1,6,0,0
23,16087.03,4069.27,48.0,0.1252,1,4,1,1
60,8000.0,-5000.0,142.0,0.1678,2,4,1,0
33,28235.18,10613.23,49.0,0.1567,2,4,1,0
73,36089.94,17767.42,405.0,0.2449,1,7,0,0
41,8969.17,1002.07,122.0,0.1643,1,4,1,1
66,49424.44,-4176.66,289.0,0.4727,1,5,0,0
20,74071.41,9914.06,115.0,0.1628,1,5,0,0
55,66052.9,18714.12,333.0,0.1603,2,1,1,0
43,41832.86,9789.85,382.0,0.1703,0,2,1,0
44,8000.0,-5000.0,19.0,0.04,0,3,1,1
33,62892.56,9037.45,346.0,0.1462,2,5,0,0
73,48659.8,6233.66,317.0,0.2817,2,2,1,0
40,55608.78,-4637.04,36.0,0.2188,1,4,0,0
66,93402.57,13310.54,126.0,0.2563,2,4,1,0
42,24379.71,6506.81,408.0,0.0896,1,5,1,0
20,8000.0,13519.67,212.0,0.4396,0,6,1,0
68,18663.64,-5000.0,46.0,0.0333,2,5,1,0
28,57151.13,6190.22,308.0,0.3585,1,3,1,1
33,45673.15,-4160.76,377.0,0.6757,2,7,1,0
67,14609.1,4981.34,207.0,0.1782,1,4,1,0
68,9507.07,14817.8,53.0,0.4066,0,2,1,0
70,36134.77,-5000.0,62.0,0.1425,2,5,0,0
42,13847.63,-5000.0,180.0,0.3894,1,3,1,0
61,58015.84,10643.8,232.0,0.3569,2,2,0,0
36,34714.33,2887.02,360.0,0.277,1,5,1,0
60,29322.05,12370.11,327.0,0.4711,0,5,0,0
46,26043.09,-3458.28,121.0,0.5005,2,2,0,0
20,51578.07,3409.52,331.0,0.1695,2,5,1,0
41,46065.23,8505.03,54.0,0.2716,2,5,1,0
44,50048.93,4681.6,88.0,0.0348,2,2,1,0
32,49503.24,,377.0,0.1707,1,4,1,0
39,43195.11,25580.79,432.0,0.4512,1,5,1,0
46,19171.74,4698.6,331.0,0.4116,2,1,0,0
20,26740.5,-5000.0,219.0,0.2417,2,7,1,0
26,35133.13,5513.6,427.0,0.6022,2,5,1,0
61,96629.88,6433.16,169.0,0.2064,1,7,1,0
38,11279.09,10951.39,307.0,0.3492,2,4,0,0
52,34525.59,10417.16,329.0,0.2694,1,3,0,0
50,47456.68,1289.24,35.0,0.2965,2,2,1,0
49,37416.68,-5000.0,460.0,0.3032,2,4,0,0
41,71849.24,6690.9,306.0,0.1826,0,3,1,0
45,37287.55,-5000.0,115.0,0.4698,1,4,1,0
64,39136.47,12721.96,394.0,0.3853,2,3,0,0
73,65365.71,-2862.06,182.0,0.518,2,3,0,0
32,90267.79,8079.68,40.0,0.1191,2,7,1,0
56,80187.46,-2249.35,324.0,0.4864,1,4,1,0
73,41583.65,-936.29,65.0,0.6415,1,7,1,0
18,43762.14,-3407.76,286.0,0.173,0,1,0,0
62,46167.98,8728.65,325.0,0.2204,2,1,1,0
46,48674.99,-1970.78,75.0,0.4833,2,1,1,0
73,23816.3,9148.26,,0.1717,1,4,1,0
50,68414.84,-1761.52,219.0,0.3357,2,5,1,0
65,50165.23,1148.65,169.0,0.0288,1,2,0,0
27,43878.6,3284.52,48.0,0.1667,2,2,0,0
26,13221.37,4230.57,352.0,0.1335,2,2,0,0
70,46557.16,-4393.63,78.0,0.0895,1,7,1,0
48,8000.0,8630.46,80.0,0.2886,1,5,1,0
49,30458.77,829.29,127.0,0.1371,0,5,0,0
27,30922.56,7351.21,213.0,0.2933,2,1,1,0
30,52174.88,2870.17,421.0,0.4167,1,7,0,0
64,91996.25,7691.63,359.0,0.2574,1,6,0,0
35,59297.69,-290.73,354.0,0.3672,1,4,1,1
51,81210.05,-3316.78,95.0,0.3149,2,4,1,0
36,61130.3,6414.87,311.0,0.3762,2,1,1,0
33,73126.34,-949.87,167.0,0.2158,2,6,1,0
27,91428.18,14670.29,227.0,0.5231,2,4,1,0
70,26704.08,3541.25,301.0,0.1278,0,2,0,1
71,25072.39,-5000.0,79.0,0.1636,2,6,1,0
24,61720.27,-1683.73,166.0,0.0805,1,6,1,0
38,44908.04,-4994.44,189.0,0.5259,2,5,1,0
50,50508.85,11583.35,419.0,0.2081,2,7,0,0
39,38783.33,9188.32,464.0,0.3639,2,4,0,0
59,30093.53,2511.65,459.0,0.4311,1,4,0,0
32,85519.12,5320.59,253.0,0.2291,0,1,0,0
21,17503.47,2298.56,308.0,0.1715,1,6,0,0
37,62159.81,9883.22,343.0,0.0443,0,1,1,0
52,58105.71,7158.65,375.0,0.418,1,6,1,0
28,8000.0,8599.81,324.0,0.2719,2,5,1,0
64,24230.49,1465.23,435.0,0.1352,2,4,1,1
18,28432.74,-2052.48,183.0,0.1369,0,7,1,0
21,59114.6,8320.5,336.0,0.1124,1,6,1,0
47,35824.12,15410.72,,0.229,0,5,1,0
47,42860.25,11848.08,,0.4179,2,4,1,0
34,8558.82,15653.27,446.0,0.3021,2,6,0,0
32,103147.79,4296.25,38.0,0.2884,2,5,1,0
21,46779.89,-4759.93,409.0,0.0387,0,4,0,0
55,57475.02,-4049.5,395.0,0.6668,2,1,1,0
39,31484.36,14036.56,417.0,0.2661,0,2,1,0
24,28684.32,-5000.0,131.0,0.487,2,4,1,1
40,92817.12,15038.05,277.0,0.4289,0,2,1,0
71,8000.0,-3301.08,33.0,0.1211,0,4,1,1
32,51966.18,18387.12,29.0,0.4755,1,6,1,1
68,14712.4,2435.19,282.0,0.2473,0,4,1,0
32,34874.97,8780.57,466.0,0.1138,0,6,0,0
28,29047.64,22080.37,108.0,0.1895,2,1,1,0
32,20350.56,358.82,379.0,0.3421,2,7,1,0
36,45886.04,224.54,38.0,0.3119,0,3,1,0
24,8000.0,-2558.71,31.0,0.4313,1,2,1,1
51,37112.79,-5000.0,292.0,0.1081,1,7,0,0
37,42742.75,361.41,133.0,0.3769,1,2,1,0
58,11018.09,-1438.73,47.0,0.3186,1,3,1,1
45,82830.47,-5000.0,439.0,0.1875,2,1,1,0
43,30138.54,1316.15,425.0,0.0658,1,7,1,0
44,39062.89,6598.29,6.0,0.1761,0,2,0,0
26,30194.52,-4167.24,465.0,0.0716,2,6,1,0
58,42960.85,1700.4,8.0,0.5929,1,2,0,1
23,77703.6,14252.04,354.0,0.2349,1,3,1,0
59,106825.4,-5000.0,376.0,0.1952,2,4,1,0
74,63640.98,18453.34,138.0,0.6977,1,5,0,0
61,72199.84,-2392.19,65.0,0.1482,1,1,1,1
43,87910.69,4607.23,270.0,0.3633,2,2,1,0
35,51221.78,13233.31,,0.6388,1,3,1,0
67,84256.27,15674.72,15.0,0.1831,2,1,1,1
32,64810.03,6758.57,408.0,0.0491,0,1,1,0
45,48599.68,-2556.04,298.0,0.1352,1,6,1,0
61,53758.53,-3262.49,473.0,0.0576,1,5,1,0
70,8000.0,-1599.14,126.0,0.3935,2,6,0,0
70,52302.98,18114.05,309.0,0.1224,2,3,1,0
23,8000.0,-65.16,218.0,0.3331,2,4,1,0
69,,5589.02,304.0,0.0686,1,7,1,0
24,49821.97,-5000.0,85.0,0.286,1,5,1,1
51,17148.04,-5000.0,238.0,0.408,2,2,0,0
70,44822.16,3211.14,473.0,0.0616,2,4,1,0
55,48460.86,402.05,405.0,0.0287,2,7,1,0
72,49576.24,986.35,99.0,0.2601,2,5,0,0
37,22396.96,-5000.0,,0.1176,1,2,0,0
35,67467.06,2412.1,200.0,0.3948,2,1,1,0
36,42769.12,15394.16,109.0,0.229,0,1,0,0
38,56026.89,-3824.3,122.0,0.1696,0,5,0,0
56,15089.01,10179.48,87.0,0.3089,2,6,1,0
43,40541.81,-5000.0,259.0,0.224,2,7,1,0
60,72432.36,-3418.76,44.0,0.1539,1,7,0,0
41,69254.44,-5000.0,434.0,0.2504,2,1,1,0
35,25067.68,12889.63,14.0,0.166,2,1,0,0
28,31361.05,10030.22,78.0,0.4845,2,7,1,0
49,20282.83,-5000.0,269.0,0.1717,1,5,0,0
69,28589.68,5314.22,67.0,0.0487,1,3,1,0
66,10023.31,12613.68,241.0,0.294,1,2,0,0
32,41545.6,,35.0,0.0933,1,3,1,1
45,60828.46,-246.33,417.0,0.4423,1,4,1,0
58,25373.68,-5000.0,282.0,0.2278,2,5,0,0
52,42734.84,-4188.32,145.0,0.0095,2,2,0,1
21,39487.54,9129.16,288.0,0.2725,2,7,0,0
51,71377.97,19791.15,259.0,0.1662,2,7,1,0
20,29710.2,2565.4,394.0,0.0803,2,2,0,0
24,30619.6,-1854.57,348.0,0.4045,0,2,1,0
55,23849.47,22194.89,401.0,0.429,1,4,1,0
23,16562.26,6245.86,414.0,0.7102,0,1,1,0
37,58229.62,-5000.0,48.0,0.1833,1,1,1,0
51,,,369.0,0.0342,2,7,1,0
55,46370.25,10999.42,437.0,0.499,2,2,1,0
43,76866.03,,95.0,0.3447,1,7,1,0
23,78302.02,9354.88,398.0,0.2654,0,4,1,0
63,,-5000.0,292.0,0.1994,1,2,1,0
72,61195.87,-5000.0,310.0,0.071,1,7,0,0
68,50641.17,-2878.85,342.0,0.671,1,7,0,0
60,33460.23,742.45,166.0,0.0633,0,3,0,0
40,53192.09,5671.59,431.0,0.2342,1,6,1,0
67,8000.0,8094.08,357.0,0.2024,1,1,0,0
45,81566.06,22728.91,210.0,0.4809,2,4,0,0
25,57873.6,-2908.45,297.0,0.369,0,6,0,0
66,23370.06,488.09,457.0,0.3061,0,4,1,0
36,30364.74,-2685.24,169.0,0.1798,0,1,1,0
71,8000.0,11635.11,428.0,0.65,1,4,0,0
38,37151.07,12071.6,6.0,0.321,0,3,1,1
67,32931.7,-581.24,380.0,0.268,2,4,1,0
48,11872.24,19525.97,284.0,0.107,1,5,1,0
44,64417.56,-2671.19,340.0,0.69,1,3,0,0
34,76919.93,11239.34,276.0,0.3789,2,1,1,0
65,44315.99,14636.18,229.0,0.19,1,3,1,0
21,37358.83,-5000.0,74.0,0.3989,2,5,1,1
44,55874.62,7621.06,116.0,0.4543,1,7,1,0
39,44509.03,-5000.0,435.0,0.1472,0,3,1,0
48,17945.52,9593.7,195.0,0.6541,2,3,1,0
32,28683.05,-5000.0,76.0,0.6121,2,2,1,0
55,37589.1,7539.76,61.0,0.338,0,6,1,1
39,51204.66,9039.91,137.0,0.6647,0,1,1,0
28,45233.42,11961.11,351.0,0.3926,2,4,1,0
29,50259.23,10121.72,178.0,0.1141,2,6,1,0
57,8000.0,3447.16,206.0,0.2625,2,3,1,0
32,,-43.81,327.0,0.2064,0,2,1,0
35,45085.4,2404.89,290.0,0.2801,1,4,1,0
53,108817.73,-5000.0,39.0,0.1703,2,7,1,1
36,35309.14,1306.5,187.0,0.3324,1,7,1,0
40,53086.46,674.43,337.0,0.3873,0,1,1,0
31,115730.48,-3305.75,340.0,0.452,2,7,1,0
37,49852.29,-5000.0,198.0,0.5127,1,3,0,0
57,43309.24,-5000.0,102.0,0.2032,2,7,0,0
48,,-5000.0,87.0,0.1243,2,7,1,0
74,83206.66,536.97,43.0,0.0183,0,2,1,0
61,16022.46,5883.99,53.0,0.0045,2,4,0,0
18,55678.02,-5000.0,465.0,0.0864,1,5,1,0
39,33161.12,4893.72,197.0,0.5228,2,1,1,0
34,40266.59,2020.21,153.0,0.4357,2,6,1,0
51,9401.69,-5000.0,214.0,0.2684,1,1,0,0
33,78578.18,-449.64,248.0,0.0573,1,6,1,0
73,38055.07,11406.43,65.0,0.2603,0,3,0,0
35,14622.76,-4793.51,434.0,0.4901,2,5,0,0
47,76317.26,3630.81,231.0,0.0983,2,7,1,0
25,,,269.0,0.3955,2,3,1,0
69,53365.18,-3577.66,241.0,0.1821,2,1,0,0
69,66035.41,11066.17,450.0,0.1353,1,4,0,0
63,56850.86,6230.73,470.0,0.0368,2,7,0,0
38,8000.0,984.71,60.0,0.288,2,1,1,0
21,62383.92,21905.92,342.0,0.3349,2,4,1,0
58,42484.66,11100.63,78.0,0.1951,1,7,1,0
42,,-5000.0,5.0,0.4055,2,4,1,0
74,42273.13,-113.26,264.0,0.6916,1,6,1,0
57,8000.0,22733.14,228.0,0.2607,1,3,1,0
48,49804.27,-4857.45,236.0,0.204,0,4,0,0
74,10890.22,3530.67,10.0,0.5697,2,4,1,1
63,37854.01,12847.95,308.0,0.0809,1,2,1,0
44,,8218.57,245.0,0.6586,1,5,1,0
19,71850.93,9371.75,27.0,0.1132,2,7,1,0
23,24509.67,8900.73,,0.0914,0,5,1,1
43,81289.68,3203.14,64.0,0.1911,0,5,0,0
50,68671.33,-3338.52,433.0,0.2663,0,5,1,0
19,34264.76,6478.11,356.0,0.1272,2,4,1,0
25,17281.27,-222.21,236.0,0.0905,2,2,1,0
58,,-850.81,41.0,0.3035,2,5,0,0
60,51793.85,14859.78,407.0,0.7806,0,7,1,0
19,26567.9,-47.97,170.0,0.1172,2,2,1,0
46,74983.92,16649.04,280.0,0.2242,1,6,1,0
22,28011.9,5054.13,345.0,0.1647,1,6,1,0
59,22483.23,1726.82,190.0,0.3592,1,1,0,0
65,50840.66,-5000.0,466.0,0.1965,2,1,1,0
67,27848.83,19958.85,110.0,0.2371,2,3,0,0
52,45213.75,2952.24,164.0,0.2817,1,7,1,0
53,69649.73,,87.0,0.1293,1,2,1,0
70,47930.73,10901.81,164.0,0.1924,2,2,1,0
52,48024.11,2598.47,381.0,0.3156,2,1,1,0
43,50128.67,-4450.6,226.0,0.3948,1,6,0,0
61,8000.0,10449.47,423.0,0.1279,2,5,1,0
51,54795.94,-5000.0,427.0,0.311,2,6,0,0
66,48998.29,-2712.76,155.0,0.4108,1,7,1,0
47,67322.43,604.78,381.0,0.5464,1,6,0,0
67,60145.27,9817.5,237.0,0.2701,1,1,1,0
20,39951.28,20922.01,203.0,0.3256,1,4,0,0
20,70809.82,1041.85,138.0,0.3654,2,2,0,0
23,,6679.55,31.0,0.3999,2,6,1,1
49,51178.93,24987.11,218.0,0.5668,2,4,1,0
58,37221.26,3037.89,320.0,0.0969,2,3,1,0
30,56543.95,6745.59,417.0,0.1218,2,7,0,0
26,35587.76,-5000.0,197.0,0.2121,0,4,1,0
67,86188.79,,66.0,0.2395,0,7,1,0
60,95434.07,-2703.81,225.0,0.3,1,2,0,0
54,66848.46,5148.57,139.0,0.2262,1,4,1,0
45,83532.42,4921.89,441.0,0.0982,0,2,1,0
41,8000.0,3682.71,333.0,0.2394,1,2,0,0
19,9465.56,-474.51,434.0,0.1208,2,3,0,0
28,36960.99,4930.61,149.0,0.1579,1,4,1,0
69,46030.77,17058.78,213.0,0.3424,0,3,1,0
37,40044.81,21247.47,38.0,0.2186,1,6,1,1
58,8000.0,1598.86,64.0,0.2436,0,3,1,0
58,73789.79,-595.71,179.0,0.2166,2,1,0,0
35,98854.96,-3470.12,190.0,0.7219,2,3,1,1
29,77024.69,24489.08,324.0,0.2882,0,6,0,0
57,72138.08,4030.68,103.0,0.3624,2,1,1,0
23,50652.99,11920.34,472.0,0.1136,2,1,1,0
46,23925.07,8573.29,374.0,0.0983,1,2,0,0
68,46813.2,20667.21,428.0,0.7814,1,3,1,0
58,97639.7,1018.4,147.0,0.2082,2,3,1,0
61,36200.3,-5000.0,269.0,0.2467,2,7,0,0
22,33626.07,17875.61,248.0,0.0429,2,6,0,0
29,72682.59,10226.45,373.0,0.4395,0,7,1,0
33,74342.15,6650.26,407.0,0.2432,1,1,1,0
34,23802.45,15281.54,274.0,0.2287,0,1,1,0
29,38462.88,7106.64,467.0,0.3528,1,5,1,0
73,32452.36,15559.21,237.0,0.3556,0,6,1,0
27,46742.23,4972.74,131.0,0.5831,2,1,1,0
58,72592.17,10215.59,81.0,0.1581,1,1,1,0
51,24899.31,7211.13,181.0,0.8266,2,2,1,0
52,72241.62,397.73,140.0,0.3821,1,7,0,0
30,47541.28,1356.88,96.0,0.2194,1,3,0,0
35,103154.8,-142.9,217.0,0.4231,2,3,0,0
52,52970.77,5123.9,125.0,0.1292,2,1,0,0
35,42577.04,-646.42,473.0,0.1906,0,7,0,0
57,59367.87,6487.2,146.0,0.4999,1,5,1,1
20,36571.34,6215.21,292.0,0.1728,2,2,1,0
22,8000.0,4641.23,361.0,0.3569,2,7,1,0
59,38986.97,4780.15,453.0,0.6113,2,6,1,0
53,38592.66,,329.0,0.4425,1,2,0,0
20,8000.0,744.19,124.0,0.3471,2,1,1,0
69,43174.12,-5000.0,266.0,0.2998,0,2,1,0
18,8000.0,2041.05,33.0,0.09,1,5,1,1
72,36307.83,-4886.49,129.0,0.1464,2,4,1,0
59,51089.9,3798.82,469.0,0.2248,0,6,1,0
74,47424.9,-2715.91,2.0,0.4373,1,2,1,0
72,34723.26,-5000.0,158.0,0.1195,0,4,0,0
35,42861.74,21019.54,25.0,0.7245,2,3,0,1
61,25398.39,1148.57,256.0,0.1532,2,7,0,0
30,45270.41,14576.46,360.0,0.0828,2,5,1,0
44,46452.16,-1215.92,34.0,0.3099,2,7,0,0
31,22493.75,16584.93,61.0,0.3388,1,6,1,0
45,51692.48,-5000.0,412.0,0.6743,1,3,1,0
67,51536.32,4408.25,133.0,0.3283,2,4,1,0
42,40844.75,-5000.0,0.0,0.272,1,7,1,0
23,105526.18,23805.95,47.0,0.0682,1,3,1,0
36,41482.44,1005.91,434.0,0.4514,1,3,1,0
62,38019.14,9627.62,443.0,0.2599,1,3,1,0
47,34440.17,6604.62,79.0,0.3319,1,6,1,0
49,20726.52,2795.87,134.0,0.2644,2,4,1,0
42,62147.43,7141.76,88.0,0.4201,1,7,1,0
34,27843.83,13873.38,236.0,0.1651,0,2,1,0
52,30801.3,8345.65,396.0,0.3787,2,5,0,0
54,31543.96,4299.64,364.0,0.1169,2,6,0,0
69,20376.41,7154.58,185.0,0.2702,2,2,1,1
53,8000.0,18320.31,333.0,0.1926,1,3,1,0
74,33426.5,-334.48,122.0,0.2337,1,1,1,0
65,66833.38,-5000.0,436.0,0.505,1,2,1,0
22,49924.5,-5000.0,286.0,0.2288,2,2,0,0
40,84014.38,,440.0,0.4596,1,2,0,0
39,63773.91,-4050.24,122.0,0.1928,1,2,1,0
18,58099.12,-3775.26,456.0,0.254,2,2,1,0
28,92066.23,2811.2,137.0,0.3348,0,5,1,0
61,42571.36,4979.34,328.0,0.1226,0,4,1,0
38,46576.89,4893.37,21.0,0.1955,1,6,0,0
26,44713.39,-2842.22,110.0,0.2267,2,2,1,0
34,83594.67,10951.2,258.0,0.5079,1,1,1,0
33,45062.88,7275.65,242.0,0.175,1,6,1,0
27,28793.07,15650.47,62.0,0.3667,1,7,1,0
23,59691.89,9774.09,4.0,0.474,1,6,1,0
61,24593.5,203.75,,0.3902,0,1,1,1
64,58336.79,13443.91,117.0,0.4112,2,6,0,0
46,55346.02,5188.69,360.0,0.1589,2,5,1,0
53,40264.93,9383.83,83.0,0.4944,0,6,1,1
70,59145.29,8763.44,137.0,0.1803,2,5,1,1
66,8000.0,2005.44,8.0,0.1676,1,7,1,0
19,49074.05,3826.16,256.0,0.1787,2,6,1,0
72,33430.87,1949.0,248.0,0.4446,1,5,1,0
21,116556.59,-3823.57,277.0,0.1641,0,1,0,0
19,48895.63,-5000.0,359.0,0.3955,1,2,1,0
40,30090.2,-2550.44,319.0,0.3279,2,4,0,0
60,10542.46,4593.33,97.0,0.2052,2,5,1,0
22,77635.15,11684.68,201.0,0.166,2,1,1,0
34,36249.18,9367.92,36.0,0.4968,2,3,1,0
32,25216.2,763.1,313.0,0.2588,2,4,1,0
40,53407.48,-2441.41,190.0,0.2713,1,7,1,0
74,61242.97,1561.01,81.0,0.5023,0,4,1,0
36,60848.82,-4800.05,421.0,0.2855,1,5,1,0
29,45493.76,-5000.0,226.0,0.2888,1,1,0,0
24,48979.75,-5000.0,25.0,0.4068,1,6,1,1
29,50800.93,13997.93,45.0,0.352,2,3,1,0
25,53409.91,17858.28,139.0,0.4463,2,2,1,0
50,55622.13,9031.53,451.0,0.1893,1,4,1,0
41,72361.32,2534.78,47.0,0.5301,2,2,1,0
46,46410.37,-5000.0,192.0,0.43,1,6,0,0
65,24579.92,1710.94,190.0,0.3541,2,1,1,0
51,41392.71,7894.71,296.0,0.4789,2,5,0,0
26,63844.52,9639.05,287.0,0.0848,2,2,1,0
39,8000.0,8510.49,235.0,0.0628,2,5,1,0
35,8000.0,12676.54,387.0,0.0368,1,6,1,0
65,67956.9,18543.62,12.0,0.4625,2,6,0,0
35,83003.07,-240.18,188.0,0.1623,1,7,1,0
25,13370.0,25442.5,30.0,0.0398,2,7,0,0
59,,-5000.0,144.0,0.2941,2,2,1,0
42,35011.37,-3226.49,126.0,0.6554,0,3,0,0
23,38479.25,4600.0,424.0,0.366,2,7,1,0
57,52638.28,7392.21,323.0,0.2379,2,4,1,0
29,12678.24,1546.91,115.0,0.0378,1,1,0,1
67,17319.56,-966.13,307.0,0.3555,0,7,1,1
65,37468.72,20620.68,399.0,0.1246,1,5,1,0
39,41365.61,-1348.18,90.0,0.0562,2,3,0,0
49,16851.12,-5000.0,270.0,0.2143,2,1,0,0
50,64741.19,16526.61,234.0,0.3617,2,5,1,0
55,34560.98,9793.22,438.0,0.5945,1,2,1,0
21,34454.56,11757.74,176.0,0.2825,0,7,0,0
36,52066.47,4566.97,325.0,0.4235,2,4,1,0
27,41777.29,-5000.0,272.0,0.1686,2,2,1,0
57,65936.92,3676.96,155.0,0.5092,1,2,0,0
21,21664.44,-5000.0,160.0,0.4946,2,2,1,0
47,10065.34,4938.46,,0.7129,2,4,1,0
59,37255.31,8227.22,430.0,0.1188,1,4,1,0
72,46505.9,11603.36,124.0,0.1524,0,5,1,0
34,13981.1,2260.9,226.0,0.2777,1,6,1,0
18,10306.16,8984.72,68.0,0.4021,2,7,0,0
59,49557.44,-4230.76,204.0,0.3892,0,4,1,1
18,26055.49,10733.05,416.0,0.7995,2,5,1,0
21,8687.21,8396.62,337.0,0.2712,1,1,0,0
74,69133.53,-3402.06,233.0,0.2747,1,5,1,0
67,29205.13,7242.9,374.0,0.0596,2,4,1,0
58,73745.29,11717.77,265.0,0.2779,2,6,0,0
65,45711.77,3629.17,210.0,0.2903,0,3,1,0
22,,-3580.1,8.0,0.0946,2,2,0,0
23,39712.51,4422.05,52.0,0.3697,2,3,0,1
35,8000.0,7419.61,258.0,0.5347,0,7,1,1
19,16580.34,-3640.16,40.0,0.471,1,1,0,0
68,41857.26,-5000.0,5.0,0.1306,2,5,1,0
21,54118.23,7172.98,156.0,0.4053,1,7,0,0
49,8000.0,9586.54,266.0,0.202,1,2,0,0
66,43659.96,20198.06,351.0,0.3901,0,6,1,0
59,16943.4,8325.81,463.0,0.1363,0,4,1,0
31,50865.5,,313.0,0.0583,1,1,0,0
44,44514.98,19318.27,468.0,0.4385,2,4,0,0
49,63587.54,11439.9,138.0,0.1961,2,3,1,0
61,71670.57,-5000.0,315.0,0.2578,1,1,1,0
42,56474.75,-5000.0,2.0,0.1583,0,1,1,0
34,66509.84,-932.47,65.0,0.2488,1,3,1,0
63,36241.44,9704.79,308.0,0.259,2,4,0,0
68,115577.94,-5000.0,151.0,0.0997,0,2,1,0
45,14529.52,2047.1,270.0,0.2535,0,2,1,0
19,31806.11,9248.39,452.0,0.268,2,5,0,0
46,67533.96,-5000.0,370.0,0.2736,0,1,1,0
68,63818.03,8974.07,168.0,0.589,2,7,1,0
74,57184.73,9935.55,329.0,0.461,2,6,0,0
40,61882.97,-3773.22,443.0,0.1911,2,7,1,0
26,8000.0,-5000.0,118.0,0.3911,2,3,0,0
50,84732.47,-3898.35,266.0,0.0622,0,1,1,0
65,39902.73,-5000.0,351.0,0.1314,0,6,1,0
71,76147.35,390.48,316.0,0.3647,2,7,1,0
20,8000.0,4756.77,233.0,0.5618,2,3,1,0
34,51414.21,-5000.0,207.0,0.1049,2,1,1,1
45,30912.44,10776.4,275.0,0.1616,0,6,0,0
23,59303.0,3820.54,238.0,0.1119,0,6,1,0
68,52926.76,5080.14,171.0,0.2297,0,1,1,0
24,54151.19,-215.97,419.0,0.3166,2,4,1,0
55,18526.46,8944.35,379.0,0.4657,1,4,1,0
70,43575.77,13324.49,307.0,0.3226,0,1,0,0
57,40495.82,-260.15,94.0,0.1444,2,7,1,0
61,,9088.25,246.0,0.3911,2,2,1,0
33,69732.42,9176.22,98.0,0.7411,1,3,1,1
65,48761.9,6342.96,78.0,0.5603,1,3,1,0
41,13095.69,,113.0,0.2114,2,2,1,1
21,47689.47,-2811.92,75.0,0.2015,2,6,0,0
38,110276.91,-372.39,378.0,0.4257,0,5,0,0
37,86150.13,-3215.68,246.0,0.1,2,7,0,0
47,8000.0,8800.17,349.0,0.3245,0,3,1,0
33,46583.58,820.11,468.0,0.0767,2,3,1,0
44,68302.99,-2565.99,129.0,0.0631,2,1,0,0
42,40441.82,16305.18,93.0,0.2363,2,4,0,0
36,33497.73,17476.05,69.0,0.0454,2,1,1,0
57,38325.89,370.46,,0.2381,1,3,1,1
35,58804.74,-5000.0,13.0,0.0113,2,6,1,1
61,16288.25,17908.14,285.0,0.2588,1,1,0,0
32,74717.22,6765.84,328.0,0.3565,1,6,1,0
67,43600.18,,140.0,0.7501,0,2,1,1
38,21624.39,3840.01,258.0,0.2321,2,1,1,0
20,73108.75,-3402.54,99.0,0.1693,0,5,1,0
26,8000.0,-306.28,337.0,0.2834,2,7,1,0
63,31119.75,8421.76,341.0,0.2448,2,1,0,0
67,30708.12,-580.48,339.0,0.7091,2,1,1,0
30,98598.55,6463.87,245.0,0.2881,1,2,1,0
52,27874.48,3106.92,405.0,0.3277,1,2,1,0
50,8000.0,-5000.0,40.0,0.0633,1,3,1,0
25,30454.62,15969.05,199.0,0.1812,0,6,1,0
43,56388.76,,30.0,0.0995,0,4,1,1
57,64602.11,5645.18,397.0,0.2113,1,4,1,0
73,101913.49,7440.17,35.0,0.3651,1,6,0,0
66,80172.44,-5000.0,209.0,0.2456,0,3,0,1
23,49698.06,-945.44,89.0,0.5805,2,7,1,0
31,22714.61,,339.0,0.0782,0,1,1,0
42,85600.69,3997.49,193.0,0.2894,1,1,1,0
26,35785.91,5607.3,264.0,0.3507,1,6,1,0
50,28546.07,4130.71,461.0,0.0364,2,6,1,0
18,34573.15,12428.71,442.0,0.5258,2,2,1,0
24,13692.79,-5000.0,205.0,0.1962,1,4,1,1
20,33374.5,-3394.01,177.0,0.4177,1,7,1,0
34,39172.29,6314.78,143.0,0.4123,0,1,1,0
61,63266.42,5111.49,331.0,0.4138,1,1,1,0
28,35297.79,-5000.0,477.0,0.2601,2,1,0,0
74,13313.52,12572.24,287.0,0.2041,2,2,0,0
33,8000.0,15345.78,271.0,0.5163,2,5,1,0
20,50239.24,6404.7,479.0,0.4897,2,5,0,0
37,46815.65,-5000.0,91.0,0.3524,2,2,1,1
60,31142.18,4277.8,37.0,0.2178,1,4,1,0
24,33313.59,5722.74,45.0,0.2298,2,7,0,0
22,54712.17,825.26,287.0,0.5189,2,5,1,0
66,79763.66,13777.96,430.0,0.1039,1,1,1,0
51,25496.39,2072.49,111.0,0.2646,0,4,0,0
37,47222.57,19836.34,347.0,0.5206,2,2,1,0
61,68956.76,9264.94,424.0,0.207,1,4,1,0
66,25597.14,5208.64,439.0,0.0667,2,1,0,0
38,44609.2,10363.42,381.0,0.2323,2,3,0,0
49,44050.11,15247.08,176.0,0.0757,2,1,1,0
18,12217.62,10192.42,317.0,0.1079,2,2,0,0
35,49212.47,2393.32,266.0,0.2288,1,4,1,0
51,45788.62,-2279.36,230.0,0.2089,2,6,0,0
29,58877.11,-5000.0,339.0,0.2208,1,6,1,0
74,15327.84,-5000.0,327.0,0.295,2,5,1,0
73,45249.26,4393.87,388.0,0.136,0,7,1,0
32,79543.35,-101.36,266.0,0.0601,2,3,1,0
40,96937.5,326.97,316.0,0.4087,2,7,1,0
28,77003.23,11230.86,137.0,0.5583,0,1,0,1
46,15573.21,2103.42,227.0,0.4062,1,5,1,0
25,56276.32,,393.0,0.0895,2,5,0,0
40,32921.34,-1584.8,370.0,0.4717,0,1,0,0
49,52097.51,-4767.61,246.0,0.4695,1,5,1,0
52,25694.58,-5000.0,272.0,0.4238,1,4,1,0
51,8000.0,8782.01,123.0,0.2352,0,7,1,1
30,36387.07,12211.89,183.0,0.0671,1,5,1,0
63,63065.07,-1755.16,318.0,0.3269,1,1,1,0
57,52199.99,-5000.0,55.0,0.0346,2,5,1,1
60,55073.7,15242.21,8.0,0.6627,1,1,0,1
44,50408.76,-5000.0,287.0,0.659,2,4,1,0
68,55113.19,11081.76,345.0,0.1767,2,6,1,0
40,58237.79,-1567.85,470.0,0.2495,2,2,0,0
63,38132.96,6176.76,225.0,0.3508,2,7,1,0
29,47072.26,11615.37,59.0,0.1634,2,1,0,0
32,88581.46,6810.05,304.0,0.0855,2,7,1,0
48,48550.78,637.95,147.0,0.1607,2,3,1,0
49,46064.09,14168.78,75.0,0.3475,0,6,0,0
60,47572.11,5312.81,298.0,0.1887,2,3,1,0
34,39552.29,32460.08,344.0,0.2922,0,7,0,0
67,34116.1,-5000.0,26.0,0.4819,2,5,1,0
36,50216.96,-5000.0,347.0,0.5093,0,3,0,0
48,32357.12,10954.08,275.0,0.2464,0,5,1,0
71,41362.13,2745.99,355.0,0.2675,2,1,0,0
48,25237.13,9340.88,302.0,0.4993,2,4,1,0
56,47700.3,-5000.0,224.0,0.1669,2,2,1,0
69,59604.87,3433.06,160.0,0.3166,2,7,0,0
73,39702.13,6658.54,307.0,0.4212,0,4,1,0
46,8000.0,-1349.69,95.0,0.1968,2,6,1,0
41,59759.29,4854.64,263.0,0.0607,0,1,1,0
29,48004.6,-5000.0,,0.4375,2,6,1,0
48,20169.21,6158.58,111.0,0.5305,2,5,0,0
70,64331.76,14563.58,41.0,0.6842,1,6,0,0
45,10039.37,-5000.0,11.0,0.1385,1,5,0,0
37,71135.19,-5000.0,266.0,0.1491,0,4,1,0
24,43565.83,12519.37,198.0,0.5856,1,3,1,0
40,8000.0,-5000.0,314.0,0.4269,0,1,0,0
31,49458.24,9724.81,391.0,0.5514,2,5,1,0
73,34845.19,3442.79,469.0,0.3038,2,1,1,0
48,31078.77,-342.58,154.0,0.229,2,7,0,0
25,26556.86,14732.2,53.0,0.2513,2,6,1,1
21,41819.61,10425.18,359.0,0.3414,2,4,0,0
66,32870.28,5237.73,9.0,0.3397,1,1,0,1
71,8000.0,-5000.0,307.0,0.1622,2,4,1,0
61,76801.7,8698.03,132.0,0.3681,1,6,1,0
25,38891.06,-5000.0,,0.4575,1,6,1,0
23,26701.62,1228.94,59.0,0.3958,2,6,1,1
29,16789.41,3058.67,0.0,0.3019,2,3,0,0
60,64268.3,18178.22,93.0,0.3968,2,4,1,0
61,12539.2,974.06,206.0,0.2498,2,6,0,0
65,48349.68,-5000.0,141.0,0.0729,1,1,1,0
23,30408.77,14757.15,188.0,0.188,2,6,0,0
26,31864.51,8805.86,53.0,0.2921,0,4,0,0
69,17411.01,9103.81,66.0,0.2834,2,2,1,0
70,29492.01,14907.34,358.0,0.1605,1,5,1,0
59,45220.31,16785.67,392.0,0.1391,1,6,0,0
24,50882.81,-4133.87,355.0,0.1129,1,1,0,0
21,25360.19,-5000.0,458.0,0.1573,2,2,1,0
21,42726.64,9739.75,351.0,0.3265,2,5,1,0
57,67211.36,900.26,58.0,0.1284,2,6,1,0
66,,1625.78,353.0,0.1769,1,7,0,0
54,44843.28,-5000.0,110.0,0.2064,2,3,1,0
32,21230.4,7671.17,373.0,0.2744,1,1,0,0
61,18682.9,6217.05,303.0,0.1229,2,4,0,0
21,51525.29,1756.02,406.0,0.216,1,2,1,0
65,31368.71,-5000.0,456.0,0.1932,1,2,1,0
68,14579.92,12673.2,330.0,0.2122,1,2,1,0
58,78107.08,5045.64,448.0,0.4741,2,5,1,0
68,68002.24,11942.75,259.0,0.0573,2,1,1,0
51,8000.0,-5000.0,447.0,0.1677,2,7,1,0
44,8139.3,3454.59,42.0,0.3565,2,1,0,0
36,59836.43,-2735.19,211.0,0.2207,0,4,1,0
70,37878.15,3289.18,366.0,0.2847,0,7,0,0
57,82514.37,10545.68,473.0,0.2734,1,5,1,0
28,60408.41,5959.58,417.0,0.1273,1,4,0,0
72,52486.64,3144.98,175.0,0.3918,2,5,0,0
21,19453.43,3102.24,301.0,0.0949,1,7,1,0
51,57286.01,-5000.0,41.0,0.1942,1,4,1,1
28,13105.9,-4252.54,55.0,0.1189,1,5,1,0
55,77631.11,11970.3,338.0,0.2507,2,6,0,0
41,55553.46,-1044.29,150.0,0.6504,1,5,0,0
42,24379.24,12123.35,266.0,0.1853,2,6,0,0
56,65116.94,9610.97,99.0,0.1646,1,5,1,0
61,101038.12,10033.64,383.0,0.3729,2,3,1,0
39,39559.57,5663.32,41.0,0.4706,1,5,1,0
74,58760.33,-488.07,298.0,0.4121,2,7,1,0
46,34204.27,1790.78,325.0,0.301,1,3,0,0
27,47133.81,8123.09,393.0,0.2437,0,4,1,0
18,8000.0,-5000.0,122.0,0.4426,2,2,0,0
29,44986.76,12950.21,165.0,0.1096,2,5,0,0
57,46089.43,-1000.96,266.0,0.702,1,7,1,0
48,89974.94,2309.73,138.0,0.1062,1,6,1,0
37,8000.0,2378.7,353.0,0.478,2,2,1,0
45,37977.91,2681.34,363.0,0.2945,1,1,0,0
65,77202.93,-5000.0,362.0,0.1603,1,4,1,0
50,38955.71,4213.8,238.0,0.3144,0,7,1,1
21,40716.46,7754.92,301.0,0.4717,2,2,1,0
20,24168.52,-5000.0,86.0,0.3497,1,6,1,0
45,21684.87,-5000.0,94.0,0.1766,2,1,0,0
41,8000.0,10166.92,180.0,0.0272,1,1,0,0
66,29269.62,8678.38,99.0,0.3894,2,2,0,0
51,20266.12,5389.93,384.0,0.2922,1,1,0,0
61,47950.97,-2457.18,123.0,0.0392,2,3,1,0
51,25308.29,8724.9,443.0,0.3042,2,1,0,0
37,33010.23,-5000.0,197.0,0.0813,2,4,1,0
55,33694.87,1901.31,364.0,0.0694,1,7,0,0
53,43795.87,-5000.0,36.0,0.4475,0,3,1,1
59,31786.94,1703.98,344.0,0.1157,2,5,0,0
28,18455.35,-5000.0,218.0,0.3199,2,6,0,1
54,47144.16,9046.49,389.0,0.224,1,1,1,0
34,71687.08,6465.45,86.0,0.1261,2,2,1,0
63,48211.65,-1564.6,96.0,0.0326,2,7,1,0
63,29754.49,11722.39,414.0,0.127,2,5,1,0
53,41921.34,-4650.52,278.0,0.2491,1,5,1,0
71,8000.0,2717.72,269.0,0.4823,1,2,1,0
48,41514.93,-1918.57,285.0,0.1211,1,3,1,0
19,34991.14,8938.97,171.0,0.2239,1,1,1,0
52,21663.49,8147.54,454.0,0.5947,1,5,0,0
62,26197.54,13415.65,266.0,0.6167,1,3,1,0
23,34744.14,3663.88,7.0,0.4661,1,7,0,0
23,69811.46,-5000.0,137.0,0.6626,2,1,1,0
33,72301.51,-446.95,465.0,0.2213,2,1,1,0
66,21796.87,15522.08,233.0,0.2926,2,4,0,0
48,32048.07,400.04,348.0,0.5069,1,6,1,0
73,32685.25,-5000.0,8.0,0.4209,0,5,0,1
67,65238.64,6594.65,10.0,0.2346,2,4,0,0
49,48637.66,7192.47,98.0,0.208,1,7,0,0
56,47319.75,-2817.59,249.0,0.5551,2,3,1,0
36,58406.57,1026.01,292.0,0.2579,1,1,1,0
23,30089.66,-3778.37,33.0,0.4017,2,5,1,0
40,79097.16,7180.56,440.0,0.0538,2,1,1,0
51,,3452.8,289.0,0.178,1,6,1,0
28,23602.19,-5000.0,168.0,0.3247,0,3,1,0
30,39258.99,2923.65,216.0,0.2518,1,7,1,0
18,75798.21,-2864.19,242.0,0.1096,2,1,1,0
59,34371.45,14688.49,370.0,0.2996,1,4,0,0
69,68738.94,10149.58,44.0,0.2529,1,5,1,0
65,29366.36,2021.77,278.0,0.3935,1,6,1,0
39,25858.41,3648.51,250.0,0.0822,2,5,1,0
51,61489.94,11110.21,377.0,0.3077,0,5,0,0
72,23150.69,1611.12,172.0,0.3014,0,5,1,0
51,65563.51,9067.14,177.0,0.3425,2,1,1,0
34,53790.65,14819.09,387.0,0.0993,2,5,1,0
37,23160.15,-927.06,411.0,0.0735,0,5,1,0
59,43213.93,16169.16,395.0,0.1,0,5,1,0
43,31280.64,13840.94,415.0,0.3326,2,5,1,0
65,53724.41,4988.47,,0.0144,2,6,1,0
67,92194.96,-551.3,314.0,0.2221,1,3,1,0
20,35732.38,4888.89,330.0,0.3954,1,4,1,0
59,58344.41,1043.99,126.0,0.23,0,1,1,0
39,45611.02,-3342.17,217.0,0.1355,2,4,1,0
47,45601.44,7258.2,475.0,0.1978,0,3,1,0
33,40869.87,-5000.0,66.0,0.142,1,6,0,0
38,23564.56,291.56,392.0,0.1236,1,6,1,0
36,53378.5,396.79,152.0,0.3602,1,2,0,0
20,37781.46,-5000.0,408.0,0.2869,2,6,1,0
62,22380.0,8267.78,256.0,0.3412,2,5,1,0
26,70354.33,1173.3,5.0,0.1317,1,4,1,1
39,47475.24,13390.75,52.0,0.0326,2,1,0,0
29,39297.53,1042.78,396.0,0.2538,2,7,0,0
27,78501.42,-252.76,379.0,0.3289,2,1,0,0
39,8000.0,-4237.14,104.0,0.3009,1,6,0,0
70,76820.52,3312.23,307.0,0.0934,1,7,1,0
71,22995.3,3357.43,243.0,0.104,2,5,1,0
39,50288.31,8934.13,25.0,0.28,2,5,1,1
46,30298.41,3536.15,338.0,0.3105,1,6,1,0
74,21924.97,19751.34,76.0,0.0884,0,1,0,0
31,77847.16,6649.74,196.0,0.143,2,5,1,0
71,91405.41,-4894.7,3.0,0.4185,2,2,1,0
24,39469.36,-5000.0,116.0,0.2883,1,4,1,0
30,53386.87,7278.38,449.0,0.2287,2,2,1,0
37,46424.78,-5000.0,240.0,0.2028,0,3,0,0
20,88262.67,7758.76,347.0,0.5061,2,3,0,0
64,8000.0,10165.11,143.0,0.6192,2,2,1,0
66,54428.09,10357.94,20.0,0.4342,2,6,1,0
39,26821.84,-3953.5,295.0,0.5768,1,1,0,0
65,8000.0,10371.77,115.0,0.2573,2,4,0,0
62,35986.75,5580.71,52.0,0.1998,1,5,0,0
63,91201.22,-1862.97,,0.3725,2,7,0,0
63,28598.77,1724.79,195.0,0.2548,2,3,0,0
50,64769.14,6770.24,55.0,0.3787,2,3,1,0
24,74966.8,-2382.81,283.0,0.568,2,3,1,0
70,44682.58,5414.88,214.0,0.1261,2,5,1,0
52,48011.39,14564.82,475.0,0.6761,2,2,0,0
69,8000.0,10712.45,42.0,0.2423,1,7,1,1
72,27095.9,3655.89,237.0,0.0921,0,5,1,0
28,67675.19,4873.14,380.0,0.0914,1,3,1,0
40,46516.98,-1304.5,204.0,0.1614,2,7,1,0
28,54183.54,-1079.17,100.0,0.1834,2,4,1,0
20,48328.94,-5000.0,474.0,0.1529,2,3,0,0
73,99800.1,5008.88,156.0,0.3378,1,4,0,0
70,34237.0,8459.99,,0.2808,2,2,0,0
71,85135.25,,403.0,0.3459,0,1,1,0
68,48337.58,-4018.59,323.0,0.3913,2,4,1,0
54,87354.97,3529.03,371.0,0.4735,2,4,0,0
47,14375.55,13734.12,261.0,0.2673,2,3,1,1
74,49616.31,10183.85,321.0,0.5234,1,7,0,0
49,35157.83,2764.21,130.0,0.168,1,6,0,0
54,48486.81,19379.44,26.0,0.3614,2,6,1,0
30,75559.41,24589.74,299.0,0.5143,2,1,0,0
60,54470.24,-841.14,385.0,0.2763,0,3,1,0
64,75509.57,1032.92,400.0,0.2365,2,4,1,0
56,28244.47,8546.65,365.0,0.3781,1,1,1,0
46,24429.14,-4303.81,471.0,0.3633,0,7,0,0
29,45402.63,9793.07,285.0,0.387,1,3,0,0
19,44033.7,3811.74,82.0,0.0794,0,7,0,0
53,40353.52,5973.11,98.0,0.046,0,5,1,0
56,21034.21,-1603.5,131.0,0.2585,1,3,1,0
62,74966.29,-3301.63,468.0,0.5576,2,7,0,0
72,35929.07,-5000.0,424.0,0.3218,0,1,1,0
46,80651.95,14878.25,348.0,0.3678,1,3,0,0
65,45318.58,10531.57,413.0,0.245,2,6,1,0
58,61210.72,8386.87,164.0,0.158,2,1,1,0
33,58942.74,5786.61,343.0,0.146,2,2,0,0
66,24393.13,-5000.0,80.0,0.0431,2,3,0,0
21,54180.07,-3008.81,49.0,0.0336,1,5,1,0
52,93208.32,951.35,308.0,0.274,2,1,0,0
71,51290.31,-5000.0,339.0,0.1319,2,4,1,0
55,67531.92,-5000.0,285.0,0.359,2,7,1,0
71,62331.8,-4818.9,225.0,0.5979,1,5,1,0
21,52676.24,3393.14,290.0,0.0448,1,3,1,0
48,49661.97,3395.19,178.0,0.2644,1,3,1,0
62,58682.89,10260.18,141.0,0.3196,2,4,1,0
54,64082.06,19505.44,,0.228,1,1,1,0
68,11195.9,8486.09,174.0,0.3706,2,1,1,0
44,51182.57,1595.6,152.0,0.3939,2,7,1,0
56,40398.05,17402.61,76.0,0.105,2,7,1,0
41,35211.83,-5000.0,257.0,0.3633,2,7,0,0
67,77399.11,-5000.0,197.0,0.3373,0,4,1,0
24,26671.34,-4093.79,77.0,0.0647,1,6,1,0
32,10130.77,9497.5,435.0,0.1003,0,2,1,0
23,64892.91,4348.48,244.0,0.3423,2,2,1,0
58,9490.15,-5000.0,68.0,0.263,2,6,1,0
31,8000.0,-2816.76,23.0,0.0492,0,7,0,1
36,67706.69,-5000.0,41.0,0.2712,0,6,1,0
65,48968.06,-5000.0,197.0,0.4981,2,2,1,0
38,56817.99,15408.46,116.0,0.4211,2,2,0,0
26,33939.31,1852.52,460.0,0.0426,1,3,1,0
19,10389.85,17156.66,225.0,0.1675,1,2,1,0
30,15355.32,-4120.12,354.0,0.311,0,7,0,0
70,38195.28,6929.0,117.0,0.2287,1,7,1,0
49,13189.93,4816.66,32.0,0.5457,1,3,1,0
74,52676.32,10037.45,160.0,0.1338,1,4,1,0
30,33438.55,5036.39,330.0,0.1779,1,1,0,0
38,49625.9,10880.67,366.0,0.3392,2,2,1,0
27,48878.7,7433.58,94.0,0.3728,0,5,1,1
40,54669.99,-5000.0,142.0,0.894,2,7,0,0
50,57487.06,8861.72,227.0,0.0448,1,6,1,0
64,36402.49,2175.21,166.0,0.1755,2,4,0,0
38,49599.23,-3213.76,141.0,0.4688,0,4,1,0
61,50900.2,8551.82,472.0,0.4007,2,3,0,0
53,8000.0,10372.47,448.0,0.1688,1,6,0,0
34,61163.14,-868.52,170.0,0.2011,2,5,1,1
69,48748.55,195.48,26.0,0.3439,2,5,0,0
42,59101.22,-5000.0,172.0,0.1469,0,5,0,0
26,12828.91,-5000.0,422.0,0.3906,0,3,1,0
72,37105.67,1061.53,431.0,0.3245,2,4,1,0
70,17711.76,9336.44,336.0,0.4495,1,2,0,0
20,63615.03,-1586.13,324.0,0.3405,2,7,1,0
69,9872.09,14422.35,174.0,0.3184,1,4,1,0
72,21783.63,1359.41,211.0,0.6373,2,6,0,0
65,58357.85,1391.93,422.0,0.1156,1,3,0,0
32,29265.64,687.27,103.0,0.1807,1,5,1,0
53,21790.23,10852.74,195.0,0.5924,2,5,1,0
48,67667.99,-4671.28,421.0,0.2878,1,1,1,0
53,68692.79,1968.32,335.0,0.0506,1,7,1,0
53,63051.78,-1378.98,52.0,0.219,1,5,1,0
54,,-1492.54,378.0,0.3607,2,2,1,0
47,39210.52,3281.23,32.0,0.4087,2,4,0,1
57,39885.18,2093.41,137.0,0.3147,0,5,1,1
48,28797.97,11413.37,441.0,0.463,0,6,1,0
18,49193.23,2913.81,34.0,0.0784,2,2,1,1
20,31802.54,7440.05,90.0,0.335,2,2,0,0
72,34173.34,4382.04,416.0,0.1621,1,1,1,0
69,59997.51,14230.07,321.0,0.3133,1,4,1,0
51,74613.48,580.92,111.0,0.0571,2,7,0,0
27,54956.51,603.43,165.0,0.2243,2,2,1,0
62,89857.9,8960.31,447.0,0.2508,2,6,0,0
26,27362.11,471.98,290.0,0.0388,2,6,1,0
39,8000.0,6987.13,151.0,0.0798,2,2,1,0
36,62865.7,21703.32,69.0,0.3851,2,1,1,0
18,25704.16,-4831.62,199.0,0.3602,2,2,1,0
63,38157.69,15253.36,152.0,0.3395,1,3,0,0
47,8000.0,-937.65,206.0,0.4042,2,1,1,0
36,22519.74,13701.43,23.0,0.3919,2,7,0,0
46,8000.0,8488.37,224.0,0.2594,1,5,1,0
18,34142.42,7802.62,118.0,0.4774,2,7,0,0
42,35136.21,1792.29,462.0,0.1938,1,7,0,0
47,47249.01,995.97,132.0,0.1251,2,1,0,0
37,75993.07,-2776.06,117.0,0.2065,1,2,1,0
65,61922.66,3050.21,145.0,0.2455,2,1,1,1
32,8000.0,1528.71,291.0,0.2518,2,4,1,0
25,60200.39,4528.15,351.0,0.3143,2,4,1,0
48,47793.87,-5000.0,141.0,0.4558,1,2,1,1
68,42554.34,3181.16,333.0,0.2114,1,3,0,0
39,44432.51,13101.22,62.0,0.4314,1,7,1,0
20,50113.81,10552.39,91.0,0.2032,2,7,1,0
73,27702.83,3184.01,138.0,0.0426,2,7,0,0
43,40441.23,23499.34,335.0,0.3107,2,7,0,0
27,74598.48,-1618.83,265.0,0.2762,2,4,0,0
53,27402.36,2306.62,221.0,0.4001,2,6,1,0
36,19252.8,-5000.0,291.0,0.4921,2,2,1,0
71,43457.32,-229.08,94.0,0.3913,1,6,1,0
34,16735.84,17302.51,126.0,0.117,1,6,0,0
49,8000.0,76.15,,0.271,2,4,1,0
48,36388.32,-5000.0,473.0,0.4802,2,5,1,0
31,81215.55,9975.99,0.0,0.3153,2,7,1,1
46,44034.9,6113.68,174.0,0.3274,2,1,1,0
24,49464.43,9645.17,424.0,0.5723,1,1,0,1
54,8000.0,623.59,399.0,0.4065,2,7,1,0
61,55953.14,-5000.0,125.0,0.3776,2,2,0,1
72,47334.15,1531.01,16.0,0.3197,2,7,0,0
36,28377.13,7438.76,272.0,0.287,1,1,0,0
34,49501.26,2421.38,333.0,0.3039,0,1,1,0
49,49253.04,6103.64,122.0,0.3759,0,5,1,0
57,18512.8,-1294.55,145.0,0.1916,2,1,1,0
74,53296.34,,323.0,0.2118,0,5,1,0
19,74928.39,2975.89,257.0,0.1363,2,7,1,0
31,39301.46,-2646.99,135.0,0.325,1,1,1,0
32,23310.14,4119.6,401.0,0.1141,1,2,1,0
32,40560.5,-93.54,433.0,0.1628,2,4,1,0
44,66365.33,7937.32,347.0,0.2996,0,4,1,0
67,14342.03,9985.26,454.0,0.4728,2,5,0,0
19,59463.96,7012.3,172.0,0.0862,1,4,1,0
64,28049.64,-5000.0,53.0,0.1787,0,6,1,0
53,51051.58,-4718.17,351.0,0.024,2,2,0,0
53,30891.72,-2092.61,268.0,0.1359,1,1,0,0
56,30824.58,-3370.51,198.0,0.1105,1,4,1,0
24,83077.37,-1342.78,125.0,0.3949,2,5,1,0
60,9772.84,10401.99,30.0,0.1174,1,2,1,0
32,57134.15,8589.24,82.0,0.1321,2,4,1,0
47,88283.11,-390.81,319.0,0.2283,1,7,0,0
56,62138.05,7734.35,,0.0528,1,3,0,1
52,11722.57,5630.74,449.0,0.3849,1,1,1,0
36,12960.49,2737.13,227.0,0.4032,2,6,1,0
40,26209.37,,40.0,0.2791,2,5,0,0
45,48947.7,-2290.37,314.0,0.557,1,5,1,0
20,50648.57,3422.08,330.0,0.0158,1,7,0,0
59,13207.59,-5000.0,86.0,0.396,2,6,0,1
23,23181.06,-5000.0,403.0,0.2653,1,4,1,0
44,24712.94,-5000.0,354.0,0.3447,0,3,0,0
55,40481.33,-4886.86,286.0,0.1191,2,7,1,0
22,94617.39,3664.8,58.0,0.0846,2,3,1,1
74,21670.32,580.13,232.0,0.5601,2,6,1,0
39,20576.05,841.03,465.0,0.4797,2,6,0,0
18,16671.49,606.7,113.0,0.3546,2,2,1,0
55,60888.61,17181.94,449.0,0.1949,2,3,1,0
49,43966.46,-5000.0,93.0,0.6675,2,1,1,0
54,22594.34,-5000.0,291.0,0.4811,2,6,0,0
60,35930.11,-3763.38,190.0,0.169,2,4,1,0
45,25212.24,2424.84,32.0,0.356,2,1,1,0
65,52397.28,7118.17,307.0,0.4521,2,3,0,0
39,112109.42,7948.7,227.0,0.2212,0,7,0,0
49,58771.61,10557.11,151.0,0.4525,1,7,0,0
27,42675.29,2134.09,111.0,0.2545,1,4,1,1
53,28375.61,-170.57,234.0,0.3989,2,4,0,0
32,11415.0,16067.69,50.0,0.3135,2,5,1,1
57,63342.24,-5000.0,287.0,0.1462,2,6,0,0
63,61983.85,3502.07,44.0,0.2508,0,7,0,0
66,33347.48,6440.06,100.0,0.2214,0,1,1,0
70,75333.35,17989.47,,0.5933,0,4,0,1
24,45527.67,-5000.0,355.0,0.0792,2,6,1,0
25,64369.02,-361.1,190.0,0.1136,0,1,0,0
70,52404.93,-5000.0,301.0,0.2884,1,6,1,0
39,40571.6,-5000.0,447.0,0.0742,0,6,1,0
19,21127.88,1363.79,284.0,0.4509,1,3,0,0
34,41361.59,9664.75,360.0,0.2172,0,4,1,0
65,66051.27,12647.76,229.0,0.244,2,4,1,0
38,32296.62,-1254.98,124.0,0.1306,2,1,0,0
22,55993.53,8332.21,175.0,0.3231,2,4,1,0
59,17931.6,1418.25,168.0,0.4088,0,6,1,0
29,64501.46,7452.59,263.0,0.2769,2,2,0,0
38,52823.53,12235.8,72.0,0.18,1,2,1,0
18,14947.23,1446.16,367.0,0.0281,0,3,1,0
52,39399.64,11615.8,73.0,0.2852,2,1,0,0
43,68286.02,-5000.0,338.0,0.3606,2,4,1,0
67,13524.19,8252.08,226.0,0.146,1,5,0,0
37,18226.24,11269.39,354.0,0.0704,2,2,0,0
29,43262.58,10441.67,84.0,0.1168,0,5,1,0
27,98333.27,-5000.0,100.0,0.2746,1,7,0,0
29,28185.55,1353.51,121.0,0.3273,1,1,1,0
43,57381.85,5417.4,374.0,0.4398,1,3,1,0
22,51503.39,6544.42,127.0,0.3726,2,5,1,0
40,30262.0,3927.01,160.0,0.6147,1,4,1,0
66,49028.33,14433.49,67.0,0.3742,2,1,0,0
61,33804.13,-5000.0,111.0,0.2706,1,2,1,1
54,36054.88,1077.99,410.0,0.1139,0,4,0,0
68,8000.0,-5000.0,58.0,0.1293,2,7,1,0
62,44389.09,7969.99,437.0,0.5501,2,2,1,0
55,67477.34,7436.96,398.0,0.4167,1,6,1,0
67,46435.64,29788.83,455.0,0.275,2,5,0,0
25,72262.69,11210.88,299.0,0.2727,0,1,1,0
64,59508.19,5650.92,328.0,0.2801,2,3,1,0
34,43511.47,5039.16,403.0,0.4036,0,4,1,0
59,29301.86,467.11,340.0,0.3584,1,3,1,0
70,32843.41,4043.9,269.0,0.2153,2,3,1,0
46,8237.24,5209.99,202.0,0.2836,0,7,1,0
23,38323.03,-5000.0,412.0,0.3784,2,6,0,0
39,48649.97,4575.31,151.0,0.1991,0,3,1,1
41,87885.53,3808.08,267.0,0.3014,0,1,0,0
71,58208.01,17032.11,28.0,0.2147,0,6,1,0
71,23378.65,1946.63,310.0,0.1535,1,2,1,0
50,9015.79,-3124.36,63.0,0.4028,2,4,1,0
72,39836.2,5148.26,27.0,0.3313,1,6,0,1
42,65294.11,3594.78,142.0,0.1482,0,2,1,0
41,39484.59,1955.2,321.0,0.2792,2,1,1,0
65,58549.6,-5000.0,395.0,0.1075,2,2,1,0
56,40471.86,1751.84,286.0,0.2274,1,6,1,0
47,62925.01,-1633.53,313.0,0.8057,0,7,0,0
44,8000.0,1268.15,116.0,0.3656,2,6,0,1
58,85104.55,8857.23,51.0,0.3634,2,2,1,0
60,17187.91,-2396.11,54.0,0.5075,0,3,0,0
45,64843.31,1230.14,36.0,0.2004,2,5,0,0
19,38195.4,7329.64,166.0,0.2446,2,6,1,0
23,42104.3,844.78,359.0,0.3893,0,1,1,0
26,38972.45,23873.49,28.0,0.2051,1,2,1,0
44,51390.11,4990.93,166.0,0.046,1,7,0,0
53,56438.11,-5000.0,288.0,0.1133,0,4,1,0
63,71459.04,-3714.42,28.0,0.3623,1,7,1,0
31,80198.72,-4519.48,262.0,0.2652,1,2,1,0
62,53295.54,-3600.21,190.0,0.1635,0,3,1,0
55,87841.86,7295.82,440.0,0.4203,0,3,1,0
20,47324.31,-5000.0,238.0,0.3831,2,5,1,0
38,71936.01,350.35,248.0,0.2738,2,2,1,0
35,55717.99,12141.98,408.0,0.3022,0,5,1,0
68,31269.88,-1158.18,350.0,0.2494,1,6,1,0
70,49530.85,8371.89,263.0,0.4762,2,4,1,0
64,57579.3,-5000.0,318.0,0.1642,1,4,0,0
48,44195.05,35.08,193.0,0.4439,1,1,1,0
46,55321.41,-4087.56,335.0,0.5955,1,1,0,0
35,66634.07,5398.17,148.0,0.3809,2,4,1,0
62,44415.67,-5000.0,150.0,0.5373,2,7,1,0
22,8000.0,19557.26,397.0,0.1373,2,2,0,0
33,86956.75,-5000.0,199.0,0.415,2,5,1,0
25,37560.21,12086.25,,0.1872,1,3,1,0
46,24417.99,10026.22,57.0,0.2521,1,1,1,1
35,16897.24,5478.89,164.0,0.073,2,4,0,0
29,36588.85,3435.47,312.0,0.0756,2,6,0,0
39,30931.3,17839.67,254.0,0.271,1,3,1,0
67,26574.76,22767.71,145.0,0.4501,2,3,1,0
49,27946.84,1341.87,14.0,0.1077,1,7,1,1
64,58243.57,4262.15,263.0,0.1189,1,1,1,0
70,95759.09,-1419.2,167.0,0.164,2,4,0,0
69,65514.29,-5000.0,442.0,0.0463,2,1,1,0
38,73064.95,6704.9,21.0,0.1454,2,1,1,1
68,35564.75,4996.98,327.0,0.1857,2,7,1,0
69,47616.63,-5000.0,183.0,0.1357,2,5,0,0
72,55662.06,6648.02,128.0,0.186,2,5,0,0
38,28511.05,5265.12,342.0,0.0822,2,3,1,0
31,34356.75,-1809.96,247.0,0.4229,2,7,0,0
51,66363.8,-2332.18,35.0,0.0526,1,7,1,0
71,72257.32,6390.24,289.0,0.502,0,7,0,0
69,46685.26,15871.05,85.0,0.0785,2,7,1,0
50,15121.07,6187.17,408.0,0.3771,2,2,1,0
26,37610.2,9243.87,115.0,0.3353,1,7,0,0
42,8966.72,-3657.57,381.0,0.2691,0,2,1,0
58,46880.06,-314.18,157.0,0.4288,0,1,0,0
49,51385.08,7864.13,151.0,0.2947,2,6,1,0
37,38232.24,-5000.0,0.0,0.2689,1,4,0,1
37,51042.78,4657.61,441.0,0.2559,2,4,1,0
21,55422.53,6947.38,265.0,0.1888,1,5,1,0
34,51421.55,2691.73,70.0,0.5238,0,1,1,1
56,14961.74,5554.98,16.0,0.249,2,2,1,0
31,38668.39,3462.56,132.0,0.4031,2,3,0,0
74,55246.07,-1977.29,236.0,0.3778,2,1,1,0
22,84467.79,-5000.0,16.0,0.1904,2,1,0,0
51,38201.86,2277.49,173.0,0.245,2,3,1,0
46,58771.01,13436.05,149.0,0.6149,2,3,1,0
65,66953.8,11195.05,419.0,0.2828,2,6,1,0
68,40084.31,237.34,198.0,0.1416,2,3,1,0
48,73710.19,71.16,50.0,0.4057,1,1,0,1
53,75054.35,-517.7,115.0,0.5442,2,1,1,0
57,79509.62,-516.67,396.0,0.3639,1,5,1,0
47,56460.8,5302.0,6.0,0.3008,2,5,1,0
28,104003.43,11459.85,63.0,0.3403,2,4,1,0
42,29617.92,21102.47,5.0,0.4566,0,2,1,1
31,98101.94,-3638.78,23.0,0.2733,2,1,1,0
44,64207.49,8209.44,443.0,0.0116,2,7,0,0
53,78509.68,7338.68,475.0,0.4698,1,4,0,0
29,36999.06,362.03,,0.3116,2,7,1,0
32,66111.87,-5000.0,44.0,0.2384,2,7,1,0
64,80674.35,5202.98,335.0,0.3448,2,2,0,0
39,17816.03,19959.04,370.0,0.2035,1,1,1,0
29,40916.84,5152.38,377.0,0.1736,1,7,1,0
58,,-3297.85,358.0,0.3741,2,5,0,0
58,40541.68,1741.87,333.0,0.2897,2,2,1,0
65,24599.8,-5000.0,212.0,0.2195,2,7,0,0
61,39555.81,3148.08,29.0,0.218,1,2,0,0
74,118091.08,8467.26,395.0,0.109,1,1,1,0
50,87945.09,-2540.8,444.0,0.2966,2,4,0,0
34,9013.81,-5000.0,240.0,0.3298,2,2,1,0
67,58893.46,5215.05,205.0,0.2362,2,2,0,0
33,64973.28,-1012.42,440.0,0.0835,1,6,1,0
34,36552.57,-3005.36,217.0,0.4278,1,4,1,0
65,49457.69,-3074.41,177.0,0.1057,2,1,0,0
68,51899.56,6202.02,425.0,0.481,2,2,0,0
37,11334.72,-263.25,444.0,0.4227,2,4,0,0
59,19216.77,10443.57,98.0,0.5454,0,5,0,0
70,49307.42,10619.61,132.0,0.2893,2,5,1,0
63,47485.06,834.94,150.0,0.5549,2,7,1,0
18,27285.93,-1166.93,76.0,0.6256,2,2,1,0
55,25140.6,4021.67,410.0,0.3304,2,7,0,0
27,42755.52,1836.85,467.0,0.1866,0,7,0,0
66,67153.77,-5000.0,249.0,0.4692,2,6,1,0
21,43087.86,18312.83,341.0,0.3392,0,4,0,0
74,85568.27,8714.69,201.0,0.0485,2,5,1,0
28,27604.49,-707.88,477.0,0.3725,1,3,1,0
41,49827.75,-5000.0,458.0,0.2816,2,7,1,0
31,36142.61,1556.55,359.0,0.676,2,6,1,0
64,59699.02,-1703.81,426.0,0.3818,2,2,1,0
40,25460.3,2515.41,64.0,0.2214,2,3,0,0
60,93184.94,-5000.0,425.0,0.3632,1,5,1,0
21,8000.0,-777.97,,0.038,2,5,0,0
43,87887.01,-290.58,101.0,0.1849,1,2,0,0
69,47249.71,1461.8,446.0,0.5057,2,5,1,0
70,58810.61,1110.34,405.0,0.2651,0,6,0,0
29,78363.12,3418.01,64.0,0.1487,2,2,1,0
40,66441.54,15169.42,315.0,0.8569,2,7,0,1
41,26749.33,-1120.11,423.0,0.2365,2,3,1,0
50,60002.24,-4289.26,331.0,0.214,2,3,1,0
48,91686.85,-5000.0,231.0,0.1144,2,4,1,0
24,22817.71,,22.0,0.1988,1,3,1,0
61,97960.71,-5000.0,238.0,0.5436,2,2,1,0
30,54642.56,10680.77,266.0,0.1049,1,6,1,0
35,34169.31,2231.15,404.0,0.5512,2,4,1,0
65,22667.77,10515.72,104.0,0.4034,0,5,1,0
57,39417.82,14725.58,99.0,0.2728,1,7,1,0
40,8000.0,-3920.46,445.0,0.1927,2,6,0,0
70,34618.89,221.12,402.0,0.1546,1,6,1,0
40,38426.82,13653.49,269.0,0.8282,2,3,1,0
50,18139.66,4513.74,213.0,0.1018,0,2,0,0
32,63696.13,7172.08,296.0,0.2183,0,2,0,1
28,39530.84,11263.82,73.0,0.4467,1,6,1,1
46,29105.14,10172.12,116.0,0.3662,1,4,0,1
50,36866.65,6282.88,260.0,0.4641,1,1,0,0
63,53877.69,14170.89,202.0,0.2947,1,5,0,0
40,46830.53,2453.97,85.0,0.1824,2,5,1,0
69,27475.62,7155.32,254.0,0.2825,2,5,1,0
52,48141.34,1585.93,313.0,0.2037,1,3,1,0
21,43733.1,11164.41,389.0,0.389,2,2,1,0
60,16513.39,-2606.12,302.0,0.1556,0,7,0,0
50,37787.38,-5000.0,,0.5289,1,6,1,0
40,59483.46,8239.4,267.0,0.1855,2,3,0,0
44,59303.46,-5000.0,54.0,0.3219,2,1,0,0
35,39250.89,-5000.0,184.0,0.1138,1,2,1,0
53,61919.32,13119.44,216.0,0.7163,2,6,1,0
50,20501.11,10730.24,251.0,0.054,2,6,1,0
43,21275.3,259.99,141.0,0.2537,2,2,1,1
34,38718.63,-5000.0,357.0,0.2643,1,5,1,0
40,82439.15,7265.92,258.0,0.6056,1,1,1,0
46,49081.29,8300.04,146.0,0.3266,2,1,1,0
44,38115.85,7134.49,225.0,0.166,1,7,1,0
35,83603.45,6766.83,340.0,0.2945,2,1,0,0
51,37826.54,1548.89,10.0,0.2128,1,6,1,0
30,100868.33,-283.75,163.0,0.5139,1,2,1,1
46,32217.92,-5000.0,99.0,0.2005,2,4,0,0
24,19706.78,-2579.17,154.0,0.2902,2,1,1,0
44,40840.95,5571.88,316.0,0.0509,1,6,0,0
62,38772.89,5703.42,102.0,0.4633,1,2,0,0
64,24807.0,9318.6,261.0,0.0447,2,6,0,0
57,110049.35,-5000.0,181.0,0.0594,0,7,0,0
60,52965.66,-5000.0,25.0,0.1204,2,5,1,0
21,56606.24,-37.64,425.0,0.063,1,4,1,0
37,33453.02,-5000.0,286.0,0.291,2,3,0,0
55,30558.27,4487.9,142.0,0.2048,2,5,0,0
63,70638.96,-5000.0,241.0,0.1522,2,3,1,0
51,8000.0,12441.86,473.0,0.2915,2,1,1,0
66,16428.39,-3576.48,72.0,0.3382,1,6,1,0
33,38817.29,15741.39,408.0,0.2479,2,5,1,0
26,78776.18,7194.41,0.0,0.2677,1,3,1,0
22,35637.08,-5000.0,414.0,0.3249,2,2,0,0
51,55403.79,,160.0,0.1554,2,7,0,0
55,,5123.62,142.0,0.0471,1,6,1,0
34,77406.46,4328.96,,0.165,1,6,0,0
62,8000.0,2478.3,78.0,0.2439,2,2,1,0
60,63399.08,6732.43,63.0,0.1751,1,3,1,0
38,40027.53,7203.36,224.0,0.2666,2,1,1,0
31,68122.1,,453.0,0.1152,1,3,0,0
60,24517.95,1291.59,159.0,0.1506,1,1,1,0
56,45609.83,3925.61,260.0,0.2239,2,2,1,0
27,42437.33,7661.92,190.0,0.6382,2,7,0,0
32,19939.11,7797.51,364.0,0.0376,2,4,1,0
45,12989.67,4316.33,431.0,0.2062,2,5,0,0
47,30489.72,-1402.58,468.0,0.167,2,2,1,0
27,48248.28,-1812.74,129.0,0.2647,2,7,1,0
72,26077.19,-5000.0,126.0,0.1897,1,6,1,0
40,36748.16,7740.81,443.0,0.5076,1,2,0,0
39,8000.0,-1927.82,279.0,0.4856,2,5,1,0
21,35733.75,1465.96,157.0,0.5865,1,7,0,0
67,70589.67,4901.95,163.0,0.3489,1,2,0,0
31,62629.51,3031.47,84.0,0.1679,0,5,1,0
74,42826.95,,40.0,0.2339,2,3,1,0
46,51091.32,-4239.7,166.0,0.3041,2,4,1,0
67,24293.49,5150.9,380.0,0.538,0,7,1,0
28,85610.97,497.37,316.0,0.3038,2,1,1,0
27,96694.06,2308.8,5.0,0.1356,1,5,1,1
63,49120.59,12263.75,21.0,0.1134,1,5,0,0
64,109767.15,7042.55,417.0,0.2984,1,4,1,0
48,27995.44,-1566.44,380.0,0.2047,2,4,1,0
19,13723.02,1808.69,381.0,0.15,0,4,1,0
71,27259.41,15795.5,413.0,0.3943,1,5,0,0
40,39512.74,540.94,306.0,0.0992,0,6,1,0
71,102801.66,3319.05,162.0,0.4048,2,6,0,0
67,,8313.16,283.0,0.2093,1,6,1,0
66,23508.6,4721.53,308.0,0.3147,0,2,1,0
57,22538.53,17.46,405.0,0.4898,2,6,0,0
56,73500.55,-2947.36,255.0,0.1376,2,4,1,0
48,69932.54,2919.21,,0.4084,2,6,0,0
19,32863.05,8264.15,298.0,0.2735,2,3,0,0
40,8000.0,13567.2,353.0,0.285,1,1,0,0
59,,-5000.0,453.0,0.1149,1,2,1,0
64,88031.1,,86.0,0.3574,1,7,0,0
49,62220.2,692.73,412.0,0.3295,2,3,0,0
58,46636.53,10398.61,9.0,0.1604,1,5,1,1
19,91720.83,-2900.28,350.0,0.3912,2,7,1,0
44,93958.16,-5000.0,149.0,0.322,1,4,1,0
46,44101.51,-5000.0,56.0,0.2014,2,2,0,0
68,44560.71,352.35,157.0,0.3975,1,4,0,0
35,30448.83,7192.75,264.0,0.1695,1,7,0,0
31,37884.92,3249.54,92.0,0.4108,2,4,1,0
38,8000.0,998.12,264.0,0.0703,2,5,1,0
27,8000.0,,341.0,0.2564,1,1,1,0
49,8000.0,3015.89,420.0,0.1733,0,6,1,0
54,72108.43,5238.28,268.0,0.1593,2,1,0,0
63,8000.0,27888.22,288.0,0.1256,2,2,1,0
73,93749.06,2935.69,441.0,0.0692,2,1,1,0
22,26740.55,-2566.76,16.0,0.1173,1,6,1,0
32,88433.75,6847.68,365.0,0.11,2,2,0,0
35,35873.64,8872.71,469.0,0.2633,1,6,0,0
32,8000.0,5407.87,396.0,0.0447,1,3,0,0
65,77094.47,4255.3,442.0,0.6781,2,3,1,0
25,80046.64,14857.85,433.0,0.1127,2,4,0,0
19,22348.72,13857.98,282.0,0.4463,1,6,0,0
67,36708.69,2063.19,387.0,0.025,2,7,0,0
72,22355.1,-2147.96,174.0,0.0951,2,2,1,0
30,41986.83,6433.62,56.0,0.3234,1,3,1,0
36,47695.73,-2193.87,40.0,0.4754,2,7,1,0
46,36215.42,10081.29,89.0,0.3936,1,7,1,0
47,8000.0,6392.45,347.0,0.4802,2,6,0,0
74,30478.02,24360.25,192.0,0.1319,1,3,1,0
41,62587.97,14786.38,389.0,0.3291,2,2,0,0
18,39777.51,-5000.0,159.0,0.4582,2,7,1,0
42,36813.98,-1150.31,379.0,0.3913,1,3,1,0
49,21730.59,-5000.0,425.0,0.4896,1,7,1,0
47,29748.72,-5000.0,156.0,0.187,2,7,0,0
47,80223.7,3910.61,251.0,0.1272,1,5,0,0
70,16505.57,-5000.0,257.0,0.1577,1,6,1,0
64,63020.58,16129.49,420.0,0.2966,0,1,1,0
32,46176.38,12263.32,179.0,0.1398,1,1,1,0
38,51120.27,828.04,185.0,0.1673,0,4,1,0
56,26691.09,373.5,372.0,0.1207,1,1,1,0
41,36205.57,14882.98,435.0,0.17,2,4,0,0
42,44857.0,16716.86,13.0,0.4337,2,6,0,0
27,,-4460.78,34.0,0.1387,2,7,0,0
32,53285.8,-5000.0,448.0,0.3633,2,2,1,0
60,56435.98,591.27,213.0,0.1388,2,1,0,0
66,99317.67,6449.53,268.0,0.4029,1,3,1,0
62,51954.75,-1109.37,432.0,0.2395,0,7,1,0
35,8000.0,6617.71,190.0,0.2789,1,3,0,0
25,74075.48,18602.39,215.0,0.7392,1,6,1,0
27,39903.23,-5000.0,406.0,0.5353,0,2,1,0
40,95298.13,-565.41,351.0,0.2422,0,6,1,0
47,81773.11,-5000.0,332.0,0.0494,1,1,1,0
68,32368.32,-3692.68,173.0,0.1601,2,6,1,0
69,63047.57,642.59,336.0,0.3225,2,5,1,0
18,30151.12,-2817.69,398.0,0.655,1,3,1,0
58,45067.27,7159.82,438.0,0.3034,1,6,1,0
35,61899.62,4207.65,303.0,0.3367,2,1,1,0
29,72825.01,5392.15,418.0,0.2021,2,7,1,0
49,67380.15,546.42,389.0,0.4648,2,7,1,0
19,46874.74,1283.14,351.0,0.6566,2,4,0,0
37,107085.6,194.48,257.0,0.3874,2,6,1,0
49,35874.49,1010.74,208.0,0.0435,1,5,0,0
33,8000.0,6352.07,306.0,0.1935,1,3,1,0
51,9632.52,-5000.0,424.0,0.2575,2,2,1,0
44,81850.19,5303.53,253.0,0.1858,2,5,1,0
63,43083.68,-3949.84,335.0,0.3371,2,3,0,0
28,,289.14,272.0,0.0945,1,1,0,0
21,31436.9,-5000.0,311.0,0.4606,0,6,0,0
48,33682.44,130.63,330.0,0.2859,2,4,1,0
32,,5223.07,24.0,0.2181,2,7,1,0
58,56778.77,6656.67,58.0,0.5281,2,5,1,0
23,42565.5,-5000.0,18.0,0.3706,2,4,0,1
50,55875.13,6270.71,368.0,0.0951,1,7,1,0
74,53485.96,12118.21,429.0,0.1053,2,1,1,0
23,34353.03,-949.52,170.0,0.462,2,1,0,0
35,8531.73,3007.3,36.0,0.3687,2,2,1,0
66,8000.0,-5000.0,6.0,0.1324,0,1,1,1
48,120666.29,-4176.27,213.0,0.3582,2,1,0,0
27,81954.34,5164.16,308.0,0.5925,2,4,0,0
30,78504.56,10643.74,159.0,0.0989,0,3,1,0
61,28134.83,-1794.22,294.0,0.2695,2,6,1,0
67,45237.74,24355.09,73.0,0.4176,2,1,0,0
38,24615.93,5511.12,348.0,0.2615,2,2,1,0
45,12197.95,-5000.0,158.0,0.292,1,1,1,1
62,30280.66,13297.46,479.0,0.3702,2,3,1,0
28,78154.62,-5000.0,369.0,0.1116,2,3,0,0
29,66018.63,5627.42,221.0,0.2193,2,3,1,0
62,,-4433.93,454.0,0.7071,1,4,1,0
28,37129.6,-5000.0,467.0,0.0531,1,6,1,0
61,63728.08,10697.22,94.0,0.3096,2,1,0,0
46,30725.72,921.78,277.0,0.3099,1,4,0,0
74,46989.66,16805.38,314.0,0.2386,2,6,0,0
19,55046.19,-5000.0,171.0,0.1952,1,1,0,0
71,54773.26,,479.0,0.1233,1,7,0,0
30,51353.64,-837.32,325.0,0.4704,0,7,1,0
19,28657.57,26124.07,365.0,0.1999,2,5,1,0
59,31225.64,9671.32,94.0,0.0326,2,6,0,0
48,16658.75,7431.14,432.0,0.2553,2,7,1,0
65,8000.0,7695.51,463.0,0.5345,2,2,1,0
24,42131.28,-878.75,434.0,0.2594,2,4,1,0
22,65406.49,24834.8,211.0,0.1331,0,1,0,0
50,10492.94,6664.68,448.0,0.1786,1,1,1,0
68,51824.33,5914.53,5.0,0.2207,1,5,0,1
41,64615.78,10878.9,97.0,0.207,1,1,1,0
63,8000.0,-5000.0,314.0,0.1787,1,7,1,0
69,38235.47,-4034.78,,0.2763,1,3,1,0
67,,1035.89,57.0,0.338,1,1,0,1
46,58798.53,10930.63,140.0,0.432,1,7,0,1
57,8000.0,-5000.0,42.0,0.1492,2,5,0,0
47,61458.49,2461.16,49.0,0.3591,0,6,0,0
56,26306.58,,11.0,0.1151,1,6,1,1
50,62282.67,-5000.0,475.0,0.291,2,6,1,0
47,27747.96,-1071.45,423.0,0.2132,1,1,0,0
42,43674.19,7338.02,292.0,0.1457,1,6,1,0
55,31561.43,-5000.0,16.0,0.0261,1,5,1,0
60,45078.94,14290.68,350.0,0.175,2,3,0,0
70,30818.0,,257.0,0.1507,1,1,0,0
52,39411.54,5768.05,372.0,0.4684,2,6,0,0
23,15609.87,3065.5,234.0,0.1478,1,2,1,0
51,57266.49,-5000.0,4.0,0.5175,0,2,0,1
35,49382.13,-2197.57,437.0,0.371,2,1,1,0
19,8000.0,5894.84,422.0,0.3237,2,3,1,0
22,69822.92,-2213.24,437.0,0.1932,2,3,0,0
51,40592.8,4509.99,317.0,0.2553,1,1,1,0
71,49044.06,-4191.05,442.0,0.1767,2,5,0,0
46,64114.04,6611.44,34.0,0.4345,2,5,1,0
43,53206.06,7208.64,192.0,0.2651,1,1,0,0
23,74130.08,-5000.0,153.0,0.0979,2,1,1,0
56,37667.61,3538.47,227.0,0.2759,2,6,1,0
21,70860.73,-5000.0,19.0,0.1101,2,3,0,0
65,48073.12,-5000.0,396.0,0.5562,1,1,0,0
64,57690.84,-1751.14,143.0,0.3571,2,3,1,0
74,55090.73,25375.34,57.0,0.1119,2,6,0,0
34,76018.26,9203.1,94.0,0.1029,1,4,1,1
27,63035.31,14136.83,54.0,0.2029,0,5,1,0
35,33926.36,7867.33,329.0,0.147,1,6,0,0
63,28968.32,4643.55,442.0,0.4833,2,2,1,0
30,43756.15,10163.13,40.0,0.0693,1,6,0,0
68,25997.46,-2116.57,14.0,0.1844,2,3,1,1
26,18695.19,,422.0,0.1417,2,7,1,0
20,8000.0,12416.78,183.0,0.4594,2,5,0,0
30,8000.0,8595.37,57.0,0.4265,1,7,1,0
60,94635.16,12942.24,93.0,0.5251,1,5,1,1
52,28587.49,4460.8,324.0,0.4146,0,1,1,0
38,92586.51,16536.65,40.0,0.1406,2,1,1,0
55,55078.87,1334.15,193.0,0.0965,2,2,1,0
54,43756.05,19941.54,467.0,0.4828,1,1,1,0
49,8000.0,7588.86,206.0,0.2234,1,7,1,0
47,45116.72,-71.57,79.0,0.4204,1,3,0,0
23,92304.59,-5000.0,364.0,0.4548,0,5,1,0
32,83940.92,-3463.93,207.0,0.2008,1,1,0,0
48,51855.97,-4674.89,190.0,0.2431,2,5,0,1
25,16283.29,2290.25,122.0,0.2709,1,6,1,0
45,21070.87,-5000.0,361.0,0.2347,1,1,1,0
24,23685.2,13342.07,235.0,0.0639,2,1,1,0
62,76953.87,3885.78,232.0,0.2739,1,2,0,0
23,85793.01,3561.2,368.0,0.1336,1,6,1,0
23,49897.32,-5000.0,174.0,0.2915,2,1,1,0
54,37422.99,-3152.3,316.0,0.2638,2,4,1,0
30,83717.76,-5000.0,82.0,0.2846,0,5,1,1
38,20535.66,15942.44,274.0,0.1459,1,5,0,0
35,46295.58,-5000.0,205.0,0.6428,2,2,0,0
30,56574.15,-5000.0,245.0,0.2381,2,1,0,0
61,23429.98,14305.39,175.0,0.3762,1,2,0,1
57,29102.14,6100.52,63.0,0.2762,2,1,1,0
31,27156.56,3965.89,441.0,0.26,2,7,1,0
57,80418.17,5722.15,193.0,0.3482,2,7,0,0
58,92859.18,10631.2,358.0,0.5532,2,4,1,0
48,,3799.0,434.0,0.0556,0,6,1,0
50,38294.54,-5000.0,212.0,0.2266,2,4,0,0
71,30003.97,8865.52,393.0,0.0283,2,4,1,0
43,45043.66,6378.75,210.0,0.275,2,4,1,0
39,31244.46,12372.43,31.0,0.5336,1,1,1,0
48,42574.24,-5000.0,423.0,0.2328,2,7,1,0
65,55330.82,-2834.74,403.0,0.2713,1,1,1,0
58,34867.18,6136.71,271.0,0.4079,2,6,1,0
22,40260.3,-4556.09,397.0,0.475,2,1,0,0
44,40363.64,-5000.0,321.0,0.2357,2,2,1,0
60,37060.91,4578.64,384.0,0.3318,1,4,1,0
30,,10160.06,27.0,0.2135,1,3,0,1
74,64054.92,1968.55,391.0,0.1386,2,6,0,0
64,8000.0,7385.08,102.0,0.088,2,6,0,0
66,84357.0,6226.94,471.0,0.562,2,1,1,0
22,48388.24,3083.96,463.0,0.3939,2,4,1,0
51,60250.44,4087.71,26.0,0.4678,0,5,0,1
48,63126.94,13793.1,312.0,0.2305,2,6,0,0
53,27298.52,-4714.0,184.0,0.4427,1,6,1,0
66,22141.04,9184.36,122.0,0.1475,1,1,1,0
38,19193.27,-5000.0,464.0,0.4576,0,6,1,0
48,38823.3,-3358.24,192.0,0.1916,2,5,1,0
56,62480.12,12567.34,265.0,0.253,2,3,1,0
60,30405.95,-5000.0,150.0,0.0636,2,2,0,0
61,60198.29,1067.27,327.0,0.4712,2,5,1,0
37,8000.0,21890.78,121.0,0.2592,1,2,1,0
74,35360.82,11204.41,173.0,0.1166,0,4,1,0
18,74178.43,-2897.38,338.0,0.3612,2,5,1,0
46,40725.72,-1526.6,101.0,0.1677,1,5,1,0
52,24271.41,1639.07,376.0,0.1586,2,6,1,0
21,28578.92,13495.55,469.0,0.4619,1,6,0,0
43,8000.0,-5000.0,337.0,0.1183,1,6,0,0
51,19704.95,-5000.0,173.0,0.2099,2,7,1,0
52,71431.03,8706.82,87.0,0.1895,1,6,1,1
24,30434.93,-5000.0,269.0,0.085,0,7,1,0
33,33386.39,-4288.62,210.0,0.114,2,7,1,0
31,8000.0,2319.29,117.0,0.3561,2,2,0,0
54,8000.0,2729.44,176.0,0.114,1,6,1,0
36,74751.23,-5000.0,464.0,0.228,2,7,1,0
50,60432.35,5829.92,81.0,0.2606,1,3,1,0
59,12564.02,7430.12,124.0,0.3243,1,6,0,0
63,29235.69,-2299.91,167.0,0.3352,2,7,1,0
28,44270.69,16286.06,438.0,0.2712,0,5,1,0
69,15096.81,5716.85,172.0,0.3872,2,6,1,0
27,8000.0,-5000.0,140.0,0.2714,0,1,1,0
19,41019.74,15966.24,142.0,0.1421,2,4,1,1
20,59315.21,-1186.6,454.0,0.2606,0,2,1,0
29,59796.43,4430.99,169.0,0.2804,2,7,1,0
67,66880.93,-894.25,176.0,0.2197,2,2,0,0
29,8000.0,7993.22,174.0,0.3847,0,5,1,0
57,46447.55,-852.23,418.0,0.3502,2,3,1,0
41,38288.72,-366.85,340.0,0.1304,2,1,1,0
20,42819.48,1720.18,287.0,0.041,1,5,0,0
43,39705.46,-1015.6,102.0,0.4558,2,4,1,1
19,28488.8,11574.52,54.0,0.3291,2,1,1,0
45,8000.0,-5000.0,42.0,0.153,1,6,1,1
49,74045.73,2702.82,141.0,0.5356,0,1,1,1
47,53249.75,3715.72,379.0,0.3478,2,4,1,0
34,8000.0,2002.93,365.0,0.2591,2,4,1,0
61,56828.29,10746.39,375.0,0.1821,2,6,1,0
52,33817.38,-5000.0,320.0,0.3032,1,2,0,0
32,34525.69,7543.34,247.0,0.5131,1,3,1,0
42,25789.63,-5000.0,170.0,0.4174,1,4,1,0
24,58423.26,-1070.21,348.0,0.2801,0,5,1,0
70,25004.41,-5000.0,93.0,0.2029,0,4,1,0
60,17579.13,343.27,32.0,0.1961,0,5,0,1
34,73293.62,-1625.69,397.0,0.2236,1,4,1,0
56,40527.96,16106.17,227.0,0.7006,0,2,1,0
56,41312.84,4930.93,298.0,0.2111,2,1,1,0
52,62311.6,,459.0,0.1751,2,6,1,0
21,28310.33,-5000.0,327.0,0.4433,2,4,1,0
68,33296.17,8920.62,366.0,0.2869,1,4,1,0
72,52642.88,16105.81,229.0,0.4533,2,4,1,0
73,8000.0,9959.27,152.0,0.4778,1,6,1,0
73,50527.48,-5000.0,168.0,0.1416,2,4,1,0
70,26107.21,-713.13,432.0,0.1949,2,1,1,0
60,66386.81,3867.92,183.0,0.0396,1,6,1,0
21,58666.58,-1617.31,448.0,0.0923,0,2,0,0
44,55363.71,23263.93,14.0,0.1177,2,1,1,0
31,8000.0,-858.21,140.0,0.1359,0,4,1,1
30,42415.12,2653.19,453.0,0.213,1,6,1,0
65,15568.34,-1801.82,278.0,0.3986,2,1,0,0
64,44078.4,4853.47,,0.2931,0,7,0,0
47,8000.0,14058.8,84.0,0.2507,0,1,1,0
59,8000.0,3918.84,231.0,0.3352,1,6,1,0
25,74725.84,1247.89,459.0,0.1834,0,1,1,0
30,54226.33,-5000.0,171.0,0.2244,2,6,1,0
67,36154.6,12670.69,231.0,0.5829,2,7,0,0
43,22281.42,1850.45,170.0,0.3583,1,4,0,0
49,17893.65,1506.43,413.0,0.2129,2,6,1,0
44,50003.89,-5000.0,329.0,0.2079,2,7,0,0
29,36409.19,1982.27,296.0,0.2256,1,5,0,0
65,83666.18,-208.84,321.0,0.165,2,7,0,0
61,40380.91,-5000.0,197.0,0.4463,0,6,1,0
56,46468.01,10916.89,388.0,0.0818,2,3,1,0
38,10287.41,-1281.94,294.0,0.1036,2,4,1,0
54,35982.52,,34.0,0.259,1,5,0,0
72,49424.79,14315.53,179.0,0.2431,2,7,0,0
55,35680.36,-2759.23,419.0,0.3146,0,3,1,0
46,32859.29,13954.51,122.0,0.1862,1,4,1,0
33,53172.74,15884.34,459.0,0.2589,2,2,1,0
47,82870.58,-1472.28,391.0,0.11,2,7,1,0
39,48624.23,-5000.0,474.0,0.1494,2,1,0,0
52,73604.66,-5000.0,382.0,0.1069,2,5,0,0
20,60540.06,6043.53,61.0,0.0691,0,4,1,0
28,72108.83,-4786.61,91.0,0.4628,2,2,0,0
62,29757.0,6283.94,233.0,0.2971,1,3,1,0
39,39826.81,-1542.81,171.0,0.2104,2,4,1,0
42,39930.66,-3237.85,450.0,0.3468,2,2,1,0
49,58656.93,-1491.93,407.0,0.2949,2,4,1,0
42,64810.32,-5000.0,364.0,0.0793,1,5,0,0
61,48126.4,-1495.63,451.0,0.4932,1,6,0,0
31,66917.66,-2892.9,28.0,0.307,0,4,1,1
61,30916.71,2886.75,336.0,0.1488,2,6,1,0
29,67134.44,3834.06,417.0,0.1535,1,5,1,0
39,,-5000.0,,0.4497,0,5,1,0
51,61937.41,11806.44,402.0,0.0566,0,5,1,0
68,48354.24,1723.45,388.0,0.1979,1,3,1,0
31,62833.08,15019.51,374.0,0.173,2,2,0,0
51,22649.89,4928.66,61.0,0.4986,0,1,0,1
21,49959.06,3552.83,197.0,0.2756,1,4,0,0
22,52512.76,-927.82,420.0,0.1352,2,4,1,0
61,11762.11,7918.72,303.0,0.4834,1,5,1,0
58,,3268.53,124.0,0.0845,1,5,1,1
39,13779.53,9867.73,343.0,0.4813,1,1,1,0
53,34302.04,15837.3,12.0,0.2846,0,7,0,1
39,45994.02,-2814.82,190.0,0.3944,0,7,1,0
33,26731.59,7907.71,362.0,0.1974,2,6,0,0
42,47063.85,7680.93,376.0,0.3662,2,4,0,0
35,46663.92,6664.9,244.0,0.2128,1,7,1,0
64,24495.46,-465.59,131.0,0.1782,2,1,0,0
41,59199.36,-303.73,238.0,0.0622,0,4,1,0
36,25896.09,-1671.06,88.0,0.2085,2,7,0,0
48,102199.36,-1829.74,449.0,0.4636,1,4,1,0
61,42263.03,-3721.0,412.0,0.1767,1,6,1,0
33,15717.65,2164.02,346.0,0.1322,1,4,0,0
71,20391.46,-3062.55,162.0,0.6254,0,5,0,0
44,73689.51,6485.15,68.0,0.2821,2,7,1,0
55,34771.21,3455.63,27.0,0.0482,2,4,0,0
72,10905.9,4352.98,183.0,0.3668,0,2,1,0
42,66342.82,812.09,399.0,0.754,2,5,0,0
29,34610.65,3551.19,177.0,0.3923,1,3,0,0
60,61335.49,1021.42,383.0,0.2399,1,5,1,0
18,68389.15,9236.34,84.0,0.2578,1,5,0,1
44,51861.59,-539.11,385.0,0.306,0,4,0,0
73,104897.68,6004.2,36.0,0.4946,0,6,0,0
41,8000.0,-5000.0,163.0,0.3542,1,3,1,0
56,24551.25,8696.6,,0.1015,2,2,1,0
47,38601.25,-1474.09,289.0,0.1107,2,1,1,0
30,101529.34,-4298.17,90.0,0.384,2,6,1,0
36,89950.06,-5000.0,6.0,0.3851,2,7,1,1
47,77217.27,-5000.0,154.0,0.2876,2,5,0,0
23,25146.9,-851.77,1.0,0.1058,2,1,0,0
41,28062.13,14989.02,182.0,0.5614,1,4,1,0
41,24286.0,-2146.58,124.0,0.5575,1,5,1,0
65,25414.33,-5000.0,447.0,0.0649,0,5,1,0
25,82317.62,5923.73,252.0,0.3495,2,3,1,0
66,38905.82,,211.0,0.0984,2,7,1,0
41,42212.55,9518.46,288.0,0.1714,2,1,0,0
55,64359.67,-368.61,65.0,0.261,1,4,0,0
49,8000.0,807.94,64.0,0.3014,1,6,1,1
35,46316.15,12578.49,73.0,0.1796,2,4,0,0
71,17578.21,7941.84,416.0,0.2733,2,2,1,0
30,37639.63,-5000.0,357.0,0.2844,1,1,1,0
20,30339.48,-5000.0,460.0,0.2697,0,5,0,0
60,29050.48,-5000.0,390.0,0.184,2,6,0,0
53,50639.55,23825.77,57.0,0.2848,1,4,1,0
68,50530.34,-3901.66,79.0,0.2928,2,4,1,1
44,39504.49,12358.5,395.0,0.3522,2,6,0,0
18,54267.11,-1258.2,262.0,0.2995,1,7,0,1
19,23284.64,-5000.0,294.0,0.3734,1,5,0,0
42,62039.65,3172.49,112.0,0.0314,1,2,0,1
32,39845.02,386.69,241.0,0.458,2,3,0,0
70,32908.41,9415.0,433.0,0.5503,2,7,1,0
24,25131.03,9515.07,234.0,0.1664,0,5,0,1
68,,-1721.13,330.0,0.5283,2,3,0,0
30,91765.98,-5000.0,359.0,0.1103,2,5,0,0
24,43417.16,-5000.0,443.0,0.1086,2,1,1,0
33,16389.91,-5000.0,100.0,0.1634,1,4,1,0
26,67970.48,804.32,437.0,0.3386,2,4,1,0
40,33201.79,2905.6,292.0,0.1926,1,6,1,0
36,52093.98,-5000.0,399.0,0.4347,0,2,0,0
48,29858.49,-5000.0,125.0,0.2105,1,7,1,0
48,77019.33,2871.33,56.0,0.0847,2,2,1,0
18,30231.01,-2055.64,40.0,0.2634,1,3,1,0
25,79946.45,1296.57,184.0,0.5212,2,6,0,0
27,18768.49,62.2,265.0,0.3146,2,2,1,0
29,37677.34,4989.84,138.0,0.1765,1,1,1,0
23,79999.89,-1522.23,128.0,0.1239,2,2,1,0
35,49204.36,-909.95,391.0,0.1087,2,7,1,0
49,101786.65,-5000.0,356.0,0.4853,2,3,1,0
35,38271.49,2597.34,304.0,0.3088,2,3,1,0
36,51426.07,3709.53,312.0,0.1551,1,4,1,0
44,92628.73,1578.4,406.0,0.1619,0,2,1,0
49,8000.0,,107.0,0.0629,1,1,0,0
36,8000.0,4302.23,451.0,0.3098,1,2,1,0
30,25112.3,1748.18,413.0,0.2122,1,1,1,0
41,65334.32,6993.16,165.0,0.3943,0,4,0,0
19,8000.0,19902.91,166.0,0.4869,1,4,1,1
46,59926.23,5021.78,88.0,0.5048,1,5,0,0
71,58167.67,-5000.0,340.0,0.1455,2,5,0,0
40,95359.76,6456.47,145.0,0.1423,2,3,1,0
24,71137.12,-4033.88,128.0,0.2223,2,7,0,0
58,54101.26,-5000.0,322.0,0.4628,2,7,1,0
25,78978.32,16580.49,94.0,0.6868,2,1,1,0
29,58472.6,14851.57,54.0,0.2202,1,6,1,0
26,33498.25,-4241.42,412.0,0.0592,0,1,1,0
68,16384.86,-4189.05,19.0,0.2729,1,2,1,0
73,30765.86,4281.34,440.0,0.4372,1,3,1,0
50,43998.15,-4081.43,328.0,0.4201,2,6,0,0
53,49375.46,1919.41,168.0,0.0804,1,1,0,0
54,8000.0,-2705.46,270.0,0.4577,2,6,1,0
52,39510.99,-203.22,151.0,0.5537,2,2,1,0
49,45714.54,-5000.0,196.0,0.1127,0,3,0,0
74,58688.44,9615.19,337.0,0.4302,2,1,1,0
59,,12630.31,436.0,0.1082,2,5,1,0
23,49641.34,2198.37,109.0,0.4537,1,3,1,0
40,22260.93,2710.06,256.0,0.5609,2,5,1,0
73,8000.0,8033.26,414.0,0.1139,1,5,1,0
41,62175.27,3015.21,6.0,0.0898,2,1,0,0
29,23272.82,16836.51,4.0,0.3209,2,4,1,0
67,66670.92,-5000.0,295.0,0.4146,2,2,0,0
53,79935.5,9887.54,68.0,0.2156,1,5,1,0
50,8000.0,2086.38,476.0,0.2804,1,7,1,0
41,58847.31,-5000.0,57.0,0.3846,0,6,1,1
25,77315.56,20976.71,354.0,0.193,0,4,1,0
39,70475.98,22081.6,152.0,0.518,2,5,1,0
42,8000.0,1337.04,443.0,0.0998,2,4,1,0
71,23658.7,6557.8,415.0,0.4555,2,2,1,0
35,12995.49,-769.49,383.0,0.1914,2,6,1,0
26,58086.82,517.64,307.0,0.3492,2,3,1,0
42,55333.17,-5000.0,103.0,0.1437,0,7,1,0
74,8000.0,-5000.0,51.0,0.247,0,4,0,0
45,37479.21,17753.2,125.0,0.0114,2,6,1,0
39,65018.0,2689.86,37.0,0.2831,2,5,0,0
56,48699.4,3404.68,376.0,0.1516,2,4,1,0
54,48656.67,-3484.15,138.0,0.346,0,6,1,1
35,35875.16,,211.0,0.6159,2,3,1,0
73,18526.48,-5000.0,297.0,0.0906,1,4,0,0
51,44573.6,-3189.91,336.0,0.151,2,4,0,0
21,46302.34,-5000.0,285.0,0.4038,2,4,1,0
41,60381.36,13343.07,353.0,0.152,2,7,0,0
70,62412.5,-5000.0,54.0,0.3524,1,1,1,0
40,47146.54,-5000.0,134.0,0.2453,2,6,1,0
50,72372.71,-5000.0,365.0,0.0271,1,3,1,0
52,35626.88,-4120.1,344.0,0.3075,2,6,1,0
58,8899.39,-676.17,303.0,0.2647,2,1,0,0
67,56926.34,10822.24,451.0,0.1984,1,6,0,0
26,48159.49,1224.02,471.0,0.2825,2,3,1,0
47,57423.29,-284.7,40.0,0.3796,2,7,0,0
48,13388.72,5399.26,265.0,0.0718,1,2,0,0
26,89769.9,-543.22,432.0,0.4202,2,3,1,0
56,62762.56,22279.26,157.0,0.1874,2,5,0,0
24,37800.08,-1728.03,28.0,0.243,2,1,0,1
44,21613.67,6309.69,57.0,0.3351,1,1,0,1
36,71928.84,9611.65,346.0,0.6828,2,3,1,0
26,17455.76,-1957.71,441.0,0.0825,0,5,0,0
64,101534.12,4322.98,339.0,0.2348,2,5,1,0
31,29669.88,-1006.76,18.0,0.514,2,7,0,0
32,88012.63,5192.17,198.0,0.0123,1,6,1,0
66,40388.16,3807.39,167.0,0.2009,0,3,1,0
68,84518.67,1877.74,,0.2818,2,1,1,0
19,26628.29,-5000.0,254.0,0.2052,1,2,1,0
33,45470.91,17909.56,112.0,0.2746,0,1,1,1
58,65118.73,7691.19,273.0,0.3933,2,6,1,0
62,61551.93,-5000.0,359.0,0.51,2,3,0,0
74,72519.05,-362.96,279.0,0.2476,2,7,0,0
49,32813.2,-5000.0,200.0,0.1711,1,6,1,0
18,47120.21,9096.65,344.0,0.0856,2,7,1,0
67,76209.71,2825.74,146.0,0.3901,2,5,1,0
27,27368.61,3032.62,61.0,0.454,0,6,0,1
24,59313.53,-3738.94,414.0,0.0619,2,7,1,0
56,39520.99,475.49,345.0,0.1812,1,3,1,0
52,50146.85,9297.47,350.0,0.2083,2,1,0,0
21,47113.76,11446.66,426.0,0.4217,1,2,1,0
27,25292.92,9771.37,342.0,0.3335,1,3,0,0
51,38482.67,-5000.0,14.0,0.2529,1,4,0,0
32,48623.31,1511.07,404.0,0.3225,1,5,1,0
56,42431.9,5026.51,17.0,0.1553,1,5,1,0
41,84318.4,-2878.2,332.0,0.1364,2,3,1,0
51,70248.89,-5000.0,475.0,0.3022,2,1,1,0
45,52249.51,-5000.0,193.0,0.5296,1,4,1,0
38,25921.35,14998.2,149.0,0.2998,1,3,0,1
37,24399.42,-5000.0,445.0,0.3727,2,3,0,0
57,94345.28,3380.49,218.0,0.3954,1,3,1,1
47,19752.86,1749.32,442.0,0.2607,0,4,1,0
51,47846.49,1769.75,148.0,0.5207,2,3,0,0
50,54023.72,441.11,88.0,0.3833,2,6,0,1
29,37216.91,9313.1,267.0,0.2951,1,1,1,0
70,19944.91,3284.9,178.0,0.3211,1,4,1,0
50,25377.58,-2005.24,341.0,0.0772,2,7,1,0
58,31337.37,3410.75,143.0,0.5435,1,1,1,0
68,27262.68,-5000.0,364.0,0.1811,2,7,1,0
70,78193.01,6807.56,170.0,0.096,2,3,0,0
56,44771.85,-2447.73,170.0,0.5996,2,6,1,1
62,31904.97,-1986.97,340.0,0.1099,0,6,1,0
44,47673.95,7104.38,125.0,0.3097,2,6,1,0
60,61698.9,,137.0,0.0664,0,5,0,0
36,36384.51,191.87,262.0,0.1566,2,1,0,0
58,67549.53,12341.04,159.0,0.2242,2,4,0,1
22,13221.33,-4785.5,184.0,0.5787,1,6,1,0
70,74282.59,6987.08,162.0,0.2971,2,6,1,0
31,44776.19,10596.19,298.0,0.2193,1,3,0,0
55,43799.69,,160.0,0.5374,2,7,0,1
18,27674.64,,293.0,0.2993,2,2,1,0
26,14303.75,-2137.12,112.0,0.0462,1,1,0,1
74,8000.0,-3943.49,429.0,0.2006,2,5,1,0
65,25930.58,9537.72,456.0,0.3298,1,2,1,0
30,59691.83,10521.93,1.0,0.5635,1,6,1,0
25,20968.04,-3325.88,50.0,0.0609,2,7,1,0
64,8000.0,6878.44,48.0,0.0866,1,2,1,0
74,22273.37,24793.65,87.0,0.1328,2,5,1,0
27,35379.17,3837.32,377.0,0.2219,2,2,1,0
55,36362.47,10387.99,118.0,0.2618,2,3,1,0
34,41777.68,15613.9,280.0,0.1991,2,1,1,0
60,70815.16,23029.97,120.0,0.1539,1,6,1,0
41,76231.36,4965.6,30.0,0.4323,1,6,0,0
25,95136.56,13024.27,40.0,0.1781,0,2,0,0
36,8000.0,-3307.95,452.0,0.0746,1,4,1,0
48,23602.9,3199.05,267.0,0.1871,2,3,1,0
63,62462.13,-571.62,312.0,0.2892,2,6,1,0
19,,-5000.0,90.0,0.2249,1,7,1,0
72,66519.66,-5000.0,233.0,0.3202,2,3,0,0
55,50177.84,6440.26,315.0,0.3019,1,6,1,0
67,84480.11,6597.51,374.0,0.1165,2,4,1,0
71,71067.9,-5000.0,315.0,0.3576,2,1,0,0
26,71525.42,15459.08,286.0,0.1111,2,1,0,0
23,34703.21,-5000.0,299.0,0.3637,1,3,1,0
62,42563.48,5058.15,179.0,0.2684,1,5,1,0
28,37368.66,-321.92,335.0,0.2484,2,1,1,0
26,8000.0,3855.58,142.0,0.2752,2,5,0,0
44,81794.23,10188.27,345.0,0.0809,2,3,1,0
70,63634.68,9058.74,217.0,0.2069,1,7,0,0
63,36374.32,8662.74,276.0,0.1857,2,1,1,0
47,77614.81,7641.25,228.0,0.1335,2,7,0,0
29,29240.81,-5000.0,272.0,0.1271,1,4,0,0
37,8000.0,12076.24,341.0,0.1096,2,2,1,0
57,70184.24,-5000.0,134.0,0.6175,0,4,1,0
26,13035.99,2151.73,227.0,0.2551,1,4,0,0
47,40105.61,189.38,193.0,0.0782,2,2,1,0
18,50153.08,5800.99,8.0,0.5093,2,5,1,0
36,54636.63,-877.72,409.0,0.1819,2,2,0,0
32,66210.03,,328.0,0.2093,1,2,0,0
56,59521.29,15950.94,21.0,0.5232,2,7,1,0
70,58747.31,-5000.0,33.0,0.0707,1,2,1,1
26,,2980.27,444.0,0.1086,2,5,1,0
63,52356.09,-5000.0,406.0,0.4664,2,2,1,0
55,8000.0,8394.8,350.0,0.4894,2,4,0,0
73,84053.44,-2813.83,339.0,0.2972,2,4,1,0
69,,3308.29,403.0,0.2782,1,5,1,0
23,36339.0,-5000.0,286.0,0.5185,0,7,1,0
60,12028.14,13332.32,2.0,0.3241,1,2,0,1
51,26745.84,3582.32,217.0,0.2487,2,2,1,0
24,45335.71,4102.12,158.0,0.2905,1,1,1,0
32,31781.05,9632.49,,0.2209,2,6,0,0
70,73606.16,-5000.0,412.0,0.2342,2,6,1,0
48,50672.53,-1920.18,314.0,0.2944,1,1,1,0
37,33427.26,4360.43,432.0,0.259,1,4,1,0
36,41660.45,-5000.0,52.0,0.2787,2,5,1,1
65,75492.51,-5000.0,468.0,0.2296,2,2,1,0
34,67721.77,-3570.1,290.0,0.2943,2,4,0,0
27,16530.73,-5000.0,272.0,0.4615,2,5,0,0
50,27983.71,249.09,88.0,0.039,2,1,1,0
74,56869.75,7179.46,,0.2838,0,7,0,0
28,53834.16,8999.04,286.0,0.0287,2,7,1,0
32,18740.46,17475.29,336.0,0.3364,2,1,0,0
44,63728.16,2819.0,72.0,0.1217,1,1,0,0
29,22728.15,4234.87,305.0,0.579,1,1,1,0
55,77595.67,2800.96,45.0,0.3848,2,3,1,1
32,58236.23,5562.15,34.0,0.394,2,4,0,0
25,16701.89,6186.94,226.0,0.5711,2,1,0,0
32,31773.08,10376.94,56.0,0.1725,1,5,1,0
71,31338.48,10345.67,340.0,0.1339,0,7,0,0
71,48996.92,,231.0,0.4021,1,6,1,0
46,39900.58,15081.38,114.0,0.1893,2,5,0,0
40,16362.78,3214.06,130.0,0.4606,2,5,0,0
64,10143.52,-1892.54,238.0,0.1976,1,1,1,0
29,58725.58,-584.36,287.0,0.2224,0,1,0,0
55,52155.92,2153.32,383.0,0.4783,2,5,0,0
56,47638.44,-5000.0,274.0,0.249,1,3,1,0
58,51768.3,-1906.94,263.0,0.3249,0,7,1,0
30,29527.02,-5000.0,291.0,0.217,1,5,0,0
58,49599.81,5751.68,286.0,0.1541,1,4,0,0
52,108462.64,5830.57,167.0,0.0601,2,4,1,0
67,74364.18,-5000.0,105.0,0.4459,0,2,1,0
27,37789.79,,252.0,0.2162,1,6,0,0
52,31915.71,17601.51,59.0,0.3966,0,5,0,0
65,8000.0,8038.24,116.0,0.1054,1,3,1,0
33,71717.35,6634.69,71.0,0.3655,2,5,0,1
60,64665.13,-2314.03,235.0,0.336,2,6,1,0
23,31404.3,5298.26,466.0,0.2274,1,4,1,0
58,9207.31,2883.92,420.0,0.3889,2,3,1,0
52,16118.31,-3373.97,41.0,0.0836,1,7,1,0
28,56109.95,-950.32,394.0,0.611,2,1,0,0
21,42766.48,-770.03,72.0,0.1382,2,5,1,1
60,62289.8,-5000.0,437.0,0.0829,0,5,0,0
31,47161.08,-5000.0,98.0,0.4481,2,5,1,1
46,69168.97,1404.25,60.0,0.0854,0,5,1,1
21,54239.38,-3783.98,378.0,0.6982,1,5,0,0
72,65719.88,592.65,399.0,0.3382,2,6,1,0
49,,-5000.0,191.0,0.3969,2,4,0,0
71,14141.36,9410.61,262.0,0.4618,0,5,1,1
27,35891.21,19643.84,379.0,0.2548,1,3,1,0
29,71989.22,11219.16,409.0,0.6006,2,3,1,0
52,92013.24,12044.28,201.0,0.1557,2,5,0,0
52,40894.11,8008.98,376.0,0.3048,2,6,1,0
63,29710.5,5124.69,381.0,0.1394,2,2,0,0
70,8000.0,3692.18,380.0,0.4596,1,3,0,0
64,66589.09,-4316.21,429.0,0.2965,1,4,1,0
25,31245.24,8520.45,401.0,0.3205,0,3,1,0
35,118958.37,8045.67,214.0,0.0477,2,3,1,0
70,26514.9,-704.08,151.0,0.4057,2,1,0,0
49,97631.88,7208.03,473.0,0.1745,0,3,0,0
67,63709.18,-2551.56,214.0,0.1673,2,7,1,0
50,19293.39,-2042.04,447.0,0.0859,0,6,1,0
20,,9200.84,478.0,0.2301,2,6,1,0
44,64284.51,6444.22,7.0,0.4252,2,2,1,0
65,39368.7,1144.45,67.0,0.2769,1,1,1,0
55,65949.57,218.67,270.0,0.4365,1,3,1,1
25,65398.93,4398.18,42.0,0.3839,1,2,1,1
29,59908.46,-5000.0,315.0,0.1997,1,5,1,0
66,44588.17,-3062.16,5.0,0.1138,2,5,0,0
73,15626.5,-5000.0,404.0,0.2909,2,3,0,0
60,43080.37,3094.82,205.0,0.4137,2,2,0,0
23,49401.62,11708.95,323.0,0.2497,2,7,1,0
53,8000.0,6817.27,223.0,0.4929,1,1,1,0
65,49230.88,-1091.98,330.0,0.2233,0,4,0,0
54,42579.97,-2652.77,326.0,0.0904,0,5,1,0
51,12584.35,-3030.93,139.0,0.3151,2,3,1,0
44,36674.84,18996.94,384.0,0.247,2,3,1,0
31,37203.84,3544.5,393.0,0.6531,1,5,1,0
34,93252.36,4598.01,154.0,0.1639,2,4,0,0
60,50502.96,-5000.0,30.0,0.1381,1,4,1,0
21,70901.13,-5000.0,215.0,0.1979,0,2,1,1
22,42054.62,2646.58,315.0,0.4144,2,2,1,0
40,8000.0,-985.3,373.0,0.4038,2,5,1,0
62,61808.55,4064.46,96.0,0.2811,2,3,1,0
55,28545.33,3959.03,230.0,0.5839,0,2,0,0
51,36610.0,7803.62,367.0,0.4461,2,7,1,0
48,18675.72,-5000.0,252.0,0.1274,2,3,0,0
24,46819.2,-5000.0,379.0,0.2707,1,4,0,0
36,71629.46,2203.1,323.0,0.1774,1,4,1,0
22,68318.45,-2179.23,83.0,0.3398,1,3,0,0
61,84654.74,517.78,101.0,0.6501,1,4,1,0
60,88198.99,3872.22,,0.0944,2,7,0,0
32,8000.0,-2959.46,337.0,0.1646,0,5,0,0
34,15159.49,4538.16,401.0,0.4315,2,5,0,0
36,8000.0,7351.88,141.0,0.299,1,4,1,0
68,60798.26,3520.63,25.0,0.425,2,5,0,1
45,27672.96,8765.82,114.0,0.3467,1,1,0,0
61,32770.49,-5000.0,206.0,0.171,2,2,1,0
43,39585.06,-1688.28,58.0,0.0688,1,1,1,0
57,54564.27,10138.65,92.0,0.2568,1,2,1,0
48,8000.0,-3914.82,69.0,0.2567,2,2,0,0
33,13528.41,-5000.0,60.0,0.4178,1,4,0,0
67,45032.41,1989.85,183.0,0.2183,2,7,1,1
58,74968.65,2861.45,385.0,0.177,2,3,0,0
61,44365.06,-1277.58,181.0,0.3325,2,6,1,0
72,25208.51,17748.59,140.0,0.2642,2,6,1,0
32,8000.0,5291.93,263.0,0.4035,1,4,1,0
23,68816.89,-4223.06,309.0,0.0857,1,2,1,0
51,26601.71,-5000.0,167.0,0.0827,2,3,1,0
36,16314.08,6244.61,1.0,0.2695,2,5,1,0
42,8000.0,-4412.63,142.0,0.0673,2,1,1,0
31,9022.48,20220.95,38.0,0.5304,1,4,0,0
40,20969.64,6423.54,69.0,0.2581,2,4,1,0
40,39028.78,7479.78,292.0,0.3996,1,6,1,0
37,14781.46,4989.5,85.0,0.2125,0,7,0,1
60,49642.7,11972.56,177.0,0.3119,1,7,1,0
51,38838.81,-5000.0,188.0,0.1421,2,5,1,0
45,100549.81,-5000.0,422.0,0.0694,1,2,0,0
24,8000.0,,73.0,0.2022,0,4,1,0
50,49036.99,15004.64,39.0,0.2099,2,6,1,0
27,49350.12,-5000.0,256.0,0.2415,1,2,1,1
35,19236.06,-5000.0,299.0,0.143,1,6,0,0
41,47381.31,4340.17,240.0,0.1514,1,1,0,0
26,64239.86,6883.3,337.0,0.3573,1,5,1,0
40,47412.29,4179.06,414.0,0.2289,2,6,0,0
33,,2522.97,293.0,0.1149,1,2,0,0
66,8000.0,-5000.0,258.0,0.0952,0,4,0,0
67,23944.16,-0.08,326.0,0.2105,1,6,1,0
18,81876.4,1192.79,102.0,0.732,2,4,1,0
52,67800.66,-1385.92,119.0,0.1758,1,3,1,0
54,58512.79,-5000.0,177.0,0.4872,2,7,0,0
39,75830.39,7677.89,368.0,0.1997,1,7,1,0
44,8000.0,9926.1,408.0,0.3677,1,3,0,0
63,64890.27,-3357.16,266.0,0.368,2,4,1,1
39,71609.25,1512.23,297.0,0.1358,1,4,1,0
21,28532.5,-975.29,378.0,0.1082,2,2,1,0
39,110730.93,-897.54,116.0,0.1701,2,5,0,0
32,49908.72,6945.33,58.0,0.108,2,6,1,0
39,8000.0,7138.55,358.0,0.3842,2,5,1,0
31,54531.8,11598.17,60.0,0.3121,1,6,0,0
26,27003.5,11431.43,75.0,0.046,0,5,1,0
74,74124.88,1625.55,189.0,0.55,0,4,0,0
25,58698.6,25736.84,377.0,0.4743,0,2,1,0
58,30051.95,15399.62,187.0,0.3352,1,6,1,0
58,82561.3,-2265.12,57.0,0.7095,2,5,1,0
53,68486.28,4012.79,61.0,0.2923,2,5,1,0
69,24302.0,-5000.0,121.0,0.1704,2,2,1,0
18,41198.87,3218.06,38.0,0.3617,1,5,0,0
35,57922.92,16389.56,157.0,0.2989,1,3,0,0
28,35893.42,25250.44,38.0,0.2321,1,3,1,0
50,36640.01,2029.77,405.0,0.2446,2,7,0,0
54,45918.13,5679.06,25.0,0.3876,2,2,0,1
69,18355.04,7842.5,94.0,0.1383,2,6,1,0
39,8000.0,18837.63,15.0,0.2862,0,1,1,0
31,50978.37,-4863.79,139.0,0.254,0,1,1,0
70,8000.0,24244.1,387.0,0.4986,2,6,0,0
56,20174.03,463.42,,0.2499,2,5,1,0
61,8000.0,-5000.0,448.0,0.1729,1,7,1,0
43,8000.0,477.91,295.0,0.2685,1,6,1,0
43,55658.88,-3476.84,204.0,0.3908,2,5,0,0
40,39442.3,6354.05,460.0,0.1994,0,6,1,0
60,38539.99,-5000.0,89.0,0.3485,1,4,0,0
30,12102.46,4133.12,54.0,0.4408,1,1,0,0
73,28603.77,8311.75,157.0,0.3501,0,1,0,1
28,54411.38,14862.67,446.0,0.6176,1,2,0,0
44,43697.82,8444.85,392.0,0.2908,0,7,1,0
35,65566.85,14370.2,257.0,0.1771,1,1,0,0
54,69127.3,-1845.34,446.0,0.2046,0,7,0,0
56,38694.5,6153.52,310.0,0.2383,1,3,1,0
70,8000.0,-5000.0,114.0,0.0966,1,3,1,1
62,26083.88,2088.1,2.0,0.1509,1,5,0,1
32,42557.77,6094.01,14.0,0.595,2,6,0,1
29,25587.82,6817.86,407.0,0.1526,1,2,0,0
68,18634.39,-5000.0,148.0,0.2708,1,6,1,0
45,46743.81,-121.33,202.0,0.1824,1,6,0,0
23,105757.58,993.92,184.0,0.3678,1,1,1,0
65,32795.3,-432.6,42.0,0.2137,1,7,1,0
54,44929.85,8800.05,1.0,0.5691,2,4,1,0
19,12199.1,1265.38,348.0,0.2061,1,5,0,0
62,76085.03,3794.62,327.0,0.2201,1,2,0,0
52,66868.58,-916.96,108.0,0.1867,0,6,1,0
53,65143.35,11518.6,59.0,0.031,2,5,1,0
67,78994.9,12113.87,247.0,0.0488,0,1,0,0
46,34316.47,533.27,39.0,0.225,1,2,0,0
44,37439.55,25804.71,,0.23,1,6,0,0
53,87746.96,-3131.82,345.0,0.2296,0,6,1,0
29,,11057.58,83.0,0.5012,1,2,0,0
26,8000.0,-4608.01,369.0,0.1082,2,4,0,0
66,56370.52,9184.19,424.0,0.184,1,6,1,0
30,30457.55,8560.03,88.0,0.2937,2,6,1,0
46,67454.3,-5000.0,319.0,0.0601,1,2,0,0
33,55204.76,1955.18,368.0,0.5364,1,6,1,0
31,8000.0,17941.92,249.0,0.2093,2,3,0,0
52,51720.75,-3514.41,142.0,0.1451,1,5,0,0
63,50265.69,6214.93,472.0,0.3423,2,1,1,0
43,54086.56,5683.87,147.0,0.2849,1,1,1,0
25,59388.22,2661.74,,0.2014,2,3,1,0
31,82399.15,-5000.0,58.0,0.2137,2,6,1,0
27,55347.22,9629.0,434.0,0.3563,2,6,1,0
68,45572.46,3092.93,108.0,0.4303,2,5,1,0
36,73699.19,11830.77,63.0,0.0948,1,6,1,0
39,101068.52,4854.06,18.0,0.7266,2,1,1,0
22,67876.77,3515.75,139.0,0.6929,2,4,0,0
43,50155.15,5980.33,322.0,0.2736,2,3,1,0
70,55813.26,-4900.25,328.0,0.1409,1,4,1,0
41,51401.09,15464.85,408.0,0.0993,2,7,1,0
55,45462.96,-3.31,320.0,0.3999,2,5,0,0
28,99129.27,99.51,23.0,0.6392,0,7,1,1
26,26273.67,13338.37,404.0,0.2831,2,7,0,0
59,73872.65,4978.74,122.0,0.3778,0,3,1,0
21,41853.58,1108.4,459.0,0.1573,0,5,1,0
43,8000.0,6310.56,166.0,0.4676,0,4,1,0
36,40292.06,8007.87,7.0,0.7228,2,4,0,0
18,31330.6,2053.28,188.0,0.1644,1,1,0,0
48,,10378.64,216.0,0.291,2,4,1,0
72,47282.51,-5000.0,395.0,0.334,2,7,0,0
21,19449.33,5094.48,265.0,0.2251,2,5,1,0
64,81775.2,9402.16,20.0,0.4501,2,7,0,0
48,72253.35,7974.36,22.0,0.1809,1,2,1,0
59,84651.39,-5000.0,294.0,0.2905,2,1,0,0
23,50924.12,1987.26,40.0,0.5311,1,1,1,1
67,44106.67,-5000.0,255.0,0.3523,1,3,1,0
18,62589.01,13286.17,430.0,0.3491,2,2,0,0
69,30563.12,-125.39,402.0,0.3517,2,1,0,0
55,48251.49,12397.63,303.0,0.3481,2,7,1,0
37,40608.05,-5000.0,146.0,0.1819,1,6,1,0
18,8474.14,6125.14,247.0,0.0836,2,5,1,0
52,48186.39,3063.52,48.0,0.2381,0,4,0,0
22,33975.83,25112.55,354.0,0.2983,2,1,1,0
52,38936.2,12423.42,62.0,0.4119,0,7,1,1
62,54094.62,11911.07,24.0,0.1945,0,7,0,1
33,76813.33,19222.46,302.0,0.1161,0,1,1,0
31,23780.75,5270.14,274.0,0.3088,2,5,1,0
30,36586.04,2203.95,261.0,0.2595,0,1,0,0
30,25872.93,1291.81,228.0,0.2139,1,2,1,0
24,24245.49,5622.53,284.0,0.5008,2,7,0,0
32,30135.78,-5000.0,211.0,0.0815,2,3,1,0
55,40088.74,3018.61,65.0,0.5076,0,7,1,0
35,59646.79,4814.33,273.0,0.0737,0,5,0,0
62,53011.14,1753.2,20.0,0.2234,0,6,1,0
64,18578.58,-5000.0,30.0,0.3036,1,1,1,1
61,77354.01,1801.31,271.0,0.0693,2,2,0,0
48,68610.31,-5000.0,337.0,0.3214,2,2,0,0
36,22470.36,17190.06,38.0,0.0212,1,7,0,0
71,75602.77,941.2,180.0,0.5489,1,5,1,0
29,53173.46,-5000.0,446.0,0.2608,2,1,1,0
44,41088.62,1347.91,374.0,0.1727,2,6,0,0
43,53952.0,10163.19,385.0,0.2245,1,4,0,0
60,44355.73,4408.62,315.0,0.069,2,1,0,0
49,58626.97,-4310.85,86.0,0.1632,2,3,0,0
63,49682.89,-2425.99,185.0,0.2863,1,7,1,0
70,36564.35,705.22,286.0,0.3725,1,6,0,0
40,8000.0,-517.31,319.0,0.2563,2,2,1,0
67,58179.56,-5000.0,63.0,0.3935,2,6,0,0
27,35658.62,2459.22,465.0,0.0481,1,7,0,0
70,64448.67,-5000.0,449.0,0.4086,2,4,1,0
28,57041.88,10592.36,17.0,0.1601,2,6,1,0
66,36308.39,11568.85,282.0,0.5021,1,5,0,0
40,,-5000.0,68.0,0.1975,2,7,1,0
72,50121.04,-2733.15,152.0,0.4457,2,7,1,0
25,49091.07,-384.0,425.0,0.2888,1,2,1,0
44,41547.23,2747.86,326.0,0.0665,1,1,0,0
69,87088.89,5054.78,169.0,0.3753,1,7,0,0
20,27168.33,6704.42,1.0,0.1471,2,7,0,0
33,36933.14,6517.77,401.0,0.2212,0,2,1,0
22,14066.62,15430.92,138.0,0.1949,2,7,1,0
36,63168.28,3482.91,290.0,0.0944,2,1,1,0
40,30446.27,-5000.0,112.0,0.3915,1,2,0,0
53,33249.11,-5000.0,379.0,0.1656,1,4,1,0
32,32076.58,16086.29,166.0,0.2211,2,6,1,0
27,46568.05,7077.25,355.0,0.0938,1,7,0,0
27,13731.01,4651.62,40.0,0.2108,2,1,0,0
71,8000.0,6592.09,295.0,0.1337,2,6,1,0
72,56442.6,4282.15,464.0,0.0062,1,3,1,0
30,8000.0,6465.51,227.0,0.4716,2,6,1,0
29,66353.44,19.29,224.0,0.3761,2,4,1,0
21,83963.19,11441.57,329.0,0.1477,1,2,1,0
72,40894.4,-1198.92,411.0,0.3133,1,5,1,0
58,77487.32,-4226.3,389.0,0.5036,2,4,0,0
61,44393.59,-5000.0,28.0,0.2966,2,4,1,0
34,84981.03,1098.2,142.0,0.4655,1,4,1,0
54,33594.55,13140.02,405.0,0.0923,2,2,0,0
21,8000.0,-658.8,467.0,0.0967,1,7,1,0
56,43002.21,-5000.0,313.0,0.1569,2,3,1,0
51,87699.08,5278.62,2.0,0.2123,2,3,1,1
36,58374.21,-2208.54,325.0,0.5219,0,6,1,0
58,32116.92,15386.14,454.0,0.1764,1,6,1,0
54,53222.53,11596.78,387.0,0.4505,0,1,0,0
43,69278.12,-5000.0,347.0,0.2438,2,1,1,0
28,42859.59,1608.84,252.0,0.2855,1,4,0,0
19,110659.75,-3042.17,433.0,0.1601,2,7,1,0
71,32064.55,-5000.0,304.0,0.2873,2,5,1,0
34,70062.77,2552.52,245.0,0.5097,1,5,1,0
35,64048.43,9545.86,431.0,0.182,1,1,1,0
56,27504.31,2346.34,1.0,0.2928,1,7,1,0
32,34388.99,-1129.21,60.0,0.2316,0,4,1,0
39,70452.47,-5000.0,403.0,0.0731,1,6,1,0
58,48619.7,-2326.52,26.0,0.0661,2,1,1,0
51,53451.79,7414.44,431.0,0.2076,2,7,1,0
55,8000.0,-5000.0,471.0,0.342,2,2,0,0
18,61399.97,13260.5,125.0,0.1097,0,4,1,1
43,52182.42,-1669.08,,0.18,2,2,1,0
45,,4549.76,262.0,0.4289,1,4,1,0
54,54022.3,-193.11,246.0,0.1904,1,7,0,0
26,34769.56,-5000.0,442.0,0.1449,2,1,0,0
27,30202.44,6522.37,374.0,0.4786,0,3,1,0
61,38952.86,-1784.1,426.0,0.6571,1,3,1,0
56,33394.92,-3664.25,423.0,0.1198,2,6,0,0
64,99513.24,-5000.0,348.0,0.0992,0,1,1,0
33,67796.77,13421.49,224.0,0.6341,2,7,1,0
74,20788.28,3049.19,88.0,0.3188,2,7,1,0
33,95907.4,11852.56,47.0,0.4793,1,3,1,0
55,34178.58,7961.54,121.0,0.4294,0,6,1,0
27,45736.38,11851.46,230.0,0.3716,2,7,1,0
70,67435.43,-1513.16,65.0,0.0709,1,3,0,0
36,8000.0,-5000.0,168.0,0.0572,2,6,1,1
63,39074.35,9101.54,381.0,0.4219,2,5,1,0
36,30666.65,4041.59,11.0,0.025,2,4,1,0
63,50127.0,-730.93,147.0,0.2098,2,4,0,0
43,54251.24,8941.71,460.0,0.2287,1,6,0,0
21,43068.52,5465.04,155.0,0.0399,0,2,1,0
28,41908.82,8111.51,343.0,0.4027,2,4,1,0
56,71628.28,-5000.0,292.0,0.2341,2,6,1,0
29,52537.15,10820.93,377.0,0.0594,1,1,0,0
33,46035.63,2962.95,350.0,0.5277,1,6,1,0
48,48696.76,11678.96,286.0,0.405,2,7,1,0
32,90897.22,10746.03,466.0,0.2427,2,1,0,0
25,49316.85,8490.38,129.0,0.2457,2,2,1,0
53,,2110.99,134.0,0.2348,2,5,1,0
57,8000.0,8676.55,280.0,0.4484,0,6,0,0
59,9151.57,,343.0,0.0781,2,3,0,0
71,33324.35,7853.86,326.0,0.2396,2,1,1,0
25,42290.58,4620.78,459.0,0.5914,2,2,1,0
42,31109.46,8694.79,286.0,0.1436,0,1,1,0
31,53778.6,-1205.64,365.0,0.1893,0,7,0,0
69,30787.3,15111.92,61.0,0.3001,1,4,1,0
48,22137.77,-5000.0,18.0,0.1118,0,6,0,0
23,60316.1,3275.22,390.0,0.4109,1,5,1,0
57,79234.86,-247.66,214.0,0.1268,2,7,0,0
20,17320.81,-2127.13,142.0,0.2504,2,4,1,0
33,51092.9,5441.57,360.0,0.0834,2,5,1,0
59,8000.0,-5000.0,190.0,0.1969,2,5,1,0
46,8136.55,20215.46,14.0,0.4171,2,3,1,0
61,30280.85,-5000.0,264.0,0.2765,2,4,0,0
50,73372.76,-4610.14,60.0,0.2048,2,6,1,0
66,25532.35,-5000.0,469.0,0.1699,0,3,1,0
50,24597.49,4587.98,157.0,0.3641,2,7,0,0
21,45902.18,11116.35,150.0,0.4777,0,6,1,0
22,45927.09,7208.06,404.0,0.1493,2,4,1,0
62,25371.71,,20.0,0.2844,2,1,1,0
20,94655.54,-3618.14,325.0,0.1594,2,4,0,0
39,38365.92,8269.77,466.0,0.1796,1,6,0,0
18,47839.62,571.71,14.0,0.2525,1,2,1,0
35,34955.51,4824.59,,0.1244,2,6,0,0
51,55999.29,11869.45,296.0,0.2582,2,7,1,0
27,75873.94,-5000.0,95.0,0.3102,1,2,1,0
44,86591.59,18928.07,409.0,0.2844,0,1,1,0
74,25943.36,1838.05,397.0,0.0245,2,1,1,0
22,72519.88,-5000.0,471.0,0.2154,2,2,1,0
21,58742.02,-2542.78,441.0,0.4863,1,2,1,0
33,69363.42,3818.44,293.0,0.1732,2,6,0,0
65,42703.02,-2544.61,6.0,0.4604,1,5,0,0
41,40323.98,-5000.0,358.0,0.1062,2,6,0,0
54,68392.87,3774.39,362.0,0.1811,1,7,1,0
19,68867.31,-2774.0,371.0,0.2541,2,5,1,0
59,84143.01,,86.0,0.7226,2,2,1,1
21,49963.69,-5000.0,352.0,0.1552,2,1,1,0
58,42327.13,21092.24,397.0,0.4397,2,1,1,0
26,8000.0,7109.03,35.0,0.1175,2,2,0,0
66,8000.0,4574.36,10.0,0.6109,2,3,0,0
34,35143.71,7984.99,40.0,0.1937,0,2,1,1
28,17473.53,-5000.0,331.0,0.4315,2,6,1,0
37,65353.26,,144.0,0.0078,1,6,1,0
18,12249.48,17264.17,392.0,0.1397,2,1,0,0
27,32467.39,438.94,459.0,0.3702,2,1,1,0
52,33449.34,2497.39,17.0,0.4921,2,1,1,0
35,75118.58,-732.0,354.0,0.2846,1,4,1,0
38,29794.03,14716.06,,0.3788,1,6,1,0
64,56310.3,1042.93,36.0,0.2838,1,4,1,0
25,49892.65,-5000.0,57.0,0.2962,2,6,0,0
40,67582.21,23630.52,386.0,0.0893,2,4,1,0
28,66255.38,-5000.0,37.0,0.1694,1,3,1,1
45,44164.0,2220.96,95.0,0.31,2,2,1,0
36,8000.0,-3734.35,441.0,0.4439,0,7,1,0
20,39206.48,-2612.81,349.0,0.338,2,2,0,0
22,44501.11,-5000.0,443.0,0.1824,1,3,0,0
66,52150.23,-1319.94,131.0,0.2814,2,7,1,0
21,26561.12,10872.27,355.0,0.6249,2,4,1,0
62,73522.53,-5000.0,292.0,0.0812,0,4,1,1
70,45340.49,13086.46,427.0,0.107,2,7,1,0
44,21987.57,11707.18,108.0,0.1208,2,7,1,0
35,33544.3,7072.47,8.0,0.4092,2,4,0,0
62,93213.57,4009.36,191.0,0.4227,1,4,0,0
73,61609.45,5213.11,245.0,0.1989,2,6,1,0
24,71211.41,14387.3,275.0,0.2223,2,1,0,0
72,18960.33,-5000.0,418.0,0.26,2,3,0,0
71,27779.26,8818.32,329.0,0.1108,2,6,1,0
26,27964.44,-2969.38,428.0,0.163,2,3,1,0
21,49609.84,9605.98,350.0,0.0411,0,7,1,0
58,40649.95,-1908.8,176.0,0.4959,0,1,1,0
22,32762.64,8654.96,391.0,0.3413,1,4,0,0
52,35898.26,-5000.0,155.0,0.3865,1,6,0,0
21,25149.12,-5000.0,390.0,0.1514,2,2,0,0
57,40504.02,2095.5,335.0,0.4927,0,4,0,0
31,72830.39,14484.24,106.0,0.1325,2,7,1,1
23,8000.0,7290.28,28.0,0.4374,2,4,1,0
21,53661.99,7232.92,425.0,0.2453,2,1,0,0
28,79502.32,9881.55,374.0,0.2972,0,5,0,0
48,40420.32,-175.81,24.0,0.067,1,4,1,1
22,31778.1,7885.99,119.0,0.1214,1,7,1,0
63,68105.79,-1637.38,231.0,0.3616,2,5,1,0
52,20394.45,487.88,250.0,0.2395,2,3,0,0
34,44432.71,1481.2,181.0,0.4673,2,2,1,0
74,19003.9,-1364.22,92.0,0.2085,2,7,1,0
55,8000.0,2471.6,320.0,0.0096,0,7,0,0
56,41200.39,963.54,352.0,0.169,2,5,1,0
27,13415.12,-2661.32,307.0,0.7644,2,3,1,0
58,44708.24,1875.19,459.0,0.2485,2,4,1,0
49,72875.74,4242.13,188.0,0.046,1,3,0,0
74,91356.39,-5000.0,259.0,0.527,2,4,0,0
45,47338.23,6339.65,152.0,0.3489,1,7,0,0
56,70480.4,-949.44,456.0,0.2412,2,5,1,0
37,54974.07,4585.63,200.0,0.5273,2,5,1,0
20,35422.16,-2322.38,192.0,0.0859,1,5,1,0
25,8000.0,11403.96,,0.5309,1,1,1,0
67,85662.31,10648.93,137.0,0.1367,2,2,1,0
60,18772.45,-5000.0,174.0,0.1496,1,3,0,0
38,79569.27,7199.99,402.0,0.1207,1,2,1,0
57,58420.19,14570.17,10.0,0.281,2,5,0,0
18,20599.68,-4585.43,18.0,0.3497,1,3,1,0
20,52799.96,-3951.63,415.0,0.1093,2,7,0,0
46,98322.78,8880.48,134.0,0.585,2,6,0,0
53,83391.31,-5000.0,374.0,0.4755,1,3,0,0
71,32182.17,-3220.1,331.0,0.4075,2,7,1,0
61,27200.48,-5000.0,95.0,0.29,2,2,0,0
32,47505.2,8979.87,90.0,0.689,1,3,1,0
64,40862.16,-2539.44,472.0,0.1774,0,6,0,0
46,74993.43,723.17,427.0,0.2744,2,1,0,0
65,63489.73,-2986.59,123.0,0.2122,2,1,1,0
27,8000.0,12188.11,231.0,0.3818,0,3,1,0
19,56466.88,-3875.1,413.0,0.3914,1,7,1,0
21,40522.73,-5000.0,118.0,0.235,1,6,1,0
74,45927.7,-5000.0,317.0,0.4917,2,7,1,0
22,51223.58,8549.28,178.0,0.2709,0,4,0,1
71,74968.23,9126.92,423.0,0.2213,2,4,1,0
59,69444.82,12988.44,136.0,0.3494,1,1,0,0
26,26256.43,-5000.0,207.0,0.2668,1,4,1,0
67,43534.7,1150.3,336.0,0.3692,0,3,0,0
26,33786.97,22418.4,322.0,0.1415,0,4,1,0
26,8000.0,581.47,52.0,0.2421,1,4,1,0
50,42265.74,-1507.27,41.0,0.7878,2,6,1,0
34,91118.86,2831.92,409.0,0.0405,2,7,0,0
34,8000.0,7239.61,365.0,0.3674,1,4,0,0
29,44398.46,7105.87,71.0,0.115,2,7,0,0
52,43596.55,-1915.45,311.0,0.1795,0,7,0,0
19,52193.39,-1680.28,135.0,0.2115,1,3,1,1
31,20931.88,628.32,195.0,0.199,2,3,1,0
49,9372.24,-2840.69,300.0,0.3071,1,7,0,0
45,10535.06,-5000.0,306.0,0.3389,2,5,1,0
57,78273.34,17463.61,170.0,0.4411,1,2,0,0
30,20432.85,-255.4,398.0,0.4072,2,6,1,0
54,32510.95,198.05,244.0,0.3117,1,6,1,0
61,97615.81,447.31,390.0,0.1219,2,4,0,0
40,26643.61,2355.92,273.0,0.2672,1,7,1,0
32,53559.99,6478.08,171.0,0.1291,2,6,1,0
49,71595.29,-721.53,124.0,0.2769,2,5,1,0
50,70393.0,12114.83,6.0,0.4382,1,2,1,0
23,11710.59,7782.53,256.0,0.0726,0,6,0,0
50,27166.19,1472.81,267.0,0.3816,2,5,0,0
26,52559.1,-2329.88,450.0,0.0822,1,6,1,0
50,93225.44,11679.41,124.0,0.4479,2,1,1,0
71,25962.23,1703.66,1.0,0.1912,2,7,0,1
48,32659.68,-5000.0,429.0,0.1917,2,7,1,0
61,55489.36,11168.52,286.0,0.4919,1,1,0,0
35,60491.46,-2810.63,23.0,0.5231,2,7,0,0
70,62006.35,9948.01,153.0,0.1757,1,3,1,0
64,23841.1,-5000.0,465.0,0.4618,2,7,0,0
70,31698.8,50.7,413.0,0.2361,1,2,1,0
60,50387.53,12279.75,265.0,0.2797,2,2,1,0
55,76557.78,3041.05,46.0,0.2206,2,1,1,0
47,39037.9,7785.08,312.0,0.1093,1,5,1,0
70,44442.45,-4215.45,29.0,0.1316,2,7,0,0
66,,5781.64,187.0,0.5536,1,3,1,0
41,91580.67,3030.02,194.0,0.1614,2,2,0,0
22,48856.57,4946.67,372.0,0.4615,1,6,0,0
18,71943.87,19314.24,323.0,0.0633,2,3,1,0
31,45747.43,13436.72,229.0,0.3012,2,4,1,0
21,47131.68,9335.95,3.0,0.2126,1,3,1,1
30,8000.0,9436.95,8.0,0.5036,2,7,1,0
24,8000.0,-4273.25,389.0,0.2835,2,7,1,0
73,76297.63,-769.83,312.0,0.2355,2,7,0,0
23,46951.46,-5000.0,161.0,0.3193,1,7,0,1
53,50160.7,-5000.0,360.0,0.4686,1,4,1,1
38,13773.66,-4092.27,441.0,0.3549,1,3,1,0
27,22423.4,2767.0,6.0,0.3388,1,4,1,0
57,71557.55,-5000.0,434.0,0.442,2,7,1,0
73,88503.59,2686.64,119.0,0.416,2,7,0,0
63,29468.15,1767.76,366.0,0.4538,2,2,0,0
73,61787.08,-5000.0,283.0,0.3261,2,5,1,0
51,49750.62,15204.69,,0.2325,2,6,1,0
56,41986.78,,56.0,0.1921,2,7,1,0
26,91298.98,11938.6,288.0,0.2188,2,7,0,0
66,33669.96,-5000.0,463.0,0.2116,1,6,0,0
60,76017.82,1862.13,381.0,0.3953,2,3,0,0
32,54535.58,-5000.0,383.0,0.1044,2,1,0,0
38,44577.77,-2235.64,85.0,0.2051,2,2,1,0
52,79300.43,17481.24,132.0,0.3675,2,3,1,0
18,52253.36,224.26,,0.079,2,2,1,0
64,42589.31,-5000.0,193.0,0.4793,2,5,1,0
33,79486.05,6901.09,271.0,0.2987,0,4,1,0
22,76231.56,154.02,80.0,0.0306,2,7,1,0
36,75049.08,4205.71,375.0,0.4414,1,5,0,0
65,8000.0,-4315.64,213.0,0.2062,0,7,1,0
33,56004.42,-3921.73,237.0,0.2066,1,7,1,0
48,50302.93,-3301.45,456.0,0.1275,2,7,0,0
64,44128.42,9387.47,302.0,0.1275,2,3,0,0
19,60244.49,1185.36,211.0,0.07,0,2,1,1
61,51513.92,-5000.0,163.0,0.0537,2,4,1,0
34,61945.19,4294.56,288.0,0.4086,2,6,0,0
57,38300.95,3635.84,203.0,0.0607,1,2,1,0
28,82454.52,7588.82,108.0,0.2726,2,1,1,0
25,64473.6,-854.41,175.0,0.2556,2,4,0,0
62,58563.16,2379.43,137.0,0.1556,1,4,1,0
64,57342.63,6373.43,355.0,0.4887,2,1,1,0
73,73932.03,-5000.0,241.0,0.1312,1,7,1,0
56,70542.19,10089.78,96.0,0.1853,1,1,1,0
44,42180.7,3131.55,71.0,0.1568,1,6,1,0
29,69757.76,-5000.0,446.0,0.3946,0,6,1,0
34,49351.31,-5000.0,426.0,0.1938,1,5,1,0
54,92923.17,2204.81,398.0,0.1949,1,4,1,0
37,72443.2,-1401.81,352.0,0.1528,0,4,1,0
45,29359.77,9036.85,413.0,0.115,1,6,0,0
27,103267.77,705.98,310.0,0.0331,2,6,1,0
43,8000.0,5424.37,438.0,0.3446,2,1,1,0
31,60933.87,-3788.97,440.0,0.2283,2,2,1,0
24,27593.82,2816.03,209.0,0.1163,2,2,1,0
25,92054.51,13524.29,119.0,0.3137,1,3,1,0
47,51320.15,1814.97,428.0,0.1814,2,2,1,0
38,25155.11,-1423.71,396.0,0.4269,2,7,0,0
23,38337.63,-3910.44,213.0,0.4146,2,5,1,0
47,27151.71,2849.84,436.0,0.1506,1,1,1,0
27,37355.58,14274.52,48.0,0.0899,2,7,1,0
18,36783.81,-5000.0,394.0,0.4206,2,7,1,0
25,,2600.66,23.0,0.3401,2,4,1,0
43,51751.6,-5000.0,49.0,0.1582,2,6,0,1
72,54780.6,-283.38,30.0,0.377,1,1,0,0
31,20092.34,5102.15,38.0,0.3285,1,4,0,0
34,8000.0,-5000.0,90.0,0.1431,1,2,1,1
31,52773.91,-558.48,173.0,0.5107,2,6,1,0
38,58298.01,5324.16,172.0,0.2285,0,1,1,0
58,63255.42,4049.1,202.0,0.1731,1,6,0,0
36,58779.36,5711.67,470.0,0.1719,0,3,1,0
55,84317.92,-4796.77,245.0,0.3178,0,2,0,0
69,69926.7,5320.86,115.0,0.2148,2,5,0,0
71,111995.7,-1800.07,66.0,0.4743,1,5,0,0
50,122516.18,8712.23,438.0,0.156,1,2,1,0
58,8000.0,-5000.0,132.0,0.2408,2,1,1,0
70,8000.0,683.12,389.0,0.3067,1,5,1,0
62,44815.22,3791.02,379.0,0.1494,1,4,1,0
35,57605.81,13795.46,413.0,0.5257,2,4,1,0
25,43102.87,3694.38,70.0,0.4154,2,1,1,0
24,62589.51,4506.29,376.0,0.1008,2,4,1,0
68,38243.95,6003.92,375.0,0.4599,2,2,1,0
49,27651.23,13024.7,467.0,0.4737,1,7,0,0
34,31427.73,-55.16,339.0,0.1489,2,5,1,0
37,39995.79,-5000.0,57.0,0.4567,2,6,1,0
34,,-5000.0,,0.1502,0,7,1,0
63,32831.48,8313.56,229.0,0.1796,1,3,0,0
52,37775.78,4785.66,227.0,0.0638,1,1,1,0
68,59255.42,949.26,164.0,0.3337,0,3,1,0
35,40030.09,-1688.76,,0.2826,1,7,1,0
44,72917.76,4446.66,136.0,0.3584,2,6,0,0
24,22012.34,4677.79,213.0,0.2434,1,2,1,0
73,16590.91,6838.64,214.0,0.2628,2,3,1,0
47,52615.73,-5000.0,308.0,0.5097,2,1,0,0
49,55107.21,-5000.0,230.0,0.3054,0,2,0,0
41,23376.01,-4308.22,466.0,0.2564,1,6,0,0
33,78589.89,-5000.0,473.0,0.2741,1,4,0,0
72,93123.42,-5000.0,222.0,0.4786,2,5,0,0
45,29303.64,15557.89,127.0,0.3612,2,4,1,0
56,82182.52,-5000.0,365.0,0.1609,2,5,1,0
20,8000.0,6757.64,437.0,0.5628,2,3,0,0
33,71902.81,10255.99,425.0,0.3008,2,7,1,0
63,23555.93,,80.0,0.1544,1,3,1,0
23,69401.82,5217.86,25.0,0.5253,2,1,0,0
23,20968.1,13559.28,319.0,0.2059,1,6,1,0
64,43287.81,17267.2,144.0,0.271,0,2,0,0
35,24747.11,582.15,146.0,0.037,0,7,1,1
33,39652.98,6579.77,14.0,0.1538,2,6,1,0
50,90748.1,13206.35,460.0,0.1947,1,1,0,0
29,42301.56,-3895.67,0.0,0.3725,0,6,1,1
20,97757.54,1040.74,304.0,0.2538,2,1,0,0
18,35354.69,-2006.57,444.0,0.2869,0,5,0,0
22,82294.12,6687.82,30.0,0.2358,2,6,1,0
27,8000.0,-5000.0,295.0,0.448,2,4,0,0
57,37837.27,14493.02,443.0,0.3837,2,5,1,0
34,31597.25,7270.37,197.0,0.0285,2,2,1,0
22,83442.64,7719.53,141.0,0.5368,2,3,1,0
18,49631.22,-5000.0,338.0,0.5188,2,1,1,0
45,8000.0,-5000.0,445.0,0.1975,2,5,0,0
65,12246.76,14923.75,268.0,0.1824,2,3,1,0
37,19683.44,1580.75,6.0,0.2759,0,2,0,0
21,68351.26,-5000.0,328.0,0.3041,1,3,1,0
31,65125.19,4772.98,104.0,0.3188,2,1,1,0
46,37490.01,8433.26,474.0,0.3883,2,5,1,0
28,31287.26,7251.94,133.0,0.2724,1,6,1,0
73,62909.71,1796.76,305.0,0.096,2,7,0,0
61,16761.92,12084.51,330.0,0.0853,2,5,0,0
37,56441.72,-2616.1,213.0,0.1129,1,5,0,0
72,54312.95,7320.71,383.0,0.2783,2,3,1,0
36,38135.26,4080.14,430.0,0.1281,1,7,1,0
25,54941.95,1935.31,302.0,0.3134,1,7,1,0
71,47552.36,-31.97,362.0,0.2833,2,2,1,0
72,57435.49,251.26,29.0,0.2081,1,2,1,0
35,11647.44,3258.03,116.0,0.6323,2,7,0,0
51,60362.55,658.23,208.0,0.1478,1,3,0,0
27,70665.03,8864.56,62.0,0.2243,2,1,1,0
54,53023.79,-1287.88,237.0,0.5148,1,4,1,0
57,60030.4,15546.33,35.0,0.1483,1,7,1,1
58,42252.02,-1645.35,172.0,0.2411,2,3,0,1
50,67283.31,10360.65,29.0,0.0976,2,2,1,0
58,46631.18,10705.73,201.0,0.0598,1,7,1,0
49,,4326.9,194.0,0.5771,2,4,1,0
64,65505.4,3614.08,231.0,0.4524,2,4,1,0
28,,-2831.74,475.0,0.2608,2,1,0,0
45,52069.49,-1136.57,265.0,0.1779,0,5,1,0
41,35394.43,4758.27,70.0,0.6333,1,3,1,1
48,33796.86,,302.0,0.3716,2,1,1,0
26,49299.72,12464.67,469.0,0.6301,2,6,1,0
36,27267.8,-636.72,100.0,0.0743,2,1,1,0
72,57805.15,-152.52,38.0,0.2518,0,5,1,1
23,46419.92,-5000.0,432.0,0.0277,2,4,1,0
54,29567.65,8148.22,82.0,0.1489,2,4,1,0
55,78454.49,7425.75,397.0,0.5874,0,4,0,0
45,50119.57,10816.66,205.0,0.0903,0,2,1,0
19,60770.02,11267.49,377.0,0.2068,2,3,1,0
19,80414.72,9311.57,342.0,0.2973,0,1,1,0
33,80004.46,9648.93,386.0,0.3193,2,2,1,0
23,59494.64,7880.55,365.0,0.085,1,2,1,0
23,37433.54,9112.75,252.0,0.2399,2,4,0,0
27,9257.41,-5000.0,117.0,0.2108,2,6,0,0
28,50167.27,-5000.0,457.0,0.4298,2,3,1,0
65,72364.61,-5000.0,90.0,0.3556,1,1,1,0
54,53857.87,13161.38,175.0,0.1654,0,2,1,0
19,8000.0,-3263.68,135.0,0.3888,2,2,0,0
53,66751.55,-1982.9,201.0,0.0813,2,1,1,0
25,68287.48,3053.26,119.0,0.1246,1,6,0,0
42,37469.45,-5000.0,391.0,0.0757,2,2,1,0
20,69709.04,6044.36,209.0,0.1504,0,7,1,0
23,60699.14,-5000.0,417.0,0.2258,1,5,1,0
25,27862.33,-5000.0,14.0,0.4653,0,5,0,0
42,76782.53,4590.53,215.0,0.1553,0,4,1,0
44,13313.08,-5000.0,280.0,0.491,2,7,0,0
38,43568.88,13392.9,407.0,0.6553,2,1,1,0
53,41074.94,3370.24,350.0,0.1361,2,2,1,0
59,24364.05,12056.56,303.0,0.2089,1,4,0,0
59,52594.85,5863.33,405.0,0.1485,2,7,1,0
51,77759.22,2904.56,186.0,0.6586,2,4,0,0
49,76193.55,-4972.5,459.0,0.3363,1,6,0,0
46,63091.61,10433.17,434.0,0.1597,2,6,1,0
31,8000.0,,436.0,0.2625,2,1,0,0
45,11601.19,19677.18,241.0,0.2362,2,5,1,0
18,49154.23,9627.2,44.0,0.4221,2,6,0,0
73,44144.12,-179.22,407.0,0.2926,2,5,0,0
39,32548.0,5315.37,199.0,0.44,2,4,0,1
61,92633.08,6377.1,389.0,0.1777,1,5,1,0
72,47646.5,12303.67,26.0,0.1854,1,1,0,1
46,58560.32,13574.96,46.0,0.2834,1,6,1,1
67,69697.35,1704.2,167.0,0.3575,1,1,0,1
45,46373.96,-5000.0,418.0,0.0849,1,1,1,0
25,109776.55,-5000.0,14.0,0.0427,2,6,1,0
19,21490.69,-5000.0,77.0,0.2034,2,3,0,0
25,29848.21,,237.0,0.5071,1,2,1,0
71,21429.36,15034.68,390.0,0.5837,0,4,1,0
45,84066.46,15156.04,74.0,0.2201,2,3,1,0
36,65052.15,10681.28,362.0,0.5262,2,1,1,0
43,31396.2,12843.19,234.0,0.4508,2,6,1,0
32,23403.09,-2659.14,353.0,0.4915,1,1,1,0
67,79622.26,-5000.0,344.0,0.5285,2,5,1,0
74,54042.19,-5000.0,442.0,0.4051,2,1,1,0
22,80260.45,-5000.0,27.0,0.2656,2,3,1,0
58,43496.27,-5000.0,288.0,0.4078,2,4,0,0
37,57788.38,-1047.58,218.0,0.3029,0,5,1,0
20,,4333.63,162.0,0.1014,1,5,1,0
70,29397.22,4083.66,355.0,0.5478,2,2,0,0
21,41396.4,-2517.09,284.0,0.2131,1,2,1,1
29,15392.42,,213.0,0.1617,2,2,1,0
19,57352.67,-2363.52,334.0,0.3407,1,1,1,0
44,64031.22,3080.36,275.0,0.4166,2,3,0,0
52,69754.03,-5000.0,175.0,0.5858,2,2,0,0
36,61663.62,11709.34,161.0,0.4539,2,5,0,0
22,41794.75,3166.68,122.0,0.3588,0,1,1,0
24,83799.27,8430.6,142.0,0.3412,2,3,0,0
71,67307.71,-5000.0,235.0,0.2812,2,1,1,0
63,79713.66,4395.39,86.0,0.2725,2,1,0,0
71,81282.17,7578.67,431.0,0.0967,2,6,0,0
48,,-5000.0,279.0,0.1273,1,5,1,0
49,54696.99,12344.78,302.0,0.3079,2,5,0,0
62,64364.13,-5000.0,275.0,0.0319,2,7,1,0
53,16271.46,4687.2,430.0,0.3022,2,3,1,0
42,16825.67,17301.62,393.0,0.2551,2,5,1,0
34,12517.21,10639.22,228.0,0.198,2,3,1,0
45,42297.5,-5000.0,165.0,0.1613,1,6,1,0
21,36667.07,1575.72,454.0,0.3874,2,7,1,0
28,9108.23,12867.44,287.0,0.262,1,3,1,0
60,48733.96,-3534.2,379.0,0.142,0,5,1,0
67,42609.53,120.96,66.0,0.1264,2,5,1,0
23,74556.0,-103.06,170.0,0.1756,2,2,1,0
23,95324.48,7560.31,127.0,0.1417,0,4,0,0
22,56411.26,-5000.0,215.0,0.6992,2,7,0,0
63,27584.24,8008.88,241.0,0.3188,2,5,1,0
35,61168.11,-1982.39,478.0,0.3442,1,5,0,0
36,45232.57,2909.3,50.0,0.1932,2,3,1,0
18,38996.87,1201.03,457.0,0.4394,2,2,1,0
73,23459.97,7798.13,389.0,0.1183,0,4,1,0
42,33394.5,2831.68,196.0,0.1256,1,6,1,0
63,40555.22,14523.48,134.0,0.372,1,1,1,0
58,65102.41,10915.43,400.0,0.2334,2,3,0,0
26,57775.64,-3362.58,65.0,0.2525,1,1,1,0
63,90639.4,13922.38,436.0,0.0987,2,7,1,0
49,61858.45,5555.25,452.0,0.3483,0,5,0,0
52,55607.37,4359.07,120.0,0.1299,2,6,0,1
29,37344.24,9785.67,269.0,0.2702,1,5,1,0
66,19063.43,-5000.0,248.0,0.4974,2,3,0,0
71,30752.66,-5000.0,368.0,0.4131,1,4,1,0
41,27504.03,3199.53,363.0,0.2124,1,6,0,0
23,8000.0,-1850.41,477.0,0.7042,2,7,1,0
66,19784.21,19589.75,36.0,0.1811,2,2,1,0
68,85055.24,-3114.58,392.0,0.1792,2,1,1,0
46,54215.01,3321.98,386.0,0.336,2,6,0,0
51,35586.9,4535.72,355.0,0.1131,2,7,0,0
30,54962.0,12850.19,101.0,0.3674,0,3,1,1
21,8000.0,-4956.49,356.0,0.446,2,1,0,0
71,52052.44,-5000.0,229.0,0.4426,2,5,1,0
45,76937.31,14155.48,133.0,0.5641,2,7,1,0
33,41972.1,3644.15,180.0,0.1382,1,2,1,0
57,,9477.94,198.0,0.1174,1,7,0,1
19,34651.49,9853.58,355.0,0.006,1,5,0,0
22,76981.55,11240.07,,0.2816,1,7,1,0
31,51465.74,-22.91,111.0,0.2618,1,2,1,0
43,9542.25,-2191.48,177.0,0.3324,1,3,1,0
38,104190.73,-5000.0,223.0,0.0468,2,1,0,0
28,13654.79,-4959.21,454.0,0.3277,1,3,1,0
38,38926.89,3497.21,127.0,0.2956,0,2,1,0
37,19065.35,-2611.17,434.0,0.2511,1,7,0,0
47,19099.95,-5000.0,26.0,0.4303,2,6,0,0
50,33696.22,3403.37,245.0,0.0906,2,7,0,0
68,60903.75,13743.54,404.0,0.1348,1,1,0,0
63,77263.29,2551.87,149.0,0.1938,2,4,1,0
34,35345.8,-5000.0,107.0,0.1487,1,6,0,0
69,19746.41,13179.4,290.0,0.1448,1,7,0,0
47,56965.98,-3192.94,111.0,0.1944,2,7,1,0
28,57699.09,14834.97,7.0,0.4839,1,3,0,0
37,51009.41,894.93,22.0,0.2607,2,3,1,0
60,51893.5,3825.04,229.0,0.5169,1,3,1,1
64,42185.84,15487.14,241.0,0.1518,0,6,1,0
39,47453.77,-5000.0,12.0,0.5293,1,6,1,1
26,40458.72,-5000.0,129.0,0.2817,2,2,1,0
28,71756.09,387.62,363.0,0.1355,2,5,0,0
23,100711.49,1880.26,271.0,0.1607,2,3,1,0
57,49491.33,24136.56,293.0,0.0862,1,3,1,0
46,44835.69,-4104.49,347.0,0.2181,2,7,1,0
43,51396.53,-5000.0,433.0,0.1845,1,6,1,0
56,28551.95,-4486.68,22.0,0.1676,2,5,1,1
65,64124.46,4857.06,231.0,0.3023,1,1,1,0
63,56029.41,6936.29,96.0,0.1542,2,4,1,0
25,34488.24,-2656.7,320.0,0.2101,2,2,1,0
51,67551.67,3168.29,187.0,0.2762,2,1,1,0
68,45474.74,18561.62,73.0,0.3582,2,6,0,1
62,20748.58,3281.35,422.0,0.1905,0,7,1,0
36,53790.11,5567.92,247.0,0.4543,2,1,1,0
40,50924.81,18111.91,52.0,0.4923,2,1,0,0
68,69010.45,-2584.21,108.0,0.4952,0,2,1,0
19,65788.67,-3107.27,357.0,0.1196,0,4,0,0
47,42269.34,-757.46,225.0,0.0951,1,3,0,0
24,33197.83,-1223.28,457.0,0.1406,1,6,0,0
68,45043.59,-5000.0,24.0,0.3312,2,4,0,0
20,54082.72,4103.95,37.0,0.4308,1,4,1,0
19,57093.86,4735.53,331.0,0.0489,0,3,1,0
36,52535.31,1513.13,159.0,0.1006,2,1,1,0
29,42730.95,4979.77,419.0,0.0211,2,2,0,0
46,69920.43,5064.87,369.0,0.3803,2,6,1,0
35,28142.45,-5000.0,10.0,0.1131,2,3,1,0
38,106985.09,5309.12,448.0,0.6174,2,7,1,0
50,64076.76,7468.1,457.0,0.5048,2,6,0,0
49,16812.86,-5000.0,118.0,0.4511,0,7,1,0
71,49630.73,14704.93,294.0,0.1823,2,1,1,0
45,64317.09,-5000.0,308.0,0.5707,2,6,0,0
50,36265.77,-5000.0,18.0,0.136,2,3,1,0
56,8000.0,4615.64,351.0,0.5219,2,3,1,0
27,19023.4,7277.59,464.0,0.8359,2,4,1,0
56,58552.32,9221.37,193.0,0.321,1,3,0,0
67,8000.0,7487.94,473.0,0.0893,2,4,1,0
36,8766.39,-1157.62,321.0,0.191,2,2,1,0
28,58420.87,,352.0,0.1451,2,2,1,0
37,39436.27,466.64,263.0,0.0589,2,6,0,0
33,27605.49,4394.07,331.0,0.2454,1,5,0,0
51,32631.7,3547.65,449.0,0.2882,1,1,1,0
67,8229.65,-1039.27,283.0,0.1597,0,3,1,0
51,57111.34,222.26,258.0,0.2656,0,5,1,0
25,24836.41,-5000.0,81.0,0.1687,2,7,0,0
35,31606.2,9641.04,247.0,0.4304,2,1,1,1
57,53669.63,5380.46,414.0,0.0459,0,7,0,0
36,38584.31,-5000.0,321.0,0.304,0,5,0,0
51,27383.67,,343.0,0.0723,0,4,0,0
57,8000.0,2575.78,73.0,0.2395,1,1,1,1
36,54185.65,-4494.58,406.0,0.016,2,7,0,0
54,,-5000.0,254.0,0.4908,1,1,1,0
40,32065.31,-2505.78,218.0,0.3013,2,1,0,0
25,19065.02,-4452.2,24.0,0.361,1,6,0,0
39,45319.06,-3377.5,428.0,0.255,0,4,0,0
43,57011.79,16605.07,300.0,0.3636,1,4,0,0
18,47443.97,5969.01,149.0,0.2108,1,3,1,0
68,85951.64,19288.08,256.0,0.2682,1,5,1,0
48,62619.36,4805.91,436.0,0.0312,1,5,0,0
20,42317.92,7634.13,402.0,0.2836,1,5,1,0
67,63456.97,-4045.64,142.0,0.1692,0,1,1,0
66,46216.56,1655.77,382.0,0.639,2,6,0,0
18,46129.82,2346.56,3.0,0.1385,2,1,1,0
27,77409.09,7960.74,207.0,0.4771,2,7,1,0
38,22548.55,2604.13,263.0,0.1483,2,6,1,1
46,45582.74,5810.62,316.0,0.1139,2,2,1,0
59,74742.75,5524.22,0.0,0.1834,1,3,1,1
42,52724.76,577.14,145.0,0.3416,1,4,1,0
52,35773.68,-245.53,123.0,0.0664,1,1,1,0
18,8000.0,-2351.95,186.0,0.2973,2,4,1,0
55,8000.0,11658.43,332.0,0.4553,1,2,1,0
70,96904.53,580.55,37.0,0.1751,2,3,0,0
47,52712.8,5631.18,359.0,0.3661,2,6,1,0
43,30398.17,1747.56,48.0,0.1875,2,4,1,0
34,53736.42,11500.94,243.0,0.1052,1,2,0,0
72,21308.15,-5000.0,392.0,0.4864,2,2,1,0
19,36719.97,5423.76,421.0,0.6064,1,2,1,0
34,21476.49,-5000.0,466.0,0.0537,1,7,1,0
25,9668.16,6125.61,207.0,0.2656,2,2,0,0
67,8000.0,1827.63,234.0,0.3871,2,2,0,0
45,8000.0,-5000.0,432.0,0.4497,1,4,1,0
70,70532.19,5701.12,61.0,0.3755,1,6,0,1
55,20327.95,4793.45,436.0,0.2745,0,4,1,0
49,58372.3,1150.23,42.0,0.1877,1,2,0,0
47,68916.18,2163.48,43.0,0.2971,0,3,0,0
29,45414.49,4292.09,21.0,0.1772,1,2,0,0
50,37535.82,12425.76,110.0,0.125,1,2,1,0
57,48325.57,485.39,421.0,0.0414,1,6,1,0
73,34584.49,11104.26,99.0,0.1432,2,7,0,0
49,75097.73,2700.4,212.0,0.6685,2,6,1,0
71,91913.35,13365.88,386.0,0.4949,1,6,1,0
71,81245.3,1118.87,422.0,0.4373,2,1,1,0
47,8000.0,-2330.59,210.0,0.4283,1,1,1,1
43,34074.33,-5000.0,174.0,0.3314,0,3,1,0
26,45103.98,2729.48,222.0,0.4073,1,1,1,0
33,56576.45,-3345.38,282.0,0.3127,0,4,0,0
68,8000.0,14235.91,154.0,0.2386,2,5,1,0
25,8000.0,-3969.7,323.0,0.318,1,6,0,0
40,77669.74,-2520.19,387.0,0.133,1,1,1,0
57,31022.02,7648.66,24.0,0.3531,0,1,1,0
31,8000.0,12486.34,394.0,0.2276,1,5,1,0
73,17408.98,8848.36,327.0,0.6809,1,3,0,0
55,54761.87,11469.48,28.0,0.2621,2,7,0,0
19,24436.31,2358.27,383.0,0.1189,1,7,0,0
32,51040.64,2471.0,237.0,0.3086,1,7,1,0
60,20531.82,19094.06,10.0,0.2408,1,6,0,1
67,8000.0,16522.15,39.0,0.4244,1,1,1,1
70,80609.5,8713.62,28.0,0.0731,1,1,1,0
66,54954.75,11852.85,195.0,0.3201,1,5,0,0
22,36656.23,9868.26,250.0,0.5515,2,4,1,0
59,31965.96,-5000.0,115.0,0.2259,2,6,1,0
24,81622.51,2682.78,466.0,0.354,2,5,0,0
22,59788.25,14974.19,15.0,0.2801,2,3,1,0
57,73670.33,8762.71,467.0,0.1346,2,6,0,0
45,30407.68,2491.28,72.0,0.3223,1,3,1,1
54,46266.66,15070.06,52.0,0.4063,1,5,1,0
66,55054.97,5954.42,236.0,0.1398,2,2,1,0
21,31248.27,9044.64,365.0,0.2024,2,3,1,0
48,42611.7,5996.25,317.0,0.1921,1,2,0,0
65,30409.74,7329.3,380.0,0.3606,2,7,1,0
43,54976.48,7901.35,217.0,0.4632,0,7,1,0
47,11965.15,13397.39,420.0,0.3668,2,4,1,0
46,59299.25,14439.65,366.0,0.2304,1,4,1,0
69,52767.83,-608.73,20.0,0.444,2,3,0,1
20,39917.29,5844.09,240.0,0.1134,2,7,1,0
68,,13168.07,466.0,0.5784,2,4,0,0
64,35876.49,1947.52,348.0,0.4432,1,6,1,0
64,28246.73,-5000.0,394.0,0.504,2,6,1,0
41,58593.15,-4269.19,345.0,0.2218,2,4,1,0
47,59675.35,-3716.63,291.0,0.1942,2,4,1,0
39,32318.24,-665.43,160.0,0.6763,2,6,1,0
32,30173.69,-2969.83,32.0,0.6399,1,5,1,1
67,40425.66,11232.85,144.0,0.3074,2,1,0,0
46,,785.41,115.0,0.0893,2,6,1,0
59,83127.98,13088.81,347.0,0.2708,2,5,1,0
23,52911.89,-5000.0,166.0,0.2652,1,5,1,0
62,45365.01,173.42,169.0,0.3257,1,2,0,0
55,21681.88,3834.22,411.0,0.232,1,5,0,0
74,63474.74,9485.29,93.0,0.0648,2,4,0,0
25,29709.88,12149.01,365.0,0.6529,1,3,1,0
48,28681.32,-1306.54,169.0,0.2196,0,5,0,0
47,64315.37,10947.35,451.0,0.4577,2,1,1,0
48,54683.07,-5000.0,458.0,0.51,2,5,1,0
21,8000.0,9970.65,202.0,0.1048,2,6,1,0
44,41055.73,-5000.0,375.0,0.1491,0,4,0,0
35,48137.99,6573.15,440.0,0.1934,0,5,1,0
53,36510.1,12033.49,289.0,0.3163,1,1,1,0
31,49009.09,10097.84,429.0,0.4523,1,7,0,0
42,,-5000.0,327.0,0.6249,2,2,1,0
53,8000.0,-577.86,8.0,0.3362,2,5,1,0
21,20613.29,8735.46,291.0,0.5057,1,6,1,0
62,52056.18,8506.36,114.0,0.2094,2,1,1,0
58,8000.0,5207.45,283.0,0.3549,2,5,1,0
21,23911.35,-5000.0,383.0,0.256,2,5,1,0
21,8000.0,12584.39,95.0,0.396,2,3,1,0
66,38934.4,14010.08,319.0,0.1182,0,2,0,0
34,93947.48,4309.92,259.0,0.1696,2,3,0,0
67,39570.6,4828.62,106.0,0.387,2,7,1,0
46,42312.43,7024.48,364.0,0.2725,0,3,1,0
37,65980.77,14683.54,375.0,0.2595,1,4,0,0
33,45532.66,5004.43,3.0,0.3786,2,6,1,0
55,39625.21,1470.6,151.0,0.232,1,4,0,0
24,68166.15,6052.16,35.0,0.2147,1,1,1,0
40,56797.18,2911.12,289.0,0.1734,2,4,0,0
37,52215.64,3002.0,423.0,0.0105,2,3,1,0
26,41530.5,-5000.0,448.0,0.0453,2,2,1,0
38,36348.38,7182.65,190.0,0.1489,0,7,1,0
48,67929.27,12371.64,115.0,0.4714,2,3,0,0
56,36588.43,11162.98,150.0,0.1835,1,3,1,0
22,75781.32,10607.93,26.0,0.1185,1,3,1,0
67,18821.34,2575.98,167.0,0.2498,1,1,1,0
68,80844.6,4165.41,316.0,0.3268,2,7,1,0
57,56801.0,12531.22,8.0,0.3019,2,3,0,1
70,20786.63,9938.83,349.0,0.5811,1,1,1,0
42,57724.47,14890.85,405.0,0.4249,1,6,0,1
64,28742.43,-2381.73,150.0,0.2291,2,5,1,0
59,45835.7,-2431.65,368.0,0.5232,1,4,1,0
50,32834.32,339.45,224.0,0.21,2,3,0,0
28,41677.2,-4544.26,474.0,0.2536,2,5,1,0
49,68535.77,-5000.0,240.0,0.4509,1,3,0,0
69,57962.79,6749.1,287.0,0.5361,1,1,1,0
74,16865.87,6204.4,391.0,0.499,2,7,1,0
43,18297.59,4969.81,131.0,0.0237,2,1,0,1
32,51769.39,5829.96,332.0,0.2891,2,3,1,0
60,53579.68,-5000.0,408.0,0.2521,2,3,1,0
22,28138.88,-840.42,131.0,0.0895,1,7,1,0
26,,652.25,387.0,0.0918,2,6,0,0
50,65337.37,3388.05,131.0,0.5698,2,6,1,0
74,29360.59,-5000.0,292.0,0.1764,1,7,1,0
36,26943.62,-4422.33,155.0,0.0763,1,4,1,0
43,39304.67,-491.83,301.0,0.3637,1,4,0,0
36,36703.64,11466.28,70.0,0.0139,0,7,1,1
43,76403.94,5094.96,388.0,0.0877,2,4,1,0
18,69613.07,11172.53,64.0,0.3223,2,4,0,0
51,45876.74,2020.55,160.0,0.2087,1,3,1,0
51,61947.64,3007.91,392.0,0.3883,2,7,1,0
35,65574.38,6992.61,46.0,0.2039,2,7,1,1
33,46456.52,1582.31,399.0,0.1957,1,4,0,0
61,55065.47,-1997.8,192.0,0.21,2,4,1,0
28,59854.69,-5000.0,124.0,0.3914,2,7,1,0
20,57190.14,-1783.34,399.0,0.3331,1,2,1,0
20,25529.9,9689.5,408.0,0.4432,2,7,1,0
68,28057.26,13085.39,413.0,0.4955,2,7,1,0
38,37785.13,-3185.26,273.0,0.0954,2,2,0,0
23,27333.39,-5000.0,94.0,0.2582,2,5,1,0
68,8172.49,10412.89,341.0,0.1776,1,4,1,0
26,61898.8,3554.39,337.0,0.1803,2,5,1,0
37,53660.2,-5000.0,422.0,0.3907,2,7,1,0
19,11515.84,-5000.0,353.0,0.222,2,4,1,0
56,38977.08,-4707.29,148.0,0.122,1,4,1,0
57,40392.85,-703.57,214.0,0.2917,2,3,1,0
61,49548.61,-5000.0,317.0,0.6882,0,4,0,0
32,17951.94,8535.25,373.0,0.5631,2,6,1,0
36,11150.14,-3500.54,148.0,0.0227,2,1,1,0
71,57993.11,3099.22,124.0,0.5376,1,5,1,0
64,8000.0,21987.91,433.0,0.7238,1,4,1,0
20,39183.41,3939.69,,0.1351,1,6,0,0
57,36848.07,2075.85,143.0,0.3881,1,1,1,1
64,41917.89,2256.58,31.0,0.0876,1,1,1,0
49,51317.94,8352.12,300.0,0.2868,2,6,1,0
54,84964.27,7360.68,7.0,0.2432,0,5,1,1
18,8000.0,-5000.0,91.0,0.2655,2,7,1,0
19,66914.54,-289.22,252.0,0.7395,2,1,1,0
20,8000.0,-2338.63,177.0,0.1915,1,1,1,0
27,79842.78,738.85,23.0,0.1269,2,2,1,0
74,8000.0,17612.97,168.0,0.4221,1,4,0,0
54,105909.87,7939.58,323.0,0.2988,1,2,1,0
62,35255.8,2361.9,360.0,0.1838,1,2,0,0
34,77259.58,12956.26,361.0,0.3303,0,6,0,1
71,72103.9,4507.77,137.0,0.2364,2,6,1,0
29,34087.77,-5000.0,318.0,0.3423,0,3,0,0
69,36006.27,16311.72,157.0,0.0862,2,5,0,0
19,24071.03,1748.81,312.0,0.6138,0,2,1,0
19,64684.25,-5000.0,,0.2941,1,2,0,1
22,34413.3,-5000.0,196.0,0.15,1,4,0,0
63,24525.41,12021.48,151.0,0.6308,2,3,0,0
32,58431.9,-5000.0,320.0,0.1451,2,1,1,0
43,22570.59,13793.8,130.0,0.1267,1,7,0,0
44,36775.44,3648.38,143.0,0.4517,2,1,1,0
63,47677.65,8711.15,261.0,0.1006,1,7,1,0
37,28939.26,945.55,313.0,0.0924,2,6,1,0
18,32711.28,7186.92,192.0,0.4667,2,7,0,0
40,83374.58,5532.54,428.0,0.1888,1,2,1,0
34,39894.12,2691.76,470.0,0.1608,2,6,1,0
59,36009.33,-5000.0,291.0,0.0958,2,5,0,0
60,40621.87,5868.23,262.0,0.1249,2,2,0,0
23,56361.37,-5000.0,249.0,0.0809,0,3,0,0
63,19153.41,10452.01,34.0,0.4401,2,3,0,0
22,55680.39,4575.96,197.0,0.2233,2,4,1,0
53,51395.5,6713.57,388.0,0.3663,2,7,0,0
40,8000.0,-5000.0,332.0,0.2161,2,3,1,0
35,89856.39,-5000.0,25.0,0.2383,1,2,1,1
45,81520.34,-1046.13,66.0,0.5093,2,3,1,0
35,24985.93,8389.43,401.0,0.1878,0,2,1,0
63,16939.34,-4542.49,352.0,0.4559,1,3,1,0
73,50701.29,23384.03,194.0,0.2551,1,7,1,0
64,9353.42,893.5,452.0,0.5978,2,7,1,0
43,79107.07,-5000.0,29.0,0.1491,1,3,0,0
46,33288.66,1505.2,365.0,0.2857,2,3,1,0
43,85545.17,-4607.58,469.0,0.1507,2,5,0,0
63,24389.92,-5000.0,209.0,0.3987,2,5,1,0
49,42194.95,11087.84,237.0,0.5699,2,1,0,0
44,76680.32,7105.92,101.0,0.7448,2,3,1,0
41,36919.01,7129.16,410.0,0.4865,2,3,1,0
39,51802.29,13214.02,348.0,0.2423,2,3,0,0
49,72316.47,6893.38,201.0,0.4294,2,5,1,0
57,31098.81,-5000.0,112.0,0.438,1,4,1,1
42,13456.52,8669.15,221.0,0.3808,2,7,1,0
63,8532.24,-5000.0,216.0,0.1962,1,3,1,0
65,59585.82,-824.31,173.0,0.662,1,1,1,0
42,54719.46,2634.26,402.0,0.1664,2,6,1,0
69,71541.58,1822.56,177.0,0.1668,2,2,0,0
27,38148.88,-5000.0,54.0,0.2632,2,6,1,0
71,9231.57,-4740.84,380.0,0.5592,1,7,0,0
34,8000.0,2819.93,350.0,0.1825,2,7,1,0
50,116699.06,-1885.49,14.0,0.2359,1,4,0,0
34,58173.08,12010.06,333.0,0.416,2,6,1,0
43,48419.79,13379.89,235.0,0.2026,1,6,0,0
37,51965.99,-5000.0,323.0,0.6315,0,1,0,0
58,9216.53,3478.04,127.0,0.1336,2,7,1,0
22,25128.2,15661.74,85.0,0.2489,1,5,0,0
65,88583.25,1926.26,267.0,0.1544,1,1,1,0
69,61458.68,-255.84,26.0,0.8125,2,5,0,1
50,25910.06,9881.77,103.0,0.3767,1,2,1,1
49,14329.62,806.39,21.0,0.0668,1,1,0,0
57,32107.65,13166.96,,0.5375,1,6,1,0
29,37114.23,-1757.97,434.0,0.2051,1,3,0,0
60,96228.65,-796.7,255.0,0.5224,1,1,1,0
30,40293.32,9321.25,354.0,0.2205,1,6,1,0
56,15261.21,3804.35,356.0,0.2311,2,4,1,0
35,43534.94,3867.25,60.0,0.3267,2,4,1,0
60,51608.46,-5000.0,454.0,0.1504,0,1,0,0
63,12986.34,172.69,74.0,0.39,2,6,1,0
29,55054.14,9912.3,,0.2015,1,6,1,1
53,75222.9,-3269.68,314.0,0.1045,2,3,1,0
46,48466.78,8605.34,231.0,0.4547,1,7,1,0
34,25073.37,5143.92,,0.3513,2,4,1,0
51,31778.24,1402.28,167.0,0.4253,2,1,0,0
74,8000.0,13862.04,196.0,0.159,1,7,0,0
18,41654.12,281.25,290.0,0.3418,2,4,0,0
72,52769.5,838.82,379.0,0.1841,2,4,0,0
66,22584.19,1310.91,175.0,0.1519,2,2,1,1
48,93492.5,3644.2,188.0,0.4359,1,2,1,0
52,64806.99,9135.66,46.0,0.2267,1,6,1,1
39,8000.0,-5000.0,458.0,0.0847,0,5,0,0
25,8000.0,9944.36,294.0,0.2668,1,6,1,0
50,20399.4,3544.78,124.0,0.0718,1,7,0,0
64,84329.64,7432.28,17.0,0.5699,1,7,0,0
31,67273.04,22134.8,455.0,0.1917,2,5,1,0
58,85592.8,-1093.28,,0.187,1,2,0,0
60,45255.23,-5000.0,87.0,0.2985,2,2,1,0
61,39762.77,4550.39,424.0,0.134,1,1,1,0
37,13812.26,,162.0,0.1106,1,4,1,0
40,53742.1,9972.87,417.0,0.2574,0,4,1,0
41,40095.8,-1307.01,264.0,0.2927,2,1,1,0
66,39133.2,-3640.85,270.0,0.3295,2,5,1,0
69,85451.27,-5000.0,447.0,0.3903,1,1,0,0
41,41841.36,-5000.0,8.0,0.3418,1,7,0,0
73,78274.54,-327.7,166.0,0.2401,1,1,0,0
50,8000.0,2067.32,164.0,0.7689,1,4,0,1
39,112202.81,19521.07,351.0,0.2802,1,2,1,0
18,35668.24,-5000.0,166.0,0.3439,2,7,1,0
52,62679.6,5683.21,422.0,0.1452,0,3,0,0
54,66656.82,-2807.49,346.0,0.3387,0,3,1,0
73,32566.08,4782.93,435.0,0.1531,0,6,1,0
58,65475.75,-1425.89,389.0,0.5543,2,5,1,0
19,66775.08,11283.08,358.0,0.5781,2,3,1,0
50,27171.39,11233.52,170.0,0.3427,1,3,0,0
60,27467.49,2095.19,349.0,0.5692,1,2,1,0
46,46132.67,14512.9,,0.4102,1,2,1,0
42,42112.65,9080.87,164.0,0.1115,1,2,1,0
64,79828.25,14140.47,107.0,0.4853,1,5,0,0
52,62566.7,2654.9,430.0,0.4163,2,6,1,0
56,43239.41,10614.39,349.0,0.1476,2,6,1,0
44,60151.95,-3146.1,23.0,0.1073,2,6,1,1
33,8000.0,-3957.27,167.0,0.2524,2,3,0,0
47,29617.23,20438.61,278.0,0.1464,2,2,0,0
72,52195.53,-5000.0,338.0,0.4587,1,1,1,0
52,72884.14,-488.85,147.0,0.2186,1,6,1,0
58,49994.23,-5000.0,339.0,0.504,2,4,0,0
25,81455.97,-3766.9,130.0,0.0272,0,2,0,0
74,66698.5,-4953.88,74.0,0.0271,2,3,1,0
31,32791.76,-2362.33,41.0,0.3157,2,5,1,1
73,41499.23,5399.07,425.0,0.2111,2,3,0,0
43,55210.54,7328.28,315.0,0.4953,1,3,1,0
70,33784.11,-5000.0,395.0,0.4148,2,6,1,0
68,83282.25,-3317.33,257.0,0.3011,0,2,1,0
61,17281.85,11668.08,279.0,0.4652,2,4,0,0
70,52902.66,16642.34,139.0,0.6003,1,2,1,0
52,63386.17,13047.33,41.0,0.6435,1,6,0,0
66,37163.83,-5000.0,,0.2377,2,7,1,0
27,31530.02,12515.26,80.0,0.3722,2,2,0,0
22,43097.97,17829.51,419.0,0.3745,2,1,1,0
48,65299.96,-5000.0,44.0,0.0445,1,2,0,0
64,32503.8,11661.6,468.0,0.2194,2,1,1,0
61,18276.97,4801.73,222.0,0.0476,1,2,0,0
48,73764.62,382.9,135.0,0.2429,2,6,0,0
47,54982.41,3849.46,127.0,0.2095,2,3,0,0
52,70196.44,6546.08,325.0,0.6817,1,6,1,0
67,63983.29,12260.68,398.0,0.297,1,5,0,0
65,99497.23,11848.12,228.0,0.3428,1,3,0,0
24,72874.3,-5000.0,209.0,0.3346,2,5,1,0
51,26898.01,-2189.38,421.0,0.3655,2,1,0,0
39,56756.7,3748.52,217.0,0.2309,1,1,0,0
63,31062.78,15577.75,158.0,0.3595,2,2,1,0
46,33646.85,-5000.0,442.0,0.2125,1,2,1,0
74,9687.49,-1886.68,385.0,0.1689,2,2,1,0
42,37847.17,-5000.0,277.0,0.579,1,5,1,1
56,58625.86,-5000.0,5.0,0.5179,2,4,1,0
24,43349.46,10885.88,185.0,0.5429,1,7,0,0
71,17515.79,-1255.08,469.0,0.3091,2,6,1,0
26,8000.0,-5000.0,472.0,0.2493,1,6,1,0
39,97796.15,1732.49,323.0,0.4391,1,6,1,0
65,53129.02,19286.88,221.0,0.3405,2,6,1,0
73,24398.27,-5000.0,412.0,0.3218,2,1,0,0
45,56544.59,7263.5,278.0,0.6689,2,2,1,0
45,99729.65,15541.63,28.0,0.1008,0,1,1,1
20,60511.56,2604.62,183.0,0.1267,0,7,1,0
73,8000.0,18424.0,155.0,0.069,1,1,1,0
18,111307.29,-2278.49,321.0,0.279,2,3,0,0
19,8000.0,14567.52,105.0,0.6105,1,2,1,0
44,39849.7,12679.5,372.0,0.3745,2,5,0,0
18,16664.89,2739.74,116.0,0.5805,2,4,0,0
27,26499.95,-5000.0,301.0,0.2725,0,7,1,0
53,52110.24,-5000.0,144.0,0.1685,0,5,1,0
58,8000.0,-5000.0,119.0,0.3384,2,2,0,0
34,42743.86,7753.2,338.0,0.2137,2,7,0,0
63,73683.56,6794.4,452.0,0.2447,2,7,1,0
52,23918.99,3633.74,383.0,0.1358,2,4,1,0
31,10242.87,2018.29,245.0,0.3347,2,7,1,0
58,41517.37,13860.73,438.0,0.2379,1,6,1,0
51,36541.46,5382.39,396.0,0.1071,1,1,1,0
64,30119.31,-1437.16,440.0,0.1589,2,4,1,0
26,,,4.0,0.1318,2,6,0,0
31,57979.61,19380.04,390.0,0.0852,0,5,0,0
35,59881.59,7977.34,248.0,0.5376,1,6,1,0
37,18358.83,-119.35,335.0,0.3093,0,3,1,0
68,21818.66,2644.22,449.0,0.2055,1,5,0,0
59,48412.3,6707.03,249.0,0.2019,2,4,1,0
49,20875.71,-368.69,330.0,0.5862,1,4,0,0
48,49466.55,-1076.36,471.0,0.2314,0,5,0,0
68,81701.16,2909.42,54.0,0.0476,1,5,1,1
43,43504.43,15152.72,356.0,0.2104,0,5,1,0
30,14659.59,9327.81,340.0,0.453,1,2,0,0
25,,-276.23,91.0,0.2173,2,4,1,0
36,40558.63,9952.1,7.0,0.3351,0,6,1,0
55,41246.07,3068.59,303.0,0.2549,2,3,0,0
44,56883.07,5756.71,,0.2769,0,6,1,0
42,62275.94,5028.99,150.0,0.3777,2,3,0,0
45,45887.55,-5000.0,113.0,0.582,2,7,1,0
73,43482.99,-5000.0,261.0,0.2945,1,1,1,0
74,96588.54,4812.97,120.0,0.6761,1,6,1,1
27,75013.85,-3822.89,35.0,0.4936,1,1,0,1
24,65838.65,-5000.0,19.0,0.1563,1,2,0,0
31,48280.15,-3576.07,124.0,0.5066,1,7,1,0
66,19856.42,10397.14,296.0,0.2873,2,3,0,0
44,73184.66,5862.61,253.0,0.3871,2,2,0,0
67,48607.35,9174.09,356.0,0.5109,1,7,1,0
54,30570.77,6624.76,287.0,0.4597,1,4,1,0
49,38921.49,-4350.66,140.0,0.2897,2,7,1,0
34,20845.44,9212.36,440.0,0.5437,1,6,1,0
37,71433.23,,281.0,0.3942,1,4,1,0
26,62075.93,2060.13,297.0,0.673,2,3,1,0
47,49540.81,3470.72,238.0,0.187,1,4,0,0
33,43930.36,9339.73,203.0,0.3383,2,4,1,1
34,27983.28,-2995.59,476.0,0.1599,2,3,0,0
20,8000.0,11703.06,186.0,0.3277,1,5,0,0
63,9676.83,7520.75,389.0,0.4988,2,5,0,0
71,26433.87,3018.06,40.0,0.4164,1,1,1,1
46,22675.84,,454.0,0.1397,2,4,1,0
48,52234.02,-5000.0,363.0,0.4053,2,7,0,0
70,65287.34,-681.48,395.0,0.1953,2,6,1,0
47,41789.02,-2458.01,153.0,0.1738,2,5,1,0
53,80222.92,5864.73,315.0,0.0799,0,3,1,0
42,25427.56,12459.3,362.0,0.4978,2,5,1,0
47,41611.57,-4864.18,34.0,0.1382,2,7,0,0
47,43725.32,29443.98,311.0,0.5113,2,5,0,0
58,72304.66,-2302.05,411.0,0.2703,0,7,1,0
52,47647.18,5885.47,406.0,0.025,2,6,1,0
46,48339.22,3021.49,365.0,0.1982,1,7,1,0
22,8000.0,3369.25,428.0,0.4244,2,1,1,0
69,22502.33,-3339.29,135.0,0.3983,1,6,1,0
68,72398.81,11540.37,330.0,0.0462,2,5,1,0
28,8000.0,-3831.37,129.0,0.6198,2,5,1,0
34,,-5000.0,414.0,0.5668,1,4,1,0
73,57491.61,-5000.0,251.0,0.2144,1,1,1,0
36,26311.97,14562.52,397.0,0.5657,2,1,1,0
64,24198.78,13003.76,135.0,0.4707,1,4,1,0
62,92398.88,-5000.0,147.0,0.1585,1,2,0,0
67,80285.15,9509.84,465.0,0.1963,2,7,1,0
18,42013.98,-5000.0,434.0,0.5294,1,5,0,0
45,48364.79,2782.18,92.0,0.3405,0,4,0,1
50,28845.47,-5000.0,185.0,0.3653,1,1,0,0
65,48369.6,10126.25,,0.1441,2,6,1,0
30,28152.41,7437.29,305.0,0.1378,2,5,1,0
35,43036.42,10836.63,20.0,0.3081,2,1,0,0
28,90258.23,638.08,12.0,0.0696,2,5,1,0
61,42609.65,1469.37,265.0,0.2823,2,7,1,0
74,18799.45,-5000.0,429.0,0.247,1,4,0,0
26,10840.7,-5000.0,355.0,0.2754,1,7,1,0
31,48177.94,10588.27,333.0,0.1715,1,6,1,0
35,25977.62,5938.12,281.0,0.1359,2,2,1,0
68,51165.08,3834.68,86.0,0.2878,0,3,1,1
43,,13096.91,99.0,0.0255,2,2,1,0
34,62256.25,-5000.0,296.0,0.2743,2,4,1,0
36,18495.88,8761.18,443.0,0.0197,2,3,1,0
52,46157.43,-5000.0,22.0,0.2584,2,5,1,0
40,36542.42,14822.99,182.0,0.4099,1,6,1,0
26,87959.72,7355.79,90.0,0.1427,2,3,0,0
64,49287.23,10716.01,67.0,0.0988,1,6,0,1
42,93636.8,-2613.17,169.0,0.1751,0,1,0,0
32,59018.56,20456.79,91.0,0.231,2,4,1,0
59,80635.15,18988.46,117.0,0.3768,0,6,1,0
60,39780.04,6443.03,210.0,0.1103,1,6,1,0
26,53637.58,12402.09,356.0,0.384,1,7,1,0
22,75466.09,584.91,261.0,0.1739,2,6,0,0
20,67624.0,-5000.0,260.0,0.167,2,7,1,0
61,58274.83,9366.32,288.0,0.5861,2,4,1,0
53,36801.63,-4354.48,108.0,0.2749,2,2,1,0
63,41030.59,13481.76,35.0,0.117,1,7,1,0
53,73441.55,11382.87,13.0,0.1897,0,3,0,0
40,78647.78,4881.78,416.0,0.2289,1,3,1,0
51,30178.43,4434.37,420.0,0.0363,2,7,0,0
59,26406.03,10914.31,161.0,0.5904,1,2,1,0
40,22396.66,5196.51,376.0,0.2288,2,5,1,0
70,65742.52,-235.69,124.0,0.2531,2,2,0,0
69,21763.12,-5000.0,146.0,0.0439,0,6,1,0
63,65440.09,10671.2,330.0,0.29,2,1,1,0
74,58642.26,5931.51,445.0,0.5559,1,7,1,0
40,31372.7,25045.28,294.0,0.4666,0,2,1,0
24,84096.48,2232.71,460.0,0.5121,2,3,1,0
45,8443.53,5416.29,476.0,0.1736,2,3,1,0
60,86488.31,5604.03,14.0,0.0863,2,1,0,0
62,52972.15,8206.05,196.0,0.2396,2,5,0,0
40,8000.0,-4735.03,226.0,0.5579,2,5,1,0
34,84796.99,,87.0,0.4497,2,1,1,1
43,69305.31,9621.28,102.0,0.188,2,6,0,0
63,34294.71,337.89,466.0,0.2057,1,3,0,0
21,20881.99,9321.51,86.0,0.0859,2,6,1,0
36,8000.0,3773.73,231.0,0.0407,1,5,0,1
31,105386.15,6214.97,231.0,0.1907,0,3,0,0
63,21915.45,12209.09,317.0,0.2345,2,1,1,0
44,13410.29,1181.16,262.0,0.2346,2,4,1,0
22,51697.98,-5000.0,20.0,0.2673,1,3,1,0
32,8000.0,869.28,216.0,0.4603,2,5,0,0
20,20461.29,-3604.44,,0.479,2,2,1,0
45,69874.23,-5000.0,61.0,0.2712,1,5,1,0
74,56605.26,2146.55,473.0,0.0741,0,2,1,0
50,35340.75,4592.25,259.0,0.2843,1,4,1,0
67,45457.67,11166.09,462.0,0.1424,1,1,1,0
60,33938.24,-5000.0,439.0,0.5502,1,7,1,0
68,43450.05,3708.21,472.0,0.213,1,7,1,0
35,25954.72,12024.73,113.0,0.1668,2,2,1,0
72,30494.02,-1597.18,395.0,0.5216,0,7,0,0
31,29733.05,7289.77,19.0,0.185,2,2,1,0
42,26853.48,15781.74,240.0,0.2858,0,4,0,0
56,71097.77,-5000.0,416.0,0.2306,2,2,1,0
34,64252.93,5181.23,274.0,0.5042,2,4,0,0
33,21690.92,12303.12,96.0,0.175,0,7,1,0
25,15140.16,194.3,35.0,0.3095,2,1,0,0
18,,14094.08,220.0,0.1581,2,1,0,0
46,98882.19,8073.77,380.0,0.1824,2,2,1,0
74,19307.37,17154.86,441.0,0.2494,2,2,0,0
30,40969.39,7659.72,359.0,0.2142,1,6,0,0
43,47218.01,17820.31,212.0,0.0952,1,3,0,0
71,42283.95,5400.0,339.0,0.3385,0,7,0,0
62,33544.75,-5000.0,376.0,0.266,1,3,1,0
18,73877.0,-2048.0,183.0,0.4229,1,6,1,0
46,56361.47,11146.91,126.0,0.3857,2,6,1,0
26,66145.13,10989.52,127.0,0.2036,1,4,0,0
32,59734.5,515.19,357.0,0.25,0,3,0,0
32,67348.71,17434.41,388.0,0.1503,1,5,1,0
52,84610.15,168.26,93.0,0.1906,2,7,1,1
29,78276.1,6695.82,467.0,0.2048,2,3,1,0
32,103120.1,6474.27,9.0,0.6562,0,1,0,1
30,75433.53,-5000.0,203.0,0.4466,1,5,1,0
38,28263.83,2116.06,231.0,0.1427,0,4,1,0
55,66182.8,22042.64,26.0,0.2977,2,2,0,1
40,62760.88,-4378.14,347.0,0.3653,2,4,1,0
36,93007.37,8001.26,432.0,0.1027,2,6,1,0
47,20821.04,-5000.0,114.0,0.4703,1,7,1,1
53,58948.78,-4461.51,330.0,0.6698,1,3,1,0
18,27973.24,-5000.0,456.0,0.2408,0,3,1,0
68,57813.63,10528.57,322.0,0.059,2,4,1,0
70,39631.33,-3971.1,216.0,0.2252,0,5,0,1
52,56986.72,13139.95,453.0,0.4645,2,6,1,0
50,9741.55,-1250.56,192.0,0.1654,1,2,1,0
57,64830.66,4023.99,321.0,0.0814,2,7,1,0
43,50151.49,6291.05,,0.2827,0,1,1,0
38,48804.82,-5000.0,296.0,0.3765,0,1,0,1
38,93755.71,4629.19,150.0,0.1871,0,6,0,1
27,35437.92,,340.0,0.136,2,1,1,0
65,53556.64,12120.14,148.0,0.5015,0,7,0,0
36,47506.77,-4676.03,232.0,0.5341,2,5,1,0
34,49950.98,-3536.17,261.0,0.4387,1,2,1,0
72,100545.1,8276.38,137.0,0.1884,2,3,1,0
46,46595.18,14299.14,368.0,0.3364,1,3,0,0
53,30818.01,-1740.02,120.0,0.1532,2,1,1,0
31,91772.57,-5000.0,77.0,0.2486,2,6,0,0
33,37307.78,466.17,348.0,0.2589,0,5,1,0
59,8000.0,-5000.0,422.0,0.1435,1,5,0,0
43,26478.91,6182.25,116.0,0.1443,0,2,1,0
26,13835.31,-5000.0,248.0,0.2735,2,4,0,0
65,8000.0,10783.24,446.0,0.4203,0,6,0,0
40,35924.62,4700.93,177.0,0.5113,0,1,1,0
56,43244.6,11032.8,193.0,0.1715,1,6,1,0
37,74513.2,-5000.0,335.0,0.1632,0,2,0,0
49,60735.04,-5000.0,304.0,0.268,2,5,1,0
62,59595.86,13341.38,60.0,0.4339,1,5,0,0
68,22669.75,-2756.17,20.0,0.1706,1,6,0,0
29,67123.33,-5000.0,174.0,0.3202,2,5,0,0
56,79780.82,1378.41,215.0,0.3782,1,4,1,0
70,54864.27,4938.77,294.0,0.3813,2,7,0,0
54,55562.94,1735.88,191.0,0.0718,1,1,1,0
26,13382.69,6744.11,63.0,0.1957,1,3,1,0
28,71360.9,5660.0,362.0,0.4719,2,3,1,0
29,,5241.21,207.0,0.2803,2,6,1,0
24,53073.81,13786.97,26.0,0.3449,2,6,0,0
60,30141.07,2886.56,286.0,0.3794,2,5,1,0
73,40950.13,2651.36,193.0,0.348,2,1,1,0
47,34489.48,9422.49,257.0,0.3167,2,7,1,0
52,35988.76,7421.28,411.0,0.3027,2,3,0,0
62,61199.58,-4222.87,91.0,0.234,2,5,1,0
41,51986.6,2263.09,320.0,0.3279,2,6,0,0
44,70098.42,6505.83,56.0,0.2802,2,7,0,0
51,54272.56,-1694.63,373.0,0.6161,2,4,0,0
35,23397.8,-1313.4,175.0,0.3443,2,7,1,0
21,32482.7,-5000.0,366.0,0.444,0,1,1,0
50,30928.97,-5000.0,19.0,0.138,1,5,0,1
64,40338.25,7.37,317.0,0.1639,1,5,1,0
22,89867.84,4018.29,120.0,0.2318,2,6,1,0
30,93872.49,-5000.0,187.0,0.1792,2,1,1,0
32,65915.03,14022.98,112.0,0.3558,1,4,1,0
63,47969.09,-5000.0,191.0,0.4008,1,4,1,0
46,10958.69,10300.24,379.0,0.5685,1,4,1,0
48,50500.21,6349.36,24.0,0.2179,1,4,1,0
54,25249.82,,289.0,0.2027,0,1,0,0
33,85763.05,7318.71,93.0,0.2411,1,4,0,0
58,8000.0,-5000.0,190.0,0.0445,2,6,1,0
19,54612.11,11434.93,267.0,0.3256,1,1,0,0
24,23144.02,16580.65,46.0,0.3462,1,3,1,1
64,44762.12,-5000.0,429.0,0.523,2,5,1,0
55,61651.7,8113.03,326.0,0.0612,2,6,1,0
28,70549.22,9882.52,293.0,0.0279,2,3,1,0
43,43482.74,1297.37,446.0,0.0894,1,6,1,0
20,64030.41,-5000.0,185.0,0.2269,0,6,1,1
56,28438.25,632.34,67.0,0.4018,2,4,1,0
61,51138.46,-1648.55,399.0,0.2737,1,6,1,0
33,70055.19,15238.21,304.0,0.3872,0,5,0,0
37,53302.49,2291.27,215.0,0.4649,2,3,1,0
31,31766.41,-298.49,40.0,0.3345,2,6,1,0
40,38023.94,-1692.1,124.0,0.372,0,4,1,1
33,70391.4,5605.98,279.0,0.3012,2,6,1,0
32,17703.88,3454.95,38.0,0.1892,2,5,0,0
42,21392.12,-3319.56,263.0,0.448,1,5,1,0
66,60039.72,5112.16,397.0,0.3646,1,6,1,1
61,34021.41,-1458.04,215.0,0.3357,2,3,0,0
34,8673.55,-5000.0,295.0,0.2312,1,3,0,0
71,78770.47,8344.18,103.0,0.1263,2,1,0,0
29,17509.99,7585.47,278.0,0.0453,2,4,1,0
69,40014.25,4597.91,87.0,0.0808,1,5,1,0
35,29511.98,,345.0,0.0853,1,6,1,0
48,37557.91,2423.52,,0.0545,2,4,1,0
29,22884.51,9554.26,290.0,0.4023,2,4,1,0
61,62856.98,-2054.49,153.0,0.107,0,6,1,0
36,47770.59,9877.17,168.0,0.2555,1,2,0,0
67,69591.34,-5000.0,316.0,0.4338,1,7,0,0
22,29770.79,4345.3,296.0,0.2829,2,2,1,0
46,98325.54,3206.06,332.0,0.2731,2,6,1,0
27,8000.0,11021.48,67.0,0.1169,1,1,0,0
68,8000.0,-4351.44,90.0,0.2484,0,3,1,0
41,88827.12,-3478.48,142.0,0.0822,1,6,1,0
56,56851.04,-5000.0,185.0,0.0717,2,7,1,0
68,53534.65,-1533.88,257.0,0.1231,2,2,0,0
48,55781.88,5043.34,249.0,0.1593,1,1,1,0
21,59280.18,-5000.0,33.0,0.1479,2,3,1,0
30,52494.19,-543.3,16.0,0.6496,2,2,1,0
30,20852.39,7886.32,,0.253,2,3,1,0
70,65454.77,2176.96,278.0,0.1858,0,2,1,0
69,61516.96,3601.64,21.0,0.6385,0,1,1,0
45,80710.78,-5000.0,409.0,0.4964,1,3,1,0
68,89106.03,2199.64,178.0,0.0609,2,7,1,0
32,53261.9,3229.48,,0.3952,2,1,0,0
56,14311.27,1690.16,218.0,0.2993,2,2,1,0
40,89313.07,4222.41,92.0,0.6074,2,1,1,0
31,19546.25,527.0,326.0,0.2098,1,1,1,0
32,53449.1,-648.3,174.0,0.135,2,3,1,0
41,38581.65,-5000.0,74.0,0.224,2,5,0,0
37,34234.37,10795.69,106.0,0.1365,1,2,0,0
30,64107.5,-5000.0,394.0,0.5758,1,3,0,0
37,51111.49,4263.58,249.0,0.0244,2,1,1,0
25,,17505.58,204.0,0.2645,0,2,1,0
73,24607.84,11811.48,375.0,0.2431,2,2,0,0
39,40648.13,7074.92,120.0,0.7206,2,5,0,0
24,25761.63,4997.94,72.0,0.1301,2,3,1,1
50,40023.21,1977.83,47.0,0.1799,2,5,1,0
68,42030.94,,48.0,0.1433,1,3,0,0
38,91107.6,969.35,444.0,0.7104,2,2,0,0
66,38515.29,,432.0,0.0656,2,1,1,0
52,8000.0,6117.72,193.0,0.2625,2,1,1,0
60,79877.29,,226.0,0.1738,0,7,0,0
34,56231.48,12757.37,183.0,0.1868,2,4,0,0
20,41724.74,1732.34,263.0,0.3335,2,5,1,0
37,34069.62,4534.81,86.0,0.5521,0,1,1,1
70,21326.86,-5000.0,316.0,0.3656,2,3,1,0
63,93451.2,21049.58,243.0,0.2775,1,1,0,0
62,46296.12,-310.79,438.0,0.3342,0,7,1,0
68,8000.0,8213.54,153.0,0.4276,2,2,0,0
39,53193.5,-316.22,365.0,0.1884,2,3,0,0
36,75154.29,-501.96,79.0,0.1463,0,1,0,1
70,48910.87,1103.98,44.0,0.4205,2,2,1,0
50,22460.16,-5000.0,361.0,0.4921,1,3,0,0
34,20223.14,-5000.0,426.0,0.2863,1,6,0,0
33,22067.03,12277.52,431.0,0.4236,1,5,1,0
68,83041.45,7365.62,28.0,0.4872,2,2,1,0
21,43208.4,-4326.84,169.0,0.1908,2,4,0,0
21,8000.0,6615.28,227.0,0.2198,2,7,1,0
60,54603.35,9591.47,137.0,0.2529,2,7,1,0
18,48525.92,-2544.16,143.0,0.3539,2,1,0,0
27,33777.61,6294.78,179.0,0.2479,2,4,1,0
74,19489.83,11054.43,11.0,0.5062,1,4,1,0
42,18402.63,-5000.0,443.0,0.1785,1,6,1,0
59,72165.85,7267.29,144.0,0.0565,1,5,1,0
45,51187.82,5915.1,280.0,0.049,2,5,1,0
23,56966.09,18043.61,379.0,0.3896,1,3,1,0
28,51118.97,7456.28,79.0,0.1404,2,1,1,0
61,53192.22,-287.05,98.0,0.2577,0,3,1,1
23,33290.13,638.49,303.0,0.254,1,7,1,0
51,39854.27,19187.15,477.0,0.3014,2,1,1,0
37,74122.8,161.2,192.0,0.4694,2,3,0,0
39,80364.75,7689.17,437.0,0.2591,2,5,1,0
72,14447.7,1092.96,8.0,0.0903,2,4,1,0
52,39793.53,11650.1,353.0,0.3151,2,1,1,0
53,65982.13,12045.36,465.0,0.3022,1,7,1,0
37,92051.99,2818.66,357.0,0.5113,1,5,0,0
39,89548.99,-254.09,55.0,0.0774,1,4,1,1
57,,-444.86,5.0,0.4474,0,6,0,0
20,76876.15,-5000.0,198.0,0.2075,0,2,0,1
31,46465.91,3804.47,268.0,0.0259,2,7,1,0
52,71110.42,3643.17,315.0,0.2319,2,3,0,0
53,64706.97,-3529.06,445.0,0.5581,1,1,1,0
23,13400.9,-5000.0,281.0,0.397,2,1,1,0
62,58749.35,4650.28,128.0,0.1725,2,6,1,0
48,70142.41,5660.98,2.0,0.3514,2,2,0,0
31,44496.12,6157.16,447.0,0.3199,2,6,0,0
60,38842.09,-4919.51,291.0,0.3136,1,5,0,0
74,8000.0,6174.18,325.0,0.3763,2,4,1,0
42,62090.44,1571.34,349.0,0.3889,1,7,1,0
34,50218.71,9915.9,384.0,0.1677,0,1,1,0
35,21945.4,-4798.57,407.0,0.216,2,5,0,0
51,36854.0,,417.0,0.5122,1,2,0,0
20,48862.58,15079.89,88.0,0.1271,2,6,1,0
45,31034.11,3928.63,142.0,0.563,1,7,1,0
19,45066.93,6229.39,17.0,0.1983,0,3,1,0
20,8000.0,9271.14,58.0,0.2232,2,1,0,0
42,78735.54,-5000.0,453.0,0.3144,2,5,1,0
60,45397.73,-890.12,203.0,0.4658,1,3,1,0
68,17516.16,4473.8,326.0,0.2223,2,1,1,0
22,8000.0,19215.16,271.0,0.5629,2,3,1,0
31,70728.37,-5000.0,218.0,0.244,1,3,0,0
42,58952.29,16101.8,77.0,0.2639,2,2,1,0
50,50267.14,1454.19,348.0,0.0621,2,1,0,0
74,66591.2,2724.5,360.0,0.5244,1,7,1,0
57,66522.46,12744.35,75.0,0.4961,1,6,1,0
48,49860.95,19171.6,154.0,0.393,2,5,1,0
21,38644.64,6382.77,460.0,0.2915,1,6,0,0
22,34571.46,12317.98,410.0,0.6291,2,4,0,0
26,,-4362.46,314.0,0.1078,2,5,0,0
55,79925.78,-1235.75,460.0,0.4495,0,4,1,0
36,42427.42,-5000.0,420.0,0.1784,0,2,0,0
31,81911.94,-1124.7,295.0,0.1287,0,1,0,0
56,54328.81,7521.88,267.0,0.28,1,1,0,0
64,54517.27,4697.16,311.0,0.6635,1,5,1,0
43,105127.74,16816.82,,0.2235,2,1,1,0
68,,19437.69,461.0,0.5451,2,5,0,0
59,86965.23,1907.96,157.0,0.2771,2,5,1,0
58,25059.66,-2437.48,144.0,0.1833,1,7,1,0
67,99804.56,12280.29,63.0,0.4978,2,3,0,0
28,42944.58,13113.79,4.0,0.2879,2,6,1,0
61,39312.72,6529.99,169.0,0.1616,1,7,0,1
72,8000.0,8644.49,119.0,0.1693,1,6,1,0
74,53157.27,7393.22,430.0,0.2595,2,6,1,0
50,17916.15,-4910.05,234.0,0.116,1,7,1,0
60,55206.35,-5000.0,335.0,0.1854,1,6,1,0
68,15960.87,2592.78,99.0,0.0894,1,3,0,0
66,89942.5,1392.68,218.0,0.1305,2,2,1,0
69,58789.35,5215.55,388.0,0.2533,2,1,0,0
65,101996.79,1950.2,112.0,0.6347,1,3,1,0
39,19424.4,-5000.0,188.0,0.0903,1,7,1,0
59,83729.48,-5000.0,287.0,0.3635,2,5,1,1
41,8000.0,8899.44,96.0,0.3795,2,2,1,0
63,50201.89,-2302.32,284.0,0.154,1,3,0,0
64,29209.42,1143.0,295.0,0.2837,2,6,1,0
71,33801.09,-1463.8,254.0,0.3832,2,4,0,0
51,32087.59,-4304.39,79.0,0.2371,2,5,1,1
45,22132.1,-4518.81,354.0,0.2273,2,5,0,0
27,,,402.0,0.1951,1,3,0,0
54,33939.33,1086.8,116.0,0.2429,1,3,1,0
50,47900.71,8078.11,52.0,0.0414,2,7,1,0
47,74092.36,9152.68,245.0,0.3588,2,3,1,0
56,52383.76,5532.51,83.0,0.1292,2,3,0,0
66,74163.51,9416.35,148.0,0.1798,1,5,0,0
26,8045.58,3114.47,315.0,0.0706,2,4,0,0
42,34175.76,13910.52,98.0,0.1614,1,4,1,1
59,62775.12,9587.33,175.0,0.7021,1,6,1,0
64,53579.77,10651.55,,0.3519,0,1,0,0
62,23470.62,-4508.14,343.0,0.1624,2,2,1,0
63,68351.72,5105.95,385.0,0.055,1,6,1,0
66,31718.17,-5000.0,418.0,0.164,2,2,0,0
72,25565.91,14208.18,54.0,0.6389,1,4,0,1
52,57173.69,-1986.61,369.0,0.2786,2,2,1,0
32,45154.23,-877.62,132.0,0.1619,2,7,0,0
50,31927.19,-5000.0,429.0,0.1848,2,5,1,0
58,31078.29,2709.83,255.0,0.4968,2,3,1,0
23,18255.08,853.98,,0.4976,1,1,0,0
61,35106.29,17581.58,192.0,0.5559,2,4,1,0
49,72500.24,9873.88,153.0,0.3362,2,1,1,0
71,51113.76,-1117.21,397.0,0.1356,2,5,1,0
30,68964.85,-5000.0,171.0,0.3219,0,6,0,0
69,57901.71,-5000.0,374.0,0.087,0,6,1,0
43,29693.84,-5000.0,24.0,0.4371,0,6,1,0
50,8000.0,-5000.0,325.0,0.203,0,7,1,0
55,21828.64,5788.91,435.0,0.3197,2,7,1,0
51,28219.1,1840.42,135.0,0.442,1,4,1,0
69,26285.43,3138.61,473.0,0.2569,1,1,1,0
27,69525.5,-4591.38,10.0,0.2234,2,4,1,0
59,69264.71,4216.26,60.0,0.3019,2,3,0,0
73,100296.99,-5000.0,150.0,0.1734,0,4,1,0
30,25906.97,2293.6,150.0,0.2586,1,1,0,1
32,84936.21,9641.98,288.0,0.4179,1,1,0,0
45,84781.68,76.54,416.0,0.3451,0,4,1,0
59,39193.41,6549.15,48.0,0.3266,0,6,0,0
72,56838.88,-5000.0,359.0,0.187,1,2,0,0
63,76018.33,-5000.0,395.0,0.7479,2,1,0,0
63,43526.88,5618.07,279.0,0.3894,1,7,0,0
43,41590.21,11376.15,473.0,0.7067,2,6,1,0
54,29316.56,,46.0,0.325,0,4,1,1
30,8000.0,20161.67,354.0,0.3784,2,6,1,0
44,46761.79,-5000.0,200.0,0.3448,2,5,1,1
28,27253.27,-2439.87,199.0,0.6061,0,7,0,0
19,18116.28,4120.73,288.0,0.076,0,2,1,0
66,55554.79,6715.0,382.0,0.5285,1,4,1,0
63,8717.19,-1671.22,231.0,0.2244,2,5,1,0
47,65152.0,-5000.0,130.0,0.1029,2,4,1,0
18,57089.98,7962.1,127.0,0.2391,0,6,0,0
23,34995.17,4065.93,457.0,0.4221,2,7,0,0
24,43417.24,243.03,198.0,0.4135,1,4,1,0
58,15244.47,6990.52,175.0,0.1646,2,3,0,0
29,63758.47,1909.22,271.0,0.1786,2,1,0,0
32,49684.11,1882.06,331.0,0.3454,2,2,1,0
67,51546.25,1587.38,17.0,0.3344,2,1,0,1
67,57547.26,-3568.46,9.0,0.2561,1,2,0,0
61,28939.61,-4381.95,275.0,0.5117,2,5,0,0
35,8000.0,-1205.62,302.0,0.3046,1,1,1,0
51,68932.96,3256.57,235.0,0.1741,2,6,0,0
29,62217.96,-5000.0,142.0,0.3703,2,2,0,0
66,31616.03,10557.96,375.0,0.3698,1,4,1,0
22,55227.75,3147.53,49.0,0.0869,2,5,1,0
60,76449.34,-5000.0,307.0,0.1755,2,3,1,0
47,73467.52,15932.76,208.0,0.3299,1,3,0,0
61,30886.03,3334.34,176.0,0.4255,2,4,1,0
43,8000.0,-5000.0,50.0,0.1778,1,5,1,0
27,12069.62,15573.77,321.0,0.0819,1,4,1,0
60,37206.85,13838.95,88.0,0.2429,1,1,0,0
53,81557.93,-4270.25,259.0,0.0563,1,4,0,0
44,26788.86,416.16,429.0,0.3052,1,3,1,0
39,30091.8,-660.7,356.0,0.2722,0,6,0,0
37,29577.22,-5000.0,30.0,0.2331,1,2,1,0
45,31706.73,5597.5,471.0,0.2788,0,2,0,0
32,44719.33,9761.16,299.0,0.3029,2,5,0,0
34,12998.75,8255.11,399.0,0.0696,1,5,0,0
33,72109.0,3262.03,28.0,0.241,1,6,1,1
18,,10537.27,439.0,0.3098,1,1,1,0
70,106978.36,-5000.0,344.0,0.2245,1,5,0,0
31,15660.73,17546.25,424.0,0.2187,1,1,0,1
27,84746.65,-3176.66,469.0,0.4847,0,1,1,0
26,79783.63,-2288.06,403.0,0.4889,2,1,1,0
74,34707.9,-1601.73,206.0,0.2048,2,6,1,0
45,35123.48,-2185.17,402.0,0.298,1,6,0,0
36,21967.55,1458.21,464.0,0.1898,1,5,0,0
41,22254.46,1148.44,435.0,0.4848,2,1,0,0
23,44984.85,4037.12,307.0,0.0841,1,7,0,0
35,45517.4,-3549.58,459.0,0.4433,0,2,1,0
32,8000.0,4332.83,285.0,0.2854,1,7,0,0
63,102337.63,-5000.0,213.0,0.0837,2,3,1,0
21,38512.08,8859.8,82.0,0.508,2,5,0,0
42,46640.31,8760.56,223.0,0.5588,2,1,0,0
63,29344.06,2953.7,457.0,0.3427,0,5,1,0
65,38324.76,-2197.58,57.0,0.1963,2,4,1,0
47,36053.05,5489.07,413.0,0.1416,1,5,0,0
30,44926.74,-4101.18,308.0,0.1863,1,6,0,0
37,44635.25,3276.32,63.0,0.2959,2,5,1,0
30,65121.66,1785.48,108.0,0.5968,2,5,1,0
55,50680.5,24039.27,13.0,0.1609,1,2,0,0
34,62607.08,-5000.0,355.0,0.2284,0,4,1,0
53,44754.73,-5000.0,172.0,0.3264,0,5,1,0
55,50781.31,,89.0,0.1234,2,6,1,0
71,38967.36,-5000.0,76.0,0.632,1,7,0,0
39,70077.79,-2813.56,242.0,0.2287,2,6,1,0
72,53065.56,-5000.0,161.0,0.0874,0,2,1,0
40,41048.13,-4236.01,434.0,0.2434,1,6,1,0
56,40302.25,-5000.0,460.0,0.1425,2,3,1,0
55,42269.02,10703.61,96.0,0.4449,1,4,1,0
64,45761.1,2611.76,413.0,0.1773,2,3,0,0
44,43590.97,11603.62,28.0,0.1331,2,4,1,0
63,31028.96,3323.85,211.0,0.3367,2,5,1,0
38,64122.51,10428.72,277.0,0.336,1,1,1,0
46,65701.9,582.84,132.0,0.1558,0,5,0,1
46,89596.42,15756.42,311.0,0.3266,2,3,1,0
58,29909.26,6767.75,277.0,0.1453,1,5,0,0
53,61660.97,-3238.57,448.0,0.3138,2,7,1,0
22,8000.0,7953.2,449.0,0.237,2,1,0,0
64,65726.08,3216.79,392.0,0.064,1,2,0,0
61,8585.45,1379.94,379.0,0.3143,1,7,1,0
23,20391.72,3768.17,162.0,0.0386,2,5,1,0
72,53305.63,9010.0,416.0,0.098,0,2,1,0
55,29462.52,-5000.0,173.0,0.1662,2,7,1,0
22,26041.16,192.48,365.0,0.034,2,3,1,0
46,32879.6,8461.37,233.0,0.3462,1,5,1,1
65,63240.65,4985.82,241.0,0.2181,2,5,1,0
33,21677.74,-5000.0,388.0,0.4137,1,5,1,0
71,43646.13,-5000.0,67.0,0.0701,2,5,1,0
41,35533.59,16607.41,408.0,0.647,1,5,1,0
30,65497.27,1503.34,392.0,0.3115,2,2,1,0
38,66198.04,15112.4,226.0,0.4211,2,5,1,1
47,8000.0,9359.7,312.0,0.1167,2,3,1,0
57,71127.74,-3348.91,127.0,0.3512,0,4,1,0
70,29731.1,-5000.0,370.0,0.1887,1,6,1,0
29,50907.3,-697.2,57.0,0.0466,0,1,1,1
72,21527.28,,352.0,0.2174,0,4,1,0
48,54278.37,6605.28,325.0,0.1372,2,5,1,0
25,108783.72,-5000.0,118.0,0.2338,2,7,0,0
70,48179.14,4424.05,391.0,0.1675,1,1,1,0
37,33503.81,4421.14,137.0,0.2362,2,4,1,0
53,39195.97,10887.63,260.0,0.1603,1,2,1,0
57,8274.25,545.54,411.0,0.2826,0,3,0,0
18,81224.08,6542.08,28.0,0.2598,2,2,1,0
30,52822.08,5307.5,195.0,0.1104,2,5,1,0
57,18777.55,10004.69,300.0,0.2027,0,2,1,0
36,19592.04,-3559.28,85.0,0.3861,2,5,0,0
18,45382.06,-5000.0,246.0,0.2998,2,4,0,0
19,68299.88,1105.1,308.0,0.2359,2,4,1,0
65,16225.25,1152.27,418.0,0.1163,2,7,0,0
26,72835.23,-5000.0,143.0,0.1704,2,3,1,0
23,42709.16,-5000.0,399.0,0.1517,1,7,1,0
50,21743.92,-1597.61,308.0,0.1771,1,3,0,0
24,33307.74,2080.98,244.0,0.3692,1,1,1,0
55,88713.85,3763.42,283.0,0.2336,0,1,0,0
49,10294.67,-5000.0,474.0,0.1107,1,5,1,0
54,26702.68,-5000.0,318.0,0.376,1,2,1,0
46,68814.59,12036.44,206.0,0.3616,1,5,1,0
62,,1483.13,476.0,0.513,2,1,0,0
54,25218.98,2980.53,332.0,0.1465,2,6,1,0
41,69119.83,-5000.0,133.0,0.0377,2,7,0,0
18,70307.39,2964.77,293.0,0.2112,1,4,1,0
33,53284.77,-5.37,468.0,0.2163,1,3,1,0
25,29690.09,-1948.26,335.0,0.196,1,7,1,0
18,33542.38,-5000.0,366.0,0.4964,1,7,0,0
33,52116.9,-3947.9,317.0,0.2083,1,2,0,0
29,12201.77,18776.14,410.0,0.3837,2,4,1,0
22,78194.62,204.24,39.0,0.1713,2,4,1,0
35,87505.23,9316.96,385.0,0.2267,1,1,1,0
46,39101.13,1428.82,432.0,0.0752,2,5,0,0
28,53902.61,503.07,11.0,0.0558,2,5,1,0
33,74645.05,-2088.02,378.0,0.1998,1,6,1,1
19,93889.02,13765.06,241.0,0.0599,1,5,1,0
20,83924.53,5984.58,185.0,0.3533,2,6,0,0
26,8000.0,-3316.87,50.0,0.3752,2,5,1,0
43,37111.16,-152.88,152.0,0.3172,0,6,1,0
55,57517.21,11607.26,323.0,0.541,2,7,1,0
62,32644.57,-5000.0,246.0,0.2657,1,3,1,0
53,89569.17,5484.02,28.0,0.083,2,6,1,1
53,85734.38,7300.81,146.0,0.4307,1,6,1,1
71,24601.75,-2997.97,15.0,0.3207,0,5,0,1
32,40940.0,4236.75,174.0,0.4743,0,5,1,0
63,26261.15,7018.48,435.0,0.2794,2,3,1,0
71,40121.79,-5000.0,363.0,0.5959,2,5,1,0
50,39364.19,9735.48,440.0,0.2424,2,6,1,0
65,68856.45,5378.72,79.0,0.3343,2,6,0,0
25,22788.38,1776.21,299.0,0.0897,2,4,1,0
68,8000.0,3839.43,144.0,0.2228,1,2,0,0
50,8000.0,8657.54,220.0,0.231,0,7,1,0
30,19292.46,21528.93,464.0,0.1449,2,7,1,0
21,28607.71,7879.57,397.0,0.2088,2,1,1,0
59,49679.36,9484.66,334.0,0.0533,1,3,1,0
42,,4548.21,462.0,0.4108,0,7,1,0
35,14722.49,18213.21,239.0,0.1175,1,5,1,0
40,21763.81,-5000.0,26.0,0.4537,0,2,1,1
74,17108.65,-5000.0,437.0,0.2969,2,4,1,0
42,31137.66,4224.26,,0.1497,2,4,1,1
22,30067.82,8281.14,127.0,0.4547,2,2,0,0
33,62226.42,-5000.0,434.0,0.2531,2,5,1,0
26,20261.77,2972.51,425.0,0.2281,0,1,0,0
57,36060.08,1556.08,47.0,0.1698,2,6,1,0
63,31374.43,8953.27,410.0,0.2216,0,6,1,0
65,65222.12,6429.88,342.0,0.0841,2,5,0,0
54,41143.02,-5000.0,51.0,0.4112,2,4,0,1
61,71267.42,-5000.0,265.0,0.1819,1,3,0,0
41,16190.75,-3454.32,127.0,0.4067,1,5,1,0
53,43765.83,8911.56,250.0,0.6914,1,4,1,0
24,30602.72,5997.17,88.0,0.4735,2,3,1,0
48,14348.85,-1965.8,46.0,0.3013,1,6,1,1
49,43312.22,4156.38,,0.4181,0,4,1,0
19,88323.19,-5000.0,349.0,0.1874,2,5,1,0
49,23677.28,,91.0,0.3578,1,3,1,0
59,41813.63,7594.86,288.0,0.102,1,4,0,0
38,12194.21,9289.42,236.0,0.5296,2,3,0,0
49,8519.31,14014.49,445.0,0.3038,2,1,1,0
34,25318.69,11129.95,271.0,0.2697,2,1,0,0
33,33750.42,3252.21,230.0,0.0985,2,3,0,0
25,34860.42,1520.28,3.0,0.2483,1,6,1,1
36,39349.37,13306.28,437.0,0.3579,1,4,0,0
63,8000.0,3212.28,317.0,0.1291,1,6,0,0
71,29351.34,-2992.14,88.0,0.0998,2,7,1,0
54,57543.96,18733.06,2.0,0.1596,1,2,1,0
53,11043.87,-4487.42,97.0,0.7175,2,3,0,1
52,36121.36,-5000.0,241.0,0.1021,1,4,0,0
45,52321.09,10942.21,455.0,0.21,1,1,1,0
42,25443.33,-2849.97,297.0,0.2646,0,3,0,0
53,53538.11,,47.0,0.0535,0,2,1,0
62,8000.0,17537.69,92.0,0.273,0,6,1,1
41,67211.24,-5000.0,113.0,0.1835,2,2,1,0
50,54145.02,2672.68,36.0,0.2902,2,5,0,0
44,46391.64,14867.27,67.0,0.4187,2,1,0,0
34,73120.45,8455.09,43.0,0.2503,2,7,1,1
34,36766.27,1561.43,340.0,0.2647,1,3,0,0
22,29553.6,22115.04,327.0,0.3923,1,7,0,0
43,79313.61,2237.46,374.0,0.2196,1,3,0,0
58,91019.15,6175.0,87.0,0.6174,1,1,1,0
57,27664.06,16194.84,432.0,0.3738,0,5,1,0
74,42156.42,10846.91,179.0,0.1478,1,4,0,0
20,71126.06,13573.76,70.0,0.3101,0,2,1,1
61,43046.37,-4196.32,75.0,0.1455,2,6,0,0
63,59864.71,12825.4,154.0,0.4107,2,1,1,0
42,64510.09,4356.74,42.0,0.2265,2,4,1,1
34,30942.39,-2966.23,152.0,0.4776,2,7,1,0
38,55481.87,4775.55,317.0,0.2245,2,1,1,0
56,44845.18,4521.97,467.0,0.1784,2,6,1,0
67,14578.29,17944.71,2.0,0.1593,2,3,1,0
54,20258.68,6050.37,279.0,0.3935,2,2,0,1
47,28689.58,-3246.44,112.0,0.3171,1,7,1,0
55,68213.0,-5000.0,161.0,0.2641,0,5,1,0
22,,2620.82,309.0,0.433,2,1,0,0
52,63747.82,-5000.0,143.0,0.3195,2,7,0,0
20,56002.77,-2722.85,210.0,0.5114,0,5,1,0
72,55320.66,1046.47,153.0,0.2732,0,1,0,1
68,51939.01,-375.08,173.0,0.0613,2,3,1,0
46,55189.93,8815.26,341.0,0.4827,0,7,1,0
39,56884.06,-2902.62,140.0,0.4486,0,1,1,1
59,9889.45,-5000.0,263.0,0.2018,2,5,0,0
54,25243.82,-5000.0,380.0,0.2626,2,5,0,0
58,19276.96,2857.45,299.0,0.0929,2,3,1,0
47,72678.63,-1694.43,364.0,0.2233,2,2,0,0
31,86352.5,-5000.0,225.0,0.1289,2,7,0,1
22,8000.0,18667.61,223.0,0.3079,1,3,0,0
34,84120.37,9630.0,12.0,0.1602,1,6,1,0
48,47168.03,2532.58,338.0,0.0582,2,1,1,0
42,70318.0,4866.38,329.0,0.3575,1,2,1,0
46,57661.68,878.87,245.0,0.3353,0,7,1,0
33,81009.88,-5000.0,347.0,0.2316,2,1,0,0
71,50243.56,11245.76,316.0,0.2188,2,1,1,0
38,10913.64,9810.64,86.0,0.0449,2,3,1,0
66,42358.13,-5000.0,107.0,0.2388,1,1,0,0
40,57891.4,4811.46,311.0,0.3366,2,5,1,0
43,39600.97,5694.66,47.0,0.4068,2,2,0,0
52,61443.29,426.15,421.0,0.18,2,4,1,0
32,43357.57,19778.12,167.0,0.1765,1,3,1,0
30,30112.27,18909.96,,0.1838,0,5,0,0
39,17850.54,-20.06,250.0,0.0814,0,7,0,1
63,35204.62,1217.45,320.0,0.1397,1,6,0,0
26,50114.29,277.84,170.0,0.3107,0,5,1,0
42,8000.0,-1890.66,336.0,0.1427,0,1,1,0
56,25498.09,-4366.08,83.0,0.1441,0,2,0,0
58,8000.0,7054.86,155.0,0.067,2,3,1,0
42,29573.13,18691.53,18.0,0.1779,1,1,1,1
22,74932.87,15400.66,74.0,0.4813,2,3,1,0
18,15347.09,9313.42,26.0,0.5375,1,3,0,0
44,62578.99,-5000.0,226.0,0.1434,2,2,1,0
64,116220.63,-5000.0,35.0,0.1216,2,4,0,0
19,,11513.31,111.0,0.124,2,7,1,0
68,48337.83,15954.99,232.0,0.3217,2,4,1,0
56,66460.86,7429.88,329.0,0.113,1,5,1,0
18,10757.93,555.36,11.0,0.1651,2,2,1,1
37,8000.0,13818.41,343.0,0.2411,1,2,1,0
30,45717.45,9028.75,249.0,0.2417,0,5,1,0
72,54965.26,12099.56,3.0,0.1216,2,3,1,0
49,72360.11,-5000.0,46.0,0.3113,0,1,0,0
36,30780.95,5746.72,458.0,0.112,1,2,1,0
33,49834.89,17196.57,215.0,0.0651,2,6,1,0
50,48977.79,7219.59,444.0,0.2187,2,7,0,0
18,41715.15,10585.96,247.0,0.5262,2,5,1,0
32,43188.13,3290.98,63.0,0.2973,1,7,1,0
27,23632.39,3848.6,349.0,0.2234,0,7,1,0
53,51992.69,14220.22,229.0,0.4134,2,3,1,0
56,49876.25,-2358.31,181.0,0.0779,0,4,1,0
44,33999.71,-3141.11,100.0,0.1752,1,6,1,0
25,,-825.71,213.0,0.0456,2,5,1,0
39,70695.79,3187.57,462.0,0.4439,2,6,1,0
66,61934.41,-5000.0,104.0,0.1057,0,5,0,0
29,18938.92,8848.47,271.0,0.2347,0,7,0,0
27,47491.14,1686.02,15.0,0.3233,2,3,0,0
24,22214.21,9829.51,336.0,0.3718,1,2,1,0
64,47413.87,-5000.0,427.0,0.3191,1,2,0,0
24,22311.58,9860.18,469.0,0.307,2,1,0,0
51,76929.08,13695.16,389.0,0.3187,1,6,0,0
74,64583.29,6508.38,323.0,0.5107,2,5,1,0
54,73824.73,3240.15,279.0,0.1892,2,2,0,0
41,71293.05,9921.63,417.0,0.0673,1,6,1,0
29,38235.01,13171.43,4.0,0.1349,2,3,0,0
18,34359.76,7183.41,115.0,0.4524,2,1,0,0
26,88543.1,7781.13,21.0,0.2466,2,1,1,0
72,40872.01,16255.53,110.0,0.21,1,5,1,0
26,11135.48,9089.26,107.0,0.2395,2,2,0,0
19,70186.67,-3402.07,211.0,0.0888,2,6,0,0
64,48594.39,13133.14,331.0,0.1147,2,6,1,0
41,82648.6,2010.23,423.0,0.1293,2,5,1,0
38,51074.24,3266.26,287.0,0.239,2,5,0,0
58,44499.96,3855.04,18.0,0.2121,2,5,0,1
47,83153.02,10750.94,47.0,0.1631,1,4,1,1
70,8000.0,16990.82,211.0,0.0795,1,5,1,0
44,30365.94,3195.37,294.0,0.0734,2,4,0,0
58,22815.93,16850.1,395.0,0.1414,2,5,1,0
68,8000.0,4316.71,179.0,0.0835,1,7,0,0
44,66829.41,14217.34,85.0,0.2505,2,6,1,0
34,31064.54,4587.46,67.0,0.3661,1,3,1,0
73,67634.2,-939.39,295.0,0.1654,1,5,1,0
30,54727.16,18376.79,479.0,0.2719,2,3,1,0
20,60178.56,-1703.08,33.0,0.2419,1,3,1,1
50,33615.01,,4.0,0.2541,2,7,1,1
74,25893.8,-5000.0,4.0,0.3613,2,3,1,0
22,47244.02,13138.14,262.0,0.268,2,1,1,0
66,67979.2,15027.58,153.0,0.0617,1,3,0,0
65,43740.45,5985.04,395.0,0.269,1,7,1,0
70,27451.59,-4870.99,386.0,0.4237,1,2,1,0
42,15024.55,2945.77,241.0,0.0809,2,3,0,0
32,50104.08,579.05,19.0,0.1875,1,6,0,0
47,31148.31,-5000.0,273.0,0.2392,1,1,0,0
26,43206.49,-911.13,175.0,0.1616,2,2,0,0
66,39030.53,7045.89,401.0,0.3337,2,5,1,0
55,33889.23,-1841.35,349.0,0.261,2,7,0,0
45,52345.09,5333.87,460.0,0.4121,1,2,1,0
47,58862.6,-5000.0,177.0,0.3495,0,3,1,1
58,94131.97,16433.45,155.0,0.5276,1,5,0,1
47,63949.19,-131.29,229.0,0.1711,2,2,0,0
65,84842.06,9961.99,396.0,0.2119,1,6,1,0
70,24534.99,4509.48,240.0,0.2371,2,7,1,0
72,8000.0,6219.98,161.0,0.3726,2,5,0,0
53,44639.24,-5000.0,,0.3546,1,2,1,0
60,66450.68,-3084.47,187.0,0.2562,1,5,0,0
35,62529.04,-2902.83,420.0,0.199,2,6,0,0
20,75284.54,3202.78,306.0,0.0796,1,2,0,0
40,8000.0,13609.24,30.0,0.1524,2,2,1,0
67,76324.42,6466.04,236.0,0.1736,2,7,0,0
25,53386.57,-4202.72,332.0,0.2949,0,6,1,0
49,8000.0,3698.67,439.0,0.2908,2,5,1,0
28,63088.22,2354.93,260.0,0.3768,1,4,1,0
42,49237.06,193.08,7.0,0.2347,2,1,1,0
26,54530.73,2876.67,170.0,0.296,1,3,0,1
59,69977.73,9109.7,464.0,0.4501,2,3,1,0
64,55756.88,-2759.41,236.0,0.4137,0,5,0,0
61,8179.37,232.87,184.0,0.4991,2,4,1,0
58,41424.34,10856.97,422.0,0.2921,1,3,1,0
31,8000.0,6751.7,200.0,0.4363,0,3,1,0
48,61226.55,13232.89,371.0,0.1622,1,3,0,0
23,79949.26,14486.8,9.0,0.4743,1,6,1,1
39,13963.7,-5000.0,,0.2823,1,4,1,0
46,28213.41,5306.38,11.0,0.1943,1,3,1,0
56,22940.77,-1063.65,84.0,0.363,1,5,1,0
23,33652.37,,261.0,0.4914,2,2,0,0
64,,-3313.55,296.0,0.3665,2,7,0,0
44,33923.27,593.85,56.0,0.6099,1,7,0,0
68,61313.25,643.83,239.0,0.0838,1,7,1,0
48,71634.49,-1855.11,195.0,0.4314,2,3,0,0
49,72543.98,2890.87,214.0,0.6574,0,7,0,1
57,17045.47,22573.17,,0.3789,2,6,1,0
64,79648.22,-5000.0,453.0,0.0663,2,7,1,0
26,81651.81,12097.42,35.0,0.0758,2,7,1,0
47,83817.0,2853.01,476.0,0.662,2,4,0,0
19,41054.63,-503.03,24.0,0.4595,0,3,1,1
45,26203.94,-5000.0,456.0,0.2608,1,4,1,0
64,20393.97,9102.11,295.0,0.4128,1,3,1,0
67,17455.5,-5000.0,354.0,0.37,2,5,0,0
34,45292.26,9623.15,116.0,0.2774,2,3,1,0
40,66196.3,16930.65,287.0,0.08,2,7,0,0
49,77663.96,-5000.0,284.0,0.1394,1,7,1,0
40,32861.07,12346.88,153.0,0.2182,0,7,0,0
28,44032.79,3203.51,241.0,0.513,2,6,1,0
35,42395.31,-5000.0,454.0,0.1171,1,4,1,0
41,29117.99,-5000.0,51.0,0.1695,2,7,1,0
47,63393.74,4425.81,218.0,0.3992,2,6,1,0
70,54071.21,6209.47,161.0,0.2338,1,6,1,1
49,48545.58,-5000.0,96.0,0.3556,1,7,1,0
40,53957.64,3253.64,229.0,0.3451,1,6,1,0
55,60386.28,9588.45,53.0,0.0638,2,4,1,0
62,60135.93,,58.0,0.3434,1,1,1,0
42,24037.75,-302.69,401.0,0.8643,2,7,0,0
45,67408.21,6507.75,153.0,0.0887,2,4,1,0
30,51384.15,11579.48,157.0,0.1707,2,5,1,0
67,34134.6,9819.65,317.0,0.4643,2,7,0,0
67,50855.74,10131.5,367.0,0.3207,1,5,0,1
27,53611.94,3908.05,415.0,0.4897,0,2,0,0
37,72044.59,2243.86,301.0,0.1005,0,7,1,0
33,18846.11,5176.91,127.0,0.5742,1,4,1,0
70,78124.61,-3110.15,136.0,0.3473,2,3,1,0
21,45579.16,11896.76,339.0,0.3892,0,6,1,0
29,32346.17,-5000.0,408.0,0.1518,0,2,0,0
35,31581.05,-1034.48,441.0,0.1901,2,2,0,0
49,19965.81,2710.06,405.0,0.3743,1,4,0,0
32,8000.0,6757.44,300.0,0.1198,1,7,1,0
48,61935.0,8260.23,82.0,0.1943,1,2,1,1
60,94522.16,14911.89,199.0,0.1811,1,6,1,0
65,8000.0,3622.02,58.0,0.1295,2,6,1,1
23,21239.3,-2743.89,210.0,0.3569,2,3,1,0
25,63789.58,1839.71,288.0,0.17,0,6,1,0
23,43859.08,444.82,323.0,0.3148,1,6,1,0
69,65860.48,7159.47,112.0,0.3356,2,5,1,0
55,42456.99,-5000.0,334.0,0.228,1,4,1,0
48,30484.31,1596.56,159.0,0.0051,2,3,1,0
63,39353.95,15981.3,333.0,0.6447,1,4,1,0
51,8000.0,4438.82,449.0,0.1872,2,3,1,0
31,16412.89,-5000.0,138.0,0.283,1,1,0,0
47,,281.72,84.0,0.3049,2,7,1,1
58,74797.5,-5000.0,464.0,0.0754,0,2,0,0
20,80154.15,2529.12,225.0,0.1251,1,4,1,0
52,56021.73,16181.45,111.0,0.4429,1,4,0,0
46,8000.0,-5000.0,141.0,0.3658,1,6,1,0
21,29124.84,-5000.0,224.0,0.0568,1,4,0,0
33,78116.39,,167.0,0.7249,2,3,1,0
43,85576.36,10370.53,434.0,0.2509,2,5,0,0
37,79066.19,16637.1,177.0,0.2013,2,4,1,0
34,39093.69,6585.7,226.0,0.0541,2,4,1,0
54,12335.6,-5000.0,124.0,0.0756,1,3,0,0
41,43984.21,2822.2,338.0,0.2578,2,7,1,0
46,45370.18,17315.4,366.0,0.0729,2,4,1,0
63,84139.12,512.79,270.0,0.4279,1,6,1,0
23,50694.78,4123.78,389.0,0.268,2,7,1,0
38,45417.03,4924.48,131.0,0.2278,0,6,1,1
22,46837.38,-5000.0,258.0,0.3217,2,7,1,0
70,54996.47,10983.57,350.0,0.112,2,3,0,0
28,60661.0,9830.09,,0.4307,1,3,1,0
64,26886.56,-5000.0,157.0,0.3473,2,6,1,0
28,18559.49,-5000.0,65.0,0.1004,2,1,1,0
36,79263.96,-4757.6,375.0,0.0975,0,6,1,0
52,8000.0,8986.79,243.0,0.2894,2,4,0,0
65,85943.69,-3008.9,26.0,0.0904,2,1,1,0
28,8000.0,6210.81,397.0,0.126,1,1,1,0
30,30386.47,1545.8,239.0,0.5952,1,7,1,0
68,69296.35,3569.37,298.0,0.2306,1,4,1,0
36,45008.55,6967.48,172.0,0.2617,1,7,1,0
29,12088.08,5178.67,472.0,0.3564,0,1,1,0
60,55660.7,2848.22,206.0,0.243,2,2,0,0
23,46675.11,5616.64,285.0,0.1775,1,4,1,0
67,39598.79,4735.78,257.0,0.4049,2,3,1,0
67,29401.94,1322.66,460.0,0.553,1,6,1,0
66,44134.85,-449.88,293.0,0.0675,2,3,1,0
34,30451.96,18043.54,47.0,0.4888,2,2,1,0
24,105863.32,-541.64,411.0,0.4511,2,6,0,0
42,38999.57,13935.96,20.0,0.1863,1,2,1,0
37,35656.08,-2481.03,252.0,0.4279,1,2,1,0
72,31459.1,9481.4,171.0,0.2928,0,1,0,0
54,89423.77,17270.07,231.0,0.1933,2,3,0,0
71,8000.0,299.95,403.0,0.2524,0,3,0,0
60,53985.81,,52.0,0.3835,0,1,1,1
58,39017.75,-433.84,24.0,0.1532,1,4,1,0
24,9415.0,2845.06,432.0,0.0946,2,5,1,0
21,24523.09,5574.97,121.0,0.5001,2,2,0,0
20,52923.85,2680.02,212.0,0.3229,2,1,1,0
51,23390.17,-359.88,472.0,0.3402,2,5,1,0
29,51489.1,18636.33,348.0,0.2562,2,5,1,0
74,88228.83,1396.49,307.0,0.5677,2,4,1,0
25,49265.02,-1960.81,3.0,0.4885,0,5,1,1
71,8662.19,9644.09,188.0,0.4932,0,2,0,0
56,23830.09,9771.49,249.0,0.7713,2,2,1,0
24,37864.86,14299.92,37.0,0.2336,1,1,1,1
21,,18422.91,310.0,0.1602,2,4,0,0
40,48800.35,5770.18,362.0,0.2623,2,5,1,0
37,52811.07,693.97,176.0,0.3128,2,6,1,0
35,88263.2,-5000.0,444.0,0.372,2,3,0,0
48,44907.01,-4502.81,448.0,0.1673,2,4,1,0
25,16195.14,4668.49,355.0,0.3125,0,4,1,0
25,73845.15,-5000.0,150.0,0.224,0,3,1,0
57,76575.61,-5000.0,55.0,0.4136,2,5,0,0
74,50811.08,3526.62,334.0,0.0974,1,4,1,0
33,38840.14,9214.07,255.0,0.07,2,6,1,0
71,60563.66,1028.18,344.0,0.3217,0,1,1,0
37,39723.0,10174.3,193.0,0.2636,2,3,1,0
37,8000.0,7932.66,73.0,0.0707,0,4,1,0
23,59086.86,12193.87,433.0,0.0472,1,5,1,0
42,67306.29,20387.51,462.0,0.2992,1,6,0,0
46,81027.18,23912.21,365.0,0.1827,2,5,1,0
55,26731.04,8853.37,11.0,0.1104,1,2,1,1
27,50654.13,-678.8,384.0,0.3765,1,2,0,0
28,51194.99,3494.69,478.0,0.1688,1,3,0,0
42,47134.56,15586.04,198.0,0.571,1,2,1,0
21,47871.4,-4145.8,241.0,0.4718,1,7,0,0
26,45928.4,14581.29,11.0,0.4016,2,7,1,0
53,50293.74,1640.61,288.0,0.4197,2,1,0,0
72,63517.03,4817.01,,0.3621,2,2,1,0
50,75507.19,-3461.5,96.0,0.4122,2,7,1,0
26,26091.69,-5000.0,303.0,0.1707,0,1,1,0
74,40692.47,769.31,125.0,0.5513,2,7,0,0
47,34434.8,13424.09,67.0,0.3387,1,2,1,0
58,30858.19,-2615.68,10.0,0.2037,1,2,0,1
29,8000.0,15900.17,363.0,0.1226,1,6,1,0
50,45605.56,-1582.99,101.0,0.3382,2,2,1,0
22,56983.01,-5000.0,71.0,0.4495,1,7,1,1
53,41122.51,5029.1,461.0,0.3449,0,6,1,0
29,44776.05,8432.58,355.0,0.3987,2,7,0,0
69,55460.92,4504.7,123.0,0.1489,2,2,0,0
21,80277.99,,342.0,0.4988,1,3,1,0
55,34505.89,15823.68,239.0,0.1191,2,3,0,0
25,15709.7,3759.32,3.0,0.4441,2,7,1,0
57,42739.0,-763.25,129.0,0.4704,1,2,1,1
46,92089.03,-5000.0,371.0,0.2454,2,7,1,0
73,15977.49,13189.09,345.0,0.2795,1,4,1,0
55,61253.39,-405.42,195.0,0.1754,2,4,1,0
39,73947.83,375.18,473.0,0.4182,1,6,0,0
22,8000.0,11415.04,243.0,0.1295,2,6,1,0
51,55255.56,19433.18,6.0,0.3121,2,6,1,0
43,60085.27,5010.66,463.0,0.2223,2,2,1,0
20,38316.62,1904.01,10.0,0.323,2,4,0,1
51,28839.04,2954.78,441.0,0.4894,2,4,0,0
29,30233.44,-644.31,36.0,0.437,1,7,1,1
31,36785.79,153.22,183.0,0.1518,2,1,1,0
18,37447.6,196.09,,0.1296,2,3,1,0
39,32730.57,10285.82,340.0,0.2133,2,7,0,0
30,36388.12,2294.64,147.0,0.6166,1,2,1,0
22,74769.8,13874.5,246.0,0.2725,1,3,0,0
42,14639.28,2069.78,,0.0362,0,5,0,0
30,8000.0,63.77,394.0,0.415,2,1,1,0
25,75169.63,13223.0,221.0,0.3923,0,3,0,0
44,40199.56,3172.4,153.0,0.225,2,4,1,0
21,35294.19,1988.53,10.0,0.1658,1,2,0,1
74,42219.57,3268.49,226.0,0.0101,2,2,0,0
44,50231.92,14733.2,348.0,0.2321,1,7,0,0
74,31898.72,5448.62,53.0,0.1312,1,5,0,1
68,57648.28,12995.87,244.0,0.0905,2,1,1,0
73,20943.44,1123.0,444.0,0.3717,2,6,1,0
48,37454.35,11715.23,416.0,0.4208,1,3,1,0
42,8000.0,4901.48,432.0,0.1367,2,3,0,0
59,74305.93,10060.61,430.0,0.3506,2,2,1,0
22,40597.81,10733.17,132.0,0.123,0,4,1,0
65,61752.6,-4532.96,76.0,0.5004,0,2,1,0
36,56914.36,3575.66,279.0,0.2478,2,1,1,0
18,58745.34,10657.58,343.0,0.4234,2,2,1,0
31,44805.61,11931.88,181.0,0.2841,2,5,1,0
31,54705.68,,111.0,0.1219,2,3,1,0
18,20967.89,3837.82,74.0,0.2836,2,4,1,0
56,15720.54,15321.68,244.0,0.1661,2,2,1,0
23,42472.35,-2257.65,21.0,0.2386,1,1,1,1
66,28005.59,-5000.0,328.0,0.3596,2,6,0,0
43,80636.6,779.11,394.0,0.08,2,7,0,0
58,54378.61,12566.74,397.0,0.2073,1,3,1,0
37,27087.97,-5000.0,138.0,0.2885,2,7,1,1
25,38211.49,-5000.0,47.0,0.1776,1,5,1,0
28,48325.16,-5000.0,247.0,0.4566,2,3,1,0
54,43299.93,8887.55,355.0,0.4818,2,3,0,0
58,51793.65,-5000.0,433.0,0.059,1,5,1,0
33,46716.36,7392.24,57.0,0.4458,1,5,0,0
38,10233.58,375.31,9.0,0.108,1,7,1,0
71,8000.0,-3164.79,67.0,0.3334,2,4,1,0
66,35659.77,-4989.78,262.0,0.5222,1,2,0,0
41,59012.32,4650.33,79.0,0.4716,2,1,1,0
31,35940.77,-3033.26,458.0,0.092,2,4,1,0
35,75914.1,2960.22,166.0,0.1135,2,3,1,0
48,43827.83,6211.25,388.0,0.4763,2,5,0,0
50,78929.9,7901.29,156.0,0.1158,1,7,0,0
28,73797.59,10474.56,105.0,0.2585,1,6,1,0
21,71282.17,4317.83,41.0,0.2598,2,2,1,0
46,14912.21,-5000.0,96.0,0.2994,2,7,0,1
63,45428.52,6725.82,360.0,0.2587,1,1,0,0
26,75569.34,8249.63,365.0,0.385,1,2,1,0
41,51808.62,1547.53,320.0,0.3418,1,4,0,0
27,58859.0,696.77,38.0,0.5088,1,7,1,0
31,10302.82,22801.42,153.0,0.1871,0,3,1,0
52,92969.75,-5000.0,287.0,0.2065,2,3,0,0
34,25215.64,6949.39,449.0,0.1707,1,2,0,0
33,8000.0,11368.25,112.0,0.2997,2,5,1,0
74,36221.86,269.88,89.0,0.0932,2,2,1,0
27,8000.0,1651.87,402.0,0.1804,0,2,1,0
28,17871.87,-211.73,224.0,0.6701,1,3,0,0
70,108962.8,3001.78,182.0,0.0417,1,5,1,0
49,35498.98,10195.94,184.0,0.4015,2,3,0,1
20,9305.32,1414.34,199.0,0.2605,2,4,1,0
42,45632.45,27884.74,232.0,0.1629,2,4,1,0
50,22554.91,,381.0,0.231,2,1,1,0
32,66612.98,14020.12,330.0,0.1387,1,5,1,0
49,22761.38,7351.4,42.0,0.4786,2,2,1,0
54,51768.34,3867.78,63.0,0.214,2,3,0,0
32,16323.52,14766.09,288.0,0.3884,0,3,0,0
64,109975.7,-5000.0,402.0,0.3681,2,3,0,0
43,57590.59,6401.43,462.0,0.0278,1,2,1,0
72,41362.36,-2731.04,429.0,0.1532,2,2,0,0
23,37676.04,-487.9,312.0,0.5594,2,1,0,0
36,31160.0,-864.02,114.0,0.0427,0,5,1,1
59,25977.16,-4710.59,39.0,0.148,2,3,1,0
69,25290.08,-5000.0,353.0,0.372,0,6,1,0
30,86958.22,6110.27,436.0,0.2853,1,5,1,0
73,31184.65,2473.04,194.0,0.2481,1,6,1,0
29,8000.0,595.27,61.0,0.3227,2,6,1,0
41,15850.81,9073.4,351.0,0.0212,1,3,1,0
35,68193.12,6615.48,177.0,0.0537,1,4,0,0
42,38691.9,865.31,306.0,0.1463,2,6,0,0
69,41647.96,27407.39,87.0,0.0593,1,2,0,0
59,74245.36,11143.91,171.0,0.3577,1,2,1,0
63,25570.84,22558.41,346.0,0.3652,2,6,1,0
32,60810.44,-319.64,411.0,0.4203,1,6,0,0
71,28302.92,4997.59,127.0,0.0668,1,4,1,0
42,59396.92,-5000.0,383.0,0.5814,1,6,0,0
55,35221.62,356.17,125.0,0.557,2,6,0,1
57,38961.27,-1671.67,353.0,0.4056,2,3,1,0
55,65503.34,26964.04,198.0,0.196,2,6,0,0
52,63700.62,-2539.82,336.0,0.1484,2,3,1,0
45,40864.3,1127.73,137.0,0.2506,0,1,0,0
54,33209.41,-5000.0,39.0,0.4138,1,4,1,0
69,84978.69,7269.79,376.0,0.052,1,2,1,0
40,59733.27,-4201.8,3.0,0.2107,1,6,1,0
47,35221.45,10348.37,252.0,0.5194,0,7,1,0
28,28672.89,-5000.0,28.0,0.2846,2,1,0,1
38,70622.44,2027.01,266.0,0.2758,1,6,0,0
62,47885.0,-5000.0,52.0,0.2322,1,6,0,0
54,40911.18,,77.0,0.2708,2,1,1,0
30,47874.38,,472.0,0.4791,1,3,0,0
49,53444.92,-1792.25,438.0,0.2012,2,4,1,0
64,43582.77,-1001.73,214.0,0.2717,2,7,0,0
25,75092.17,10769.35,167.0,0.1347,2,5,1,0
21,76483.46,20395.63,333.0,0.2287,1,6,0,0
40,58297.2,5714.46,181.0,0.418,1,4,1,1
55,79367.97,-3880.35,72.0,0.1602,0,1,1,0
35,45212.42,3512.62,116.0,0.1013,0,4,1,1
64,62258.28,165.85,296.0,0.3855,1,4,1,0
66,70111.41,10115.14,460.0,0.166,1,6,0,0
48,70475.96,5302.89,313.0,0.21,1,7,1,0
39,67899.98,-5000.0,291.0,0.0417,2,1,0,0
20,60779.73,11783.48,376.0,0.201,2,6,0,0
64,93928.2,10734.72,29.0,0.1159,1,7,1,0
69,31507.61,14960.23,298.0,0.3853,0,7,0,0
43,41119.48,-1131.53,92.0,0.6431,2,5,1,1
47,,5407.79,201.0,0.2047,2,6,0,0
60,35798.32,-5000.0,230.0,0.092,0,7,1,0
57,8000.0,2590.04,350.0,0.5659,1,3,1,0
25,79371.62,6175.88,90.0,0.3453,2,7,0,0
56,19348.99,-2088.45,458.0,0.6915,2,5,1,1
70,49245.37,5738.72,290.0,0.1562,2,5,1,0
60,9453.47,4344.0,167.0,0.3826,2,5,1,1
45,60517.89,-598.69,147.0,0.1085,0,1,0,1
47,25365.1,14179.77,48.0,0.1545,0,1,0,1
32,16600.95,1124.46,167.0,0.0628,1,1,1,0
55,49858.59,4062.79,56.0,0.3139,1,3,0,0
31,27481.64,-5000.0,377.0,0.3958,2,6,0,0
37,30646.02,7153.53,381.0,0.173,2,7,0,0
33,49294.74,-815.15,251.0,0.4007,1,5,0,0
37,64999.74,10657.69,462.0,0.2558,1,1,1,0
38,24539.99,-5000.0,54.0,0.042,1,4,1,0
22,20220.19,6445.58,421.0,0.1449,1,1,1,0
58,45587.09,-5000.0,178.0,0.1702,2,4,1,0
43,58481.31,7926.94,363.0,0.4052,1,7,0,0
72,81568.88,1601.58,430.0,0.1111,2,3,0,0
28,18216.76,6194.83,61.0,0.2169,0,1,0,1
56,37050.82,-1801.3,406.0,0.3739,1,1,0,0
28,74394.65,-4594.39,476.0,0.2836,2,2,1,0
49,94327.36,-476.02,364.0,0.4325,2,4,1,0
45,20172.73,4536.1,70.0,0.5072,1,5,0,0
43,26529.7,7612.57,404.0,0.1299,1,4,1,0
55,54527.5,5430.75,133.0,0.4306,2,7,1,0
65,30556.42,-4494.09,43.0,0.3104,1,2,1,1
36,26019.21,17701.44,308.0,0.5643,0,1,1,0
66,51111.77,5662.51,58.0,0.1214,0,3,1,1
28,83735.5,-1978.92,273.0,0.2521,2,5,1,0
34,12262.94,6393.76,8.0,0.1841,2,3,0,1
35,82458.35,5047.9,355.0,0.1237,0,4,1,0
72,30630.77,1597.33,60.0,0.2966,1,1,1,0
24,53644.8,657.69,321.0,0.1612,2,7,1,0
40,84771.27,10878.97,395.0,0.1616,2,2,0,0
42,53133.09,16822.78,46.0,0.3274,1,5,1,0
63,37562.72,-5000.0,18.0,0.5106,2,7,1,0
45,62954.39,12844.28,421.0,0.4843,2,3,1,0
73,40670.84,3159.44,,0.1842,1,1,0,0
60,58033.78,4893.52,242.0,0.164,1,1,1,0
58,39882.98,13813.14,118.0,0.2958,2,2,0,0
60,66528.82,-5000.0,228.0,0.3345,1,6,1,0
27,10144.21,9518.32,399.0,0.1695,1,6,1,0
43,19661.96,13259.98,405.0,0.2686,2,7,1,0
51,9776.79,-2508.93,385.0,0.4727,0,3,1,0
29,43589.26,-5000.0,138.0,0.2814,1,5,0,0
24,8000.0,16119.43,367.0,0.2325,1,1,1,0
25,27704.21,-5000.0,215.0,0.6257,2,4,0,0
62,17312.28,6349.2,181.0,0.3786,2,6,1,0
55,81991.91,11184.87,156.0,0.3378,2,4,1,0
34,20232.99,6172.79,444.0,0.1037,2,7,1,0
60,12836.36,7517.06,83.0,0.2264,2,6,0,0
57,51208.46,879.84,430.0,0.4837,0,1,1,0
64,87170.53,6701.77,437.0,0.0098,2,6,0,0
69,42098.32,-2667.75,312.0,0.3138,1,2,1,0
68,44032.02,-1631.56,12.0,0.3782,1,1,1,1
28,77268.94,3284.37,294.0,0.335,1,7,1,0
61,66955.73,-5000.0,55.0,0.2188,2,7,0,0
40,55635.37,7616.32,161.0,0.3301,2,5,1,0
40,30441.48,-5000.0,36.0,0.4444,2,4,1,1
54,56398.95,5902.52,353.0,0.1474,1,2,1,0
52,10980.4,6654.98,232.0,0.3585,2,4,0,0
41,29408.11,-3356.16,450.0,0.4634,2,5,1,0
74,80786.57,-5000.0,328.0,0.3397,2,6,0,0
27,,-265.36,151.0,0.3446,2,6,1,0
23,55937.12,8117.42,372.0,0.1437,2,7,0,0
19,8000.0,5765.59,137.0,0.6529,1,2,1,1
64,14794.46,,129.0,0.2365,2,1,1,0
41,28013.19,3845.45,126.0,0.0623,1,3,0,0
42,40707.52,5095.65,341.0,0.4789,1,3,0,0
55,13739.72,4756.56,471.0,0.0497,2,6,0,0
42,38842.16,,409.0,0.1636,1,5,1,0
50,89182.38,4245.62,259.0,0.6049,0,2,1,0
21,55020.9,10341.96,5.0,0.1806,1,7,0,1
26,50470.67,7295.69,464.0,0.281,2,5,1,0
71,19561.11,6291.84,184.0,0.2853,2,2,0,0
43,8000.0,16141.46,296.0,0.4197,2,6,1,0
27,14295.09,4342.33,203.0,0.2452,2,5,1,0
39,8000.0,-3735.27,140.0,0.2573,1,1,1,0
37,46875.88,-3709.93,145.0,0.0796,2,5,0,0
33,54597.15,4408.22,281.0,0.6038,1,6,1,0
34,20867.75,-5000.0,206.0,0.5406,1,5,0,0
59,48697.98,512.14,74.0,0.1563,1,5,1,0
24,,6713.39,181.0,0.1106,1,3,1,0
35,93942.43,12369.16,215.0,0.3721,0,6,1,0
44,64260.26,-5000.0,,0.4447,1,6,1,0
48,40628.99,3792.62,212.0,0.3826,1,4,1,0
68,63452.61,2454.11,93.0,0.3758,2,1,1,0
70,78795.25,3300.05,276.0,0.1627,2,5,1,0
34,8000.0,4132.52,401.0,0.1904,1,4,1,0
48,82051.73,2746.66,,0.2414,2,4,1,0
19,31385.33,14137.67,304.0,0.3058,2,6,1,0
53,31625.93,,218.0,0.1216,1,6,1,0
26,36126.8,20146.31,142.0,0.141,1,1,1,0
22,53002.1,2915.42,420.0,0.372,0,6,1,0
56,17218.64,-285.52,462.0,0.2133,2,1,1,0
28,37879.65,-4742.1,86.0,0.3761,2,5,0,0
45,,,298.0,0.4171,1,6,1,0
23,50464.28,8716.57,442.0,0.2851,2,2,0,0
60,54520.36,9948.2,257.0,0.1561,2,1,1,0
61,36900.78,8404.12,258.0,0.3033,1,7,0,0
50,62342.75,-2315.74,460.0,0.2489,2,2,1,0
65,71410.4,-2272.6,301.0,0.1453,1,7,1,0
42,69910.98,18651.71,407.0,0.4771,2,1,1,0
28,55690.26,-3655.94,50.0,0.3735,2,3,0,0
26,68472.32,14332.2,283.0,0.3322,2,5,1,0
30,66776.51,6236.61,69.0,0.2693,2,5,1,0
29,111912.7,-2860.79,97.0,0.2589,2,3,0,0
36,75451.68,-5000.0,351.0,0.4363,1,3,1,0
30,42781.4,-2511.36,417.0,0.06,1,5,1,0
51,22208.02,6341.05,432.0,0.3168,1,3,1,0
26,38471.49,-4277.02,367.0,0.3383,0,6,0,0
53,36705.38,15435.28,249.0,0.4446,1,1,0,0
37,57785.56,1337.12,208.0,0.0946,1,7,0,0
57,27493.59,8603.57,80.0,0.0196,2,3,1,0
47,74804.43,7957.69,377.0,0.594,2,4,1,0
69,10260.92,15975.21,382.0,0.2739,1,2,1,0
43,8000.0,-503.76,61.0,0.375,0,4,1,0
34,41622.1,3848.66,440.0,0.1731,2,2,1,0
51,23936.02,-5000.0,157.0,0.3823,2,1,0,0
55,13544.15,3825.19,321.0,0.1726,2,6,1,0
43,29073.25,12120.09,61.0,0.3149,0,1,1,1
49,25962.85,4755.77,87.0,0.4473,2,7,0,1
44,45253.36,21501.36,290.0,0.2606,0,5,1,0
35,29488.23,7157.68,197.0,0.1711,2,4,1,0
35,31521.64,-1323.3,13.0,0.4614,2,1,1,0
69,44878.36,6646.12,451.0,0.2538,2,7,1,0
56,70356.04,-5000.0,425.0,0.3437,2,7,1,0
23,81768.64,-3391.85,91.0,0.0066,2,6,0,0
72,48694.19,-5000.0,311.0,0.4117,2,4,1,0
58,50638.58,3128.89,81.0,0.2377,2,2,1,0
20,40420.32,2515.81,344.0,0.1234,1,6,1,0
59,57031.22,12640.88,336.0,0.1526,1,5,1,0
51,54755.48,2207.45,357.0,0.1563,1,5,1,0
70,78146.19,-5000.0,260.0,0.1106,1,6,1,0
45,8000.0,15474.54,11.0,0.1941,1,3,1,1
47,39137.56,-5000.0,98.0,0.11,1,2,0,0
35,53479.75,3307.72,475.0,0.0564,2,3,1,0
36,44342.9,4740.86,295.0,0.2588,2,5,1,0
53,21520.67,2917.7,164.0,0.1044,1,6,1,0
65,12515.83,7000.74,449.0,0.3728,1,5,1,0
68,65158.06,3885.52,206.0,0.116,1,1,0,0
61,26076.85,6997.28,410.0,0.2752,0,6,0,0
52,8000.0,-1817.75,386.0,0.2376,0,7,1,0
46,66414.32,,3.0,0.5549,2,2,0,0
37,56474.57,2629.17,446.0,0.295,2,6,1,0
61,42103.15,-5000.0,420.0,0.2122,1,6,0,0
36,22136.21,-2828.2,476.0,0.5798,2,5,0,0
33,42163.96,12291.85,300.0,0.2119,0,1,1,0
67,75389.69,15463.98,335.0,0.337,0,5,1,0
51,8000.0,12141.65,128.0,0.0167,2,3,0,0
38,8000.0,10659.05,72.0,0.0999,1,7,1,0
67,29305.87,3479.61,44.0,0.0583,1,1,1,0
72,44333.91,11123.55,84.0,0.3498,1,1,1,0
36,32592.7,5844.95,466.0,0.2848,1,6,1,0
47,61070.41,18579.92,132.0,0.5612,0,3,1,0
45,72220.85,-4344.81,13.0,0.1106,0,3,1,0
57,51969.22,8380.87,329.0,0.2854,1,6,0,0
72,59010.81,-5000.0,,0.073,2,3,1,1
49,51802.49,8426.79,245.0,0.0252,2,3,1,0
63,45237.7,-5000.0,322.0,0.1474,2,3,1,0
51,12661.03,-5000.0,275.0,0.2805,0,6,1,0
68,19300.21,-5000.0,363.0,0.196,2,1,1,0
41,11227.04,5017.06,8.0,0.3662,2,4,1,0
39,41287.38,5836.2,127.0,0.5802,0,2,0,0
42,50806.95,22603.83,194.0,0.3718,2,1,1,0
74,8768.44,2269.68,353.0,0.2906,2,6,1,0
52,,9180.32,260.0,0.0734,2,6,0,0
26,23119.59,4286.96,367.0,0.0944,0,7,1,0
20,18270.02,8511.18,355.0,0.3046,0,5,1,0
47,29366.26,4149.31,385.0,0.1078,2,7,1,0
63,16988.09,11796.93,291.0,0.3125,2,3,0,0
45,60166.48,-5000.0,361.0,0.1972,1,2,1,0
49,40799.89,-5000.0,326.0,0.4539,2,7,1,0
63,65380.35,6339.22,15.0,0.1933,2,3,0,0
47,33912.59,-5000.0,134.0,0.581,1,3,1,0
69,34857.85,13493.91,428.0,0.0916,2,1,1,0
54,91834.57,-1384.95,43.0,0.1563,0,3,1,1
59,8000.0,-5000.0,270.0,0.2036,2,3,0,0
62,77112.03,24604.16,,0.1527,2,4,1,0
53,86363.1,2852.4,206.0,0.2772,1,2,1,0
20,64145.44,1319.15,86.0,0.5547,1,1,0,0
42,36738.24,8983.8,11.0,0.0967,2,5,0,0
26,80672.55,9523.71,316.0,0.24,1,6,1,0
47,36955.97,12113.01,283.0,0.3085,2,6,1,0
26,27355.36,-5000.0,331.0,0.3351,2,7,0,0
47,35293.29,7288.85,78.0,0.3618,2,4,1,0
37,30745.16,654.51,224.0,0.4935,1,3,1,0
19,21334.42,-4368.23,262.0,0.0549,2,4,1,0
25,72750.2,3384.9,402.0,0.0458,2,5,0,0
46,25663.79,-5000.0,90.0,0.6918,0,5,1,0
22,44258.83,10383.45,333.0,0.3378,1,6,0,0
66,8905.7,674.59,330.0,0.1606,2,4,1,0
61,45770.27,,285.0,0.0548,2,2,0,0
58,16101.85,1898.57,42.0,0.485,2,7,1,0
27,15487.85,1659.87,56.0,0.3724,0,2,1,0
63,42267.8,12125.45,288.0,0.234,2,1,0,0
54,71424.31,-5000.0,298.0,0.4146,2,7,1,0
40,56010.34,-57.65,309.0,0.374,2,5,1,0
18,,1267.55,,0.5938,2,2,0,0
48,41752.07,-5000.0,189.0,0.0971,2,2,1,0
63,36608.99,4274.51,142.0,0.3343,2,3,1,0
19,64778.52,-2790.99,440.0,0.4188,1,4,0,0
20,30920.57,-5000.0,332.0,0.2478,2,2,0,0
39,65860.85,7209.82,252.0,0.3155,2,3,0,0
47,75898.67,15378.2,267.0,0.4341,2,6,0,0
45,23965.33,3387.37,360.0,0.7617,1,5,1,0
42,27638.86,2173.72,148.0,0.2943,2,3,0,0
32,31357.61,2004.2,213.0,0.331,2,5,0,1
21,8325.93,-1127.61,20.0,0.3036,0,4,0,1
19,33264.93,12360.78,380.0,0.6962,2,6,1,0
23,77536.24,3752.4,240.0,0.4726,2,7,1,0
57,18860.61,-5000.0,430.0,0.2609,1,2,1,0
62,78129.9,12591.63,142.0,0.1338,2,7,1,1
42,34163.89,10630.68,198.0,0.3669,2,7,0,0
22,97850.89,7812.81,26.0,0.1952,1,5,1,1
41,,-5000.0,464.0,0.1775,2,6,1,0
74,41400.45,2976.41,164.0,0.2901,2,5,1,0
32,22245.42,10147.42,73.0,0.4513,1,5,0,0
45,27807.48,6036.0,293.0,0.0255,2,1,1,0
48,78454.48,4641.21,406.0,0.1769,2,3,1,0
36,56863.42,10164.1,53.0,0.2743,2,7,1,0
42,70720.44,4114.47,252.0,0.1232,1,4,0,0
44,12110.27,12629.0,227.0,0.3316,0,4,0,0
45,61370.71,4294.05,66.0,0.1192,2,1,1,0
58,20713.92,3657.47,132.0,0.3632,1,4,1,0
51,11567.04,10139.31,300.0,0.3921,1,1,0,0
21,50969.15,-188.7,474.0,0.5843,1,3,1,0
18,50713.46,-5000.0,63.0,0.2017,1,3,1,0
41,46333.64,3030.41,302.0,0.1378,1,4,1,0
69,62938.96,,425.0,0.1899,2,7,1,0
20,66839.16,10402.9,362.0,0.5613,1,7,0,0
22,81743.23,10447.2,391.0,0.3692,2,2,0,0
56,15241.43,2450.81,439.0,0.3587,0,6,1,0
43,82550.41,1629.04,314.0,0.0408,2,7,1,0
31,92057.79,-1736.93,18.0,0.397,0,5,1,0
29,35844.25,4999.01,111.0,0.4375,2,7,0,1
55,8000.0,-5000.0,198.0,0.2687,0,4,0,0
47,10412.53,3182.07,462.0,0.6152,2,6,0,0
54,33453.72,25797.45,100.0,0.2925,0,6,1,1
33,95353.54,-5000.0,409.0,0.2672,0,6,1,0
48,45427.0,4254.68,304.0,0.2203,1,4,1,0
67,29570.4,6022.69,343.0,0.3114,2,4,0,0
36,27864.94,7051.72,50.0,0.2731,0,1,1,1
40,11931.94,-4733.14,175.0,0.2313,1,2,0,0
27,66864.4,7124.69,222.0,0.5559,2,5,1,0
54,42698.28,-1276.05,232.0,0.4979,2,2,0,0
19,97495.74,-5000.0,421.0,0.55,1,1,1,0
32,60705.23,10615.66,162.0,0.2998,0,6,0,0
58,65748.41,8316.92,416.0,0.0658,0,3,0,0
19,38947.38,-4732.5,407.0,0.5665,2,6,1,0
74,,-1350.38,308.0,0.0894,2,5,1,0
41,23160.48,-1640.1,148.0,0.4225,0,7,0,0
40,10768.83,-5000.0,47.0,0.1206,1,5,0,1
48,67759.87,9099.44,114.0,0.535,2,3,1,0
54,35377.12,9399.35,291.0,0.2934,2,4,1,0
44,68812.51,339.12,102.0,0.2332,2,2,1,0
68,48397.86,2775.0,432.0,0.1104,2,1,1,0
72,37679.54,3917.58,192.0,0.3051,2,4,0,0
29,15759.93,4955.13,135.0,0.2953,0,3,1,0
58,52540.82,-5000.0,299.0,0.1349,1,3,0,0
35,39534.17,6907.56,74.0,0.3695,0,4,1,1
74,67554.6,-5000.0,399.0,0.3159,1,2,0,0
32,27114.73,8451.0,263.0,0.4069,1,7,1,0
34,60402.69,-5000.0,443.0,0.2662,0,4,1,0
58,86021.21,-5000.0,410.0,0.3146,1,7,0,0
62,51813.9,2775.69,38.0,0.3455,1,7,1,0
25,64632.29,2595.96,431.0,0.0991,2,5,0,0
49,59297.26,3829.97,22.0,0.3264,0,1,1,1
37,92452.29,-4141.89,380.0,0.3841,1,2,0,0
52,54289.01,4622.54,174.0,0.4659,2,3,1,0
49,62498.97,5375.93,165.0,0.2233,2,1,0,0
74,44093.1,12325.71,388.0,0.388,1,1,0,0
71,25640.29,4480.26,131.0,0.5703,2,2,1,0
55,14795.61,-1795.14,435.0,0.0839,1,2,1,0
56,76673.1,-5000.0,19.0,0.2586,0,4,1,0
69,19791.02,-5000.0,80.0,0.2575,2,5,1,0
28,63646.61,5583.83,171.0,0.1399,0,1,0,0
59,55400.42,9345.59,137.0,0.2767,0,3,0,0
62,67944.63,-4121.76,417.0,0.3923,2,2,0,0
25,32132.2,5042.11,432.0,0.1778,2,2,1,0
68,25231.75,1606.25,202.0,0.39,1,7,1,0
57,54459.3,8746.14,276.0,0.3976,1,7,1,0
37,37691.46,9928.62,162.0,0.5086,0,7,0,0
45,14224.29,-5000.0,195.0,0.2562,2,3,1,0
45,93463.14,11257.08,161.0,0.6321,2,3,1,0
70,25214.8,5017.58,116.0,0.0912,2,2,0,0
73,20159.18,-1250.85,333.0,0.2893,0,7,0,0
63,38946.61,-1027.7,54.0,0.1819,0,2,1,1
55,76321.46,3253.98,139.0,0.4585,1,2,1,0
23,8000.0,-1029.99,52.0,0.029,2,1,1,0
70,74247.09,-4496.03,216.0,0.4788,1,3,1,0
25,22213.16,-2662.38,323.0,0.1963,2,5,1,0
27,51613.13,-5000.0,248.0,0.1725,2,4,1,0
21,28099.83,13772.55,345.0,0.6013,2,6,1,0
72,94797.92,3447.24,275.0,0.5239,0,7,1,0
46,48115.5,21022.74,175.0,0.1403,2,5,1,0
31,27297.71,5968.61,437.0,0.3644,2,2,1,0
22,37472.72,7711.27,290.0,0.1439,1,6,0,1
41,47240.93,-5000.0,18.0,0.2609,2,1,0,0
59,49441.92,1254.33,74.0,0.2824,1,6,0,1
74,55969.06,3581.53,322.0,0.2328,0,1,0,0
49,44964.88,-2097.99,10.0,0.1726,1,3,1,1
52,10570.94,-718.41,82.0,0.5956,2,1,1,0
65,36493.31,6361.18,47.0,0.2871,0,3,0,0
69,60166.46,6518.08,388.0,0.2929,1,2,1,0
33,28252.93,-5000.0,50.0,0.2627,0,3,1,1
74,61819.53,5269.93,,0.1408,2,4,1,0
47,45792.95,7424.12,472.0,0.2807,2,1,1,0
71,39556.5,-1722.21,57.0,0.1097,1,1,1,0
24,74853.6,-2535.31,113.0,0.4318,1,7,1,1
23,8000.0,6531.75,390.0,0.1852,2,1,1,0
68,28116.98,-5000.0,64.0,0.5751,2,7,1,1
56,75810.72,3016.68,110.0,0.2717,2,3,0,0
27,90751.23,16075.42,381.0,0.2164,2,7,1,0
69,102149.81,-5000.0,0.0,0.1262,2,7,1,0
23,46258.89,9583.0,175.0,0.3265,0,5,1,0
56,56447.43,7355.38,123.0,0.498,2,5,1,0
29,65435.7,-5000.0,99.0,0.2365,2,7,1,0
22,76876.88,7163.91,188.0,0.7598,2,4,1,0
63,52827.3,11011.36,105.0,0.1365,2,2,0,0
66,68153.72,-5000.0,371.0,0.0544,0,2,1,0
24,56494.35,-2657.79,66.0,0.0869,2,5,1,0
23,58055.6,3208.86,191.0,0.5585,1,5,1,1
53,22040.77,10821.36,,0.677,0,4,1,1
19,36769.66,-1328.95,50.0,0.2602,2,5,1,1
60,31930.77,2663.27,326.0,0.5255,0,3,1,0
70,15277.61,-2319.15,216.0,0.3074,1,4,1,0
60,8000.0,3196.46,211.0,0.6224,1,4,1,0
31,34409.31,11373.43,130.0,0.6019,2,1,1,0
28,38402.94,3847.17,71.0,0.3121,2,4,1,0
56,47625.93,140.33,421.0,0.1401,2,1,1,0
21,58893.45,2737.95,380.0,0.6917,0,6,1,0
48,49703.06,-3405.0,221.0,0.3261,2,4,1,0
43,38577.22,-4955.14,9.0,0.4472,1,5,1,1
60,22121.84,12627.34,431.0,0.0434,1,2,1,0
29,66926.73,16101.68,206.0,0.1585,2,6,0,0
61,42454.44,-5000.0,90.0,0.1281,0,7,0,1
57,34155.26,7657.04,61.0,0.0281,2,6,1,0
31,40338.64,9871.47,478.0,0.1687,2,5,1,0
38,26681.39,-5000.0,13.0,0.092,1,5,0,1
21,31733.15,-774.04,178.0,0.2392,2,2,1,0
43,30938.54,-1616.37,264.0,0.5971,2,2,1,0
32,37816.56,18207.57,140.0,0.1011,1,2,0,0
24,61393.87,16219.6,74.0,0.1807,2,1,1,0
49,55177.8,-4369.41,309.0,0.1216,0,3,0,0
50,83668.44,-5000.0,,0.148,2,6,1,0
22,75293.23,,467.0,0.0522,2,7,1,0
28,93910.54,7351.58,229.0,0.288,2,2,1,0
22,58978.96,12951.95,353.0,0.3363,1,4,0,0
56,58577.63,-5000.0,404.0,0.4983,2,4,0,0
37,32814.61,8788.33,379.0,0.1139,2,6,1,0
22,65650.37,-2854.07,233.0,0.3407,2,2,1,0
28,28597.08,7985.31,36.0,0.0739,1,2,1,0
73,8238.61,2703.05,38.0,0.2836,1,2,1,0
32,83158.08,18204.94,170.0,0.154,2,2,1,0
57,13770.46,6579.15,146.0,0.0892,2,1,1,0
44,55971.29,488.05,425.0,0.0858,2,1,1,0
28,22991.72,4103.47,214.0,0.0673,2,4,1,0
35,73166.69,2195.85,478.0,0.5821,2,1,1,0
18,76573.75,-5000.0,134.0,0.3469,2,5,0,0
60,58229.45,18399.14,464.0,0.0337,1,6,0,0
37,76159.12,15789.76,162.0,0.2531,2,6,0,0
46,45183.43,1589.57,479.0,0.2174,1,1,0,0
26,100854.37,8599.05,240.0,0.215,2,7,1,0
64,63654.13,19411.43,9.0,0.4626,2,6,0,0
30,22486.21,12895.17,452.0,0.3089,2,5,1,0
50,46740.17,540.87,98.0,0.1032,2,2,1,1
67,41187.45,2296.34,386.0,0.2048,2,3,0,0
58,38739.4,-5000.0,393.0,0.1327,2,6,1,0
52,8000.0,9198.17,98.0,0.6138,0,4,0,0
68,54671.61,12942.76,273.0,0.1385,2,6,0,0
28,10356.18,12997.65,376.0,0.2939,2,5,1,0
72,8000.0,8608.32,454.0,0.7884,2,1,1,1
49,36399.66,5818.77,189.0,0.1737,1,2,1,0
41,26102.66,-4982.5,196.0,0.2639,1,7,0,0
32,23461.57,5557.68,391.0,0.253,1,5,1,0
60,8000.0,-2053.3,235.0,0.1583,1,4,1,0
73,23728.93,7201.44,296.0,0.3862,2,4,1,0
57,40658.95,-3110.93,55.0,0.2177,2,4,1,0
19,29146.15,7150.53,325.0,0.6784,2,4,1,0
44,54683.59,13584.99,160.0,0.2832,1,7,1,0
59,79816.52,6017.21,173.0,0.143,2,5,0,0
40,57909.19,5627.67,432.0,0.2948,2,4,1,0
62,70659.86,10304.22,342.0,0.0716,2,7,1,0
58,72728.17,17162.68,267.0,0.4991,2,1,1,0
21,19528.48,2141.73,271.0,0.1876,2,6,1,0
49,55977.87,7168.18,410.0,0.247,1,2,0,0
27,69878.93,15089.86,296.0,0.4207,1,1,1,0
45,34100.99,8354.31,100.0,0.3186,2,7,0,0
39,25234.33,-5000.0,262.0,0.272,1,6,1,0
63,58260.16,-2724.95,300.0,0.2669,1,4,1,0
67,8000.0,9008.34,26.0,0.123,1,1,1,0
44,17799.89,-201.38,63.0,0.6434,2,2,0,0
48,28331.09,14522.84,227.0,0.3378,1,3,1,0
53,56262.86,17863.39,276.0,0.1183,2,6,1,0
55,50472.81,-1721.96,24.0,0.2035,1,7,1,0
54,70809.27,-5000.0,217.0,0.5706,2,7,1,0
62,21953.25,110.54,80.0,0.4612,1,1,1,1
73,,-351.34,320.0,0.1034,1,1,1,0
65,58097.8,15288.71,228.0,0.1336,1,5,1,0
25,25033.33,-5000.0,,0.1363,2,4,1,0
45,29912.4,8939.44,194.0,0.2975,0,3,0,0
44,8000.0,14102.7,446.0,0.1344,1,4,1,0
47,52271.15,9553.76,23.0,0.3714,2,7,0,0
48,83532.26,6491.64,194.0,0.1418,0,5,0,0
58,19267.78,1702.31,65.0,0.1584,2,2,0,0
41,70542.59,17791.81,433.0,0.3054,0,2,0,0
33,43515.04,1037.95,223.0,0.302,2,6,0,0
44,8000.0,10586.27,300.0,0.1856,2,7,1,0
66,22631.83,1730.12,464.0,0.2642,2,4,1,0
35,21088.32,-5000.0,24.0,0.096,0,5,1,0
19,37086.81,842.86,233.0,0.1151,1,5,0,0
73,55487.86,1749.73,32.0,0.2918,0,6,1,0
29,91223.07,1852.84,370.0,0.3393,1,3,1,0
52,,-2282.48,281.0,0.2198,2,3,1,0
63,32880.57,8006.16,212.0,0.3076,1,1,0,0
33,22600.48,8896.72,139.0,0.6958,2,5,0,0
37,13300.51,553.45,92.0,0.3769,0,5,1,0
33,47386.19,486.28,438.0,0.1196,0,4,0,0
26,45037.0,-5000.0,10.0,0.1142,0,1,1,1
26,8000.0,5034.9,61.0,0.2951,2,3,0,0
28,45453.76,14023.36,180.0,0.4079,0,5,1,1
44,14865.1,14028.94,188.0,0.2005,1,6,1,0
48,45295.69,-1793.19,441.0,0.4398,2,2,1,0
18,76737.41,18929.53,,0.3764,1,3,0,0
66,56576.7,102.63,155.0,0.6931,1,1,0,0
56,49437.93,-5000.0,112.0,0.1393,2,1,0,0
22,31780.86,-5000.0,176.0,0.1076,0,2,0,0
66,46671.69,-5000.0,129.0,0.2937,0,7,0,0
19,59081.36,5670.0,332.0,0.5925,2,3,1,0
49,56604.16,940.29,,0.2435,1,6,1,0
44,42519.53,-2056.06,353.0,0.2366,0,1,1,0
46,50434.41,-3779.16,385.0,0.1568,0,3,1,0
72,12085.95,-5000.0,292.0,0.4836,1,4,1,0
70,26641.58,-4118.95,330.0,0.1816,2,1,1,0
33,62688.99,11123.15,162.0,0.3806,1,7,1,0
51,66050.82,17426.69,478.0,0.5086,2,1,0,0
72,47339.96,17921.28,453.0,0.3394,2,6,0,0
59,81974.14,8496.7,27.0,0.2029,0,7,1,1
68,57700.49,-938.21,169.0,0.4932,2,6,1,0
42,39171.81,-2342.51,332.0,0.4488,0,5,1,1
34,14506.18,9049.12,140.0,0.2276,1,3,1,0
47,80968.33,1029.13,246.0,0.0688,2,7,1,0
64,64257.94,6295.33,404.0,0.2906,1,3,0,0
70,89957.79,18443.5,425.0,0.1738,2,3,0,0
57,99171.19,4734.63,448.0,0.3208,1,1,1,0
58,12826.49,21222.81,311.0,0.2637,1,2,1,0
47,12891.66,-5000.0,459.0,0.4263,1,2,1,0
36,8000.0,6579.38,311.0,0.1511,0,2,1,0
42,67959.05,5509.89,255.0,0.1524,0,6,0,0
46,61412.07,-4872.65,96.0,0.2678,1,7,1,1
64,47444.48,9413.24,417.0,0.2256,2,7,0,0
49,14346.67,15246.48,123.0,0.3081,0,4,1,1
63,42774.16,20621.36,88.0,0.2382,1,6,1,0
19,49617.64,6290.32,366.0,0.4928,0,3,1,0
61,64568.14,-5000.0,426.0,0.0627,1,5,1,0
46,51824.67,6815.92,468.0,0.3649,1,6,0,0
74,61595.03,8935.68,363.0,0.3423,2,7,1,0
44,41896.73,1118.51,460.0,0.3617,1,6,1,0
45,74537.05,4720.95,191.0,0.2541,1,3,1,0
25,60793.25,-867.41,51.0,0.3439,2,7,1,0
63,15326.67,1930.44,117.0,0.4222,2,2,0,0
57,79730.51,11139.9,76.0,0.1404,2,3,1,0
67,75639.29,14112.19,364.0,0.3559,2,5,1,0
23,56636.87,-5000.0,203.0,0.2254,1,3,0,0
30,52017.94,-1090.58,206.0,0.3658,0,4,1,0
67,86465.29,-5000.0,442.0,0.4437,2,7,1,0
20,8000.0,17706.59,469.0,0.3409,0,1,1,0
46,76030.61,9966.24,69.0,0.3072,2,7,1,0
41,33094.83,-5000.0,410.0,0.2493,1,4,1,0
71,72379.44,2483.72,306.0,0.1585,2,1,0,0
66,48009.4,732.33,379.0,0.5315,1,1,1,0
69,13926.85,-3047.51,455.0,0.6234,2,1,1,0
34,32587.0,11290.22,160.0,0.0822,2,4,1,0
51,70543.23,11107.09,387.0,0.1249,2,6,0,1
57,39744.8,5155.61,341.0,0.3765,1,1,1,0
73,29462.86,-2133.22,316.0,0.1587,1,6,0,0
18,29295.7,-2065.98,362.0,0.3462,2,7,1,0
73,61056.19,3351.41,368.0,0.4403,0,1,0,0
38,88765.88,,196.0,0.0745,2,6,0,0
25,8000.0,,444.0,0.6854,0,1,0,0
53,115017.11,7464.65,45.0,0.3527,1,7,1,0
62,,-5000.0,89.0,0.1126,2,7,1,0
25,59505.6,-3065.47,352.0,0.1855,2,5,1,0
20,34093.46,2730.46,221.0,0.1514,1,6,1,0
69,44912.12,15522.76,141.0,0.1278,1,2,1,0
71,49812.83,9762.67,244.0,0.3399,1,3,1,0
26,18772.6,2971.33,63.0,0.3013,2,4,0,1
69,24857.96,6218.47,1.0,0.176,2,4,1,0
69,74614.19,2187.97,20.0,0.2922,2,3,1,1
74,8000.0,11617.79,428.0,0.3201,2,7,1,0
30,56025.98,6470.03,157.0,0.2861,0,5,1,1
50,35737.08,13230.4,434.0,0.185,0,4,1,0
74,20982.32,-5000.0,244.0,0.1808,1,7,1,0
69,94298.3,-3449.52,146.0,0.2762,0,6,1,1
52,21137.44,5196.57,18.0,0.1179,2,7,1,0
29,16747.45,6948.09,51.0,0.164,1,1,0,1
22,40325.68,22202.71,270.0,0.0716,2,1,1,0
32,25786.03,-5000.0,295.0,0.4842,0,7,1,0
21,45159.52,2735.4,429.0,0.2468,2,5,0,0
29,48884.98,2376.62,93.0,0.4869,0,2,1,1
22,50866.45,4902.71,287.0,0.0862,2,6,1,0
61,41902.73,16866.08,40.0,0.2301,0,4,0,1
51,27445.96,10010.2,251.0,0.3382,0,2,1,1
47,61085.08,-5000.0,84.0,0.4118,1,3,1,0
64,42207.68,15270.08,111.0,0.3445,2,5,1,0
41,32609.57,15046.9,199.0,0.211,2,2,1,0
40,81999.84,5104.6,210.0,0.2081,2,4,0,0
29,41967.2,-5000.0,55.0,0.5107,2,1,1,1
43,72299.67,1787.05,288.0,0.2513,0,1,0,0
27,75670.96,6749.82,192.0,0.5982,2,4,1,1
51,77191.82,10972.41,415.0,0.2573,1,6,1,0
74,62278.95,-5000.0,292.0,0.1861,1,4,0,0
48,44984.16,-3152.84,423.0,0.2971,0,5,0,0
35,43398.96,11784.13,8.0,0.3159,1,6,1,0
57,38897.0,15014.12,216.0,0.0174,1,7,1,0
64,8000.0,6444.22,403.0,0.1863,2,3,0,0
44,62970.17,12188.1,88.0,0.1341,0,4,1,1
32,51111.64,6642.25,106.0,0.1852,0,2,1,0
58,65638.11,10704.68,339.0,0.0941,1,6,1,0
28,42074.96,4160.98,8.0,0.391,2,1,0,0
74,61620.63,6839.59,456.0,0.2429,2,2,1,0
36,10562.32,-5000.0,452.0,0.1452,1,2,1,0
37,15768.36,8777.1,459.0,0.2922,2,5,1,0
59,8000.0,-5000.0,374.0,0.113,0,1,0,0
18,41641.27,8768.13,477.0,0.6062,2,7,1,0
29,25686.86,-511.86,467.0,0.1106,1,3,0,0
25,22415.45,5959.91,121.0,0.0147,1,7,1,0
40,53366.31,-4622.37,74.0,0.1201,0,2,0,1
49,34362.32,-1028.87,401.0,0.1446,1,1,0,0
28,9172.72,5943.77,218.0,0.0235,0,3,0,0
37,108619.17,9034.65,,0.4724,2,1,1,1
62,44074.73,,214.0,0.499,1,6,1,0
71,17920.92,-5000.0,7.0,0.4131,2,7,0,0
18,28254.11,-5000.0,277.0,0.3048,1,5,0,0
53,40671.43,-4802.45,323.0,0.0759,1,3,0,0
19,,-5000.0,23.0,0.2383,0,7,1,1
47,77554.11,15534.63,57.0,0.2939,1,2,0,0
68,43014.25,13721.66,434.0,0.3213,1,5,1,0
63,91380.2,-4972.93,186.0,0.479,2,4,1,0
31,34189.43,16682.47,24.0,0.1721,2,7,0,0
32,55660.9,13243.99,5.0,0.4516,2,3,0,0
62,70549.5,-5000.0,191.0,0.407,2,6,1,0
64,74878.81,-5000.0,41.0,0.1116,1,6,1,0
34,77796.81,-5000.0,64.0,0.2875,0,4,1,1
18,38199.71,2307.35,100.0,0.2079,2,2,0,1
43,44862.77,3139.3,336.0,0.3134,2,5,0,0
53,8000.0,3124.32,266.0,0.6231,0,5,0,0
43,40099.75,-5000.0,372.0,0.1327,2,3,1,0
71,72281.35,-5000.0,159.0,0.25,0,2,0,1
64,67420.91,5081.24,37.0,0.0727,1,3,0,0
62,42837.82,7977.78,270.0,0.2554,2,6,1,0
19,87478.49,-5000.0,463.0,0.3814,2,4,1,1
66,35399.87,,311.0,0.3325,2,7,0,0
61,27096.5,11179.31,117.0,0.4634,2,2,0,1
40,33295.96,-5000.0,1.0,0.2146,1,7,1,0
51,16938.37,2882.41,38.0,0.1168,2,6,1,0
64,60559.88,-5000.0,406.0,0.2884,2,4,0,0
69,52212.05,9651.86,139.0,0.3831,2,5,1,0
49,60249.49,-5000.0,27.0,0.1422,1,3,0,0
20,34640.72,564.33,162.0,0.3311,0,7,1,1
53,43548.18,10522.45,419.0,0.27,1,6,1,0
56,8000.0,7880.23,203.0,0.3653,2,1,0,0
21,54405.64,-712.9,468.0,0.2995,2,2,1,0
64,47471.04,-2589.46,241.0,0.0112,1,2,1,0
29,17486.81,1136.83,433.0,0.2599,1,1,0,0
68,42383.56,-5000.0,96.0,0.3315,2,7,1,0
49,38553.77,2199.94,260.0,0.5596,2,6,1,0
36,89107.8,2336.99,228.0,0.5962,1,6,0,0
21,18471.83,-343.59,369.0,0.4599,1,4,0,0
19,53285.65,11002.78,64.0,0.181,2,2,1,0
60,17730.79,-5000.0,82.0,0.3392,2,5,1,0
39,31053.16,-5000.0,107.0,0.3738,1,4,0,0
65,51920.47,-1202.55,449.0,0.3149,2,5,1,0
31,39715.93,3991.98,430.0,0.4302,2,2,1,0
70,44850.23,2146.17,11.0,0.1574,1,6,0,0
71,53318.05,,202.0,0.3144,2,2,0,0
23,32657.76,,264.0,0.1335,1,7,0,0
54,67103.66,-4860.32,428.0,0.3142,0,2,1,0
71,37363.01,-906.77,221.0,0.491,2,1,1,0
36,42561.11,-1537.58,370.0,0.4376,2,2,1,0
21,54032.78,11784.68,382.0,0.2472,1,4,0,0
67,50675.01,5111.33,245.0,0.0183,1,5,1,0
45,61105.7,-1260.51,357.0,0.3862,1,5,1,0
19,52924.11,11760.1,33.0,0.1824,1,4,0,1
65,56725.77,6570.23,158.0,0.6999,2,7,1,0
56,36865.69,-5000.0,409.0,0.6348,2,2,1,0
22,18280.72,-5000.0,78.0,0.0606,2,6,1,1
32,9309.03,-5000.0,244.0,0.4249,2,7,0,1
19,8000.0,7759.48,381.0,0.392,1,5,1,0
72,89068.17,10131.88,247.0,0.3629,2,3,0,0
19,8000.0,-5000.0,469.0,0.0999,1,3,1,0
63,74843.09,8269.15,409.0,0.1459,2,4,1,0
47,24478.27,7965.92,46.0,0.0964,1,6,0,0
51,74661.02,14160.33,254.0,0.2074,2,5,1,0
64,8000.0,10603.15,351.0,0.0735,1,2,1,0
69,39122.65,13815.06,359.0,0.1511,2,1,1,0
25,81350.61,6906.93,247.0,0.3071,1,7,1,0
19,62830.24,6639.38,192.0,0.4572,1,3,0,0
25,36568.36,301.72,149.0,0.0623,2,5,0,0
56,8000.0,9562.05,170.0,0.3167,2,6,1,0
50,11937.79,-5000.0,6.0,0.1233,1,2,0,0
22,79728.68,1890.58,412.0,0.0757,2,6,1,0
31,,7319.07,347.0,0.5427,1,2,1,0
48,43204.4,14265.72,137.0,0.1589,2,4,0,0
59,52088.38,-823.51,63.0,0.1832,0,4,0,1
37,12429.03,10732.65,251.0,0.3558,2,6,0,0
72,55182.25,1422.57,408.0,0.1641,1,3,0,0
74,34509.61,10896.47,477.0,0.0546,2,3,1,0
61,52342.57,-3410.82,127.0,0.3269,2,3,1,0
43,30548.73,8807.77,210.0,0.2688,1,5,1,1
67,8000.0,2237.3,284.0,0.1064,1,2,1,0
59,34315.69,-5000.0,285.0,0.3593,2,6,0,0
47,61019.44,1773.62,136.0,0.212,2,1,0,0
43,54851.5,13573.69,391.0,0.2334,2,5,0,0
65,45773.27,-5000.0,337.0,0.1062,1,3,1,0
49,67453.3,-5000.0,398.0,0.4292,2,4,0,0
28,39910.15,6189.94,56.0,0.5028,2,2,1,1
74,46406.91,-5000.0,324.0,0.1871,2,4,0,0
21,33005.83,15506.84,164.0,0.3733,1,1,1,0
57,68915.45,15305.28,366.0,0.3772,1,7,0,0
55,52288.21,11306.24,244.0,0.5289,0,2,1,0
51,31076.05,2910.14,248.0,0.2198,2,2,1,0
20,8000.0,16317.29,281.0,0.5204,1,4,1,0
46,72624.03,13763.58,106.0,0.1274,2,6,0,0
68,26398.37,-1261.75,278.0,0.4035,2,5,1,0
31,,14510.69,422.0,0.3182,2,5,1,0
57,103814.99,-4293.39,38.0,0.1883,1,3,0,0
66,65037.74,1423.74,80.0,0.1618,0,5,1,0
72,85278.74,-5000.0,16.0,0.1052,1,6,0,1
47,31546.88,4167.39,231.0,0.1561,1,1,1,0
35,71774.41,643.93,113.0,0.1462,1,1,1,0
57,45666.72,-617.6,283.0,0.2091,0,3,1,0
45,54150.42,1674.77,18.0,0.1085,1,3,0,0
53,95521.04,-1636.36,51.0,0.1346,2,5,1,0
60,38033.85,3333.39,105.0,0.3015,2,6,1,0
58,45481.36,13268.55,315.0,0.1797,1,1,1,0
31,22419.63,-5000.0,28.0,0.0996,0,5,1,0
61,67211.71,9900.22,252.0,0.0677,1,5,0,0
48,30984.33,4721.94,253.0,0.6219,2,4,0,0
71,70567.76,5993.01,152.0,0.2808,1,1,0,0
55,8000.0,2754.33,50.0,0.086,0,1,1,1
68,58715.95,-2739.2,342.0,0.1605,2,6,1,0
73,28907.67,6558.91,199.0,0.1825,2,6,1,0
74,63262.94,7150.71,287.0,0.1311,2,1,1,0
60,44661.02,-3403.75,369.0,0.4866,2,2,0,0
52,31616.53,,6.0,0.6124,1,2,0,1
24,35336.01,3682.46,370.0,0.245,2,7,1,0
40,23740.29,9037.77,41.0,0.4597,1,3,1,0
45,65944.69,11040.72,269.0,0.6884,0,7,1,0
62,18784.07,12626.59,43.0,0.1752,1,7,1,0
51,38323.03,5971.13,14.0,0.1443,2,2,1,0
43,53630.99,894.3,198.0,0.4059,2,3,1,0
26,85337.36,2982.76,257.0,0.2762,0,1,1,0
58,44767.53,-5000.0,149.0,0.1542,1,7,1,0
42,38937.24,-2461.16,121.0,0.2758,2,3,0,0
20,51840.87,2574.03,86.0,0.1178,2,6,0,0
34,8000.0,866.89,272.0,0.2759,1,7,1,0
68,15033.86,3736.07,192.0,0.307,1,6,0,0
24,35615.84,,436.0,0.1892,2,2,0,0
41,27175.77,-5000.0,208.0,0.1351,2,5,1,0
47,8000.0,9204.75,287.0,0.3217,1,6,0,0
22,66444.47,-3666.76,459.0,0.3075,0,3,0,0
27,51493.92,-2409.46,451.0,0.2515,2,4,0,0
71,48506.63,3760.29,239.0,0.304,1,7,1,0
51,27650.22,-4449.5,100.0,0.1462,2,2,0,0
29,46984.82,11850.64,189.0,0.1596,1,7,0,0
27,57861.24,-5000.0,128.0,0.3414,2,6,0,1
42,38377.6,3012.19,233.0,0.3126,1,2,1,0
59,56114.31,-2988.68,71.0,0.0671,0,5,0,1
59,25098.49,4249.5,193.0,0.1926,2,2,1,0
29,47437.13,-979.71,37.0,0.3045,0,6,1,1
59,73562.46,2810.79,467.0,0.1539,1,3,1,0
69,75800.49,12770.25,5.0,0.225,1,1,1,0
30,78189.72,-2499.57,426.0,0.121,1,2,1,0
19,52139.21,-2566.16,445.0,0.3466,2,3,1,0
72,45790.35,472.79,460.0,0.3334,1,6,0,0
47,33780.28,14792.16,216.0,0.0618,2,2,1,0
62,8000.0,2282.06,371.0,0.2394,1,7,1,0
36,11377.51,12873.62,450.0,0.2556,2,1,0,0
35,40798.63,1584.71,402.0,0.2462,2,6,1,0
30,42292.79,12517.1,414.0,0.3949,2,7,0,0
30,80305.58,6259.13,235.0,0.1428,2,4,0,0
44,,7436.53,357.0,0.1968,2,1,0,0
24,27837.85,-5000.0,101.0,0.289,2,3,1,1
65,65458.14,-5000.0,440.0,0.1769,2,5,0,0
47,33073.28,11561.61,227.0,0.2168,2,4,1,0
70,62065.41,11462.17,,0.3552,1,5,1,1
46,65150.44,22371.64,142.0,0.0575,2,7,1,0
35,76052.32,-5000.0,411.0,0.2754,2,4,1,0
47,32683.92,6886.4,92.0,0.0904,2,3,1,0
26,70357.59,-5000.0,326.0,0.2438,2,6,0,0
64,8000.0,-2924.81,132.0,0.382,2,6,1,0
59,77405.39,-1017.97,287.0,0.1756,1,5,1,0
26,44374.58,6058.84,257.0,0.3566,2,3,1,0
51,44906.8,-2312.21,,0.0556,1,5,1,0
48,8000.0,3269.25,108.0,0.1198,2,5,0,0
29,35283.35,9656.27,434.0,0.1605,1,2,0,0
24,78886.98,,424.0,0.0913,1,3,1,0
61,34332.45,8540.71,445.0,0.278,2,2,0,0
33,62836.57,6614.94,238.0,0.3364,1,5,1,0
47,45863.88,1866.93,84.0,0.6572,2,7,1,0
32,71566.73,-1551.46,266.0,0.2436,1,6,0,0
55,49787.52,7312.09,38.0,0.427,2,3,1,1
20,21704.71,-5000.0,338.0,0.1421,0,5,1,0
38,46411.27,3953.03,130.0,0.1171,2,5,1,0
49,85030.42,-5000.0,95.0,0.4365,2,5,1,0
43,57441.13,2669.77,388.0,0.2599,2,7,1,0
52,42088.84,-5000.0,316.0,0.5438,2,2,1,0
28,101393.6,-204.51,46.0,0.5806,2,7,1,0
43,73980.39,-2407.62,419.0,0.0807,1,4,1,0
61,65418.35,-3372.46,317.0,0.3731,2,7,1,0
37,52933.56,2301.14,129.0,0.382,2,7,1,1
26,63256.85,-5000.0,191.0,0.1447,1,7,1,0
66,64068.3,-5000.0,219.0,0.379,2,6,1,1
62,8000.0,9429.7,437.0,0.0758,1,2,0,0
56,54873.41,4179.83,265.0,0.4128,0,5,0,0
63,40979.85,-2786.93,393.0,0.1512,1,3,0,0
62,32505.59,10791.23,15.0,0.1225,0,5,1,1
60,40114.07,-2113.42,243.0,0.1335,2,7,0,0
47,8000.0,-1637.55,40.0,0.3307,0,3,1,1
19,8000.0,-3267.08,182.0,0.1606,1,2,1,0
52,76162.56,18252.95,264.0,0.1953,0,6,0,0
33,56553.95,4880.81,400.0,0.5013,1,2,0,0
62,8000.0,4565.69,133.0,0.241,2,4,1,0
44,30590.39,6731.21,117.0,0.0323,2,7,0,0
69,67013.79,-5000.0,408.0,0.4081,2,6,1,0
51,37999.64,-1752.07,260.0,0.058,0,2,1,0
49,76125.12,6639.89,348.0,0.1656,1,5,1,0
70,71243.79,2967.13,447.0,0.1562,1,1,1,0
45,11082.22,20643.35,22.0,0.5108,2,5,0,0
39,41416.9,-1281.53,289.0,0.3388,1,1,1,0
39,33797.76,,36.0,0.6229,1,1,1,1
67,10269.04,9448.03,446.0,0.2098,1,2,0,0
61,8643.14,4142.57,211.0,0.3693,1,4,0,0
27,24849.46,5595.23,212.0,0.4503,2,7,1,0
46,28976.86,678.4,91.0,0.3708,1,2,1,0
39,52080.74,-5000.0,302.0,0.0974,2,5,1,0
54,71105.34,5793.47,260.0,0.1016,2,7,1,0
20,57841.12,6427.43,451.0,0.0702,0,1,1,0
58,63759.31,7685.16,1.0,0.2676,2,6,0,0
60,38334.55,3504.77,353.0,0.6595,2,4,0,0
30,60075.0,10763.21,459.0,0.4041,2,2,1,0
26,41290.63,-3927.92,434.0,0.481,2,1,1,0
53,33963.19,14747.1,299.0,0.0903,2,6,1,0
32,92427.52,-4903.32,399.0,0.4611,2,2,1,0
71,8000.0,2137.29,20.0,0.2416,2,3,1,0
62,8000.0,8446.99,37.0,0.2568,1,2,1,0
72,54567.49,-1119.62,335.0,0.3239,2,3,1,0
48,38375.44,8992.04,124.0,0.252,1,6,1,0
71,9075.39,257.72,340.0,0.0977,2,4,0,0
18,18634.73,3945.06,355.0,0.2509,2,2,0,0
34,21889.86,1550.97,320.0,0.158,1,4,0,0
18,67308.41,-1614.53,427.0,0.0931,1,4,1,0
56,75310.26,21008.6,104.0,0.5621,1,4,1,0
47,85989.06,-3717.98,,0.3202,1,5,1,0
34,8000.0,-5000.0,384.0,0.3436,1,4,0,0
35,10821.91,-3429.09,150.0,0.6246,2,5,0,0
54,9109.34,4050.37,97.0,0.0803,1,6,1,0
28,77221.43,-14.82,298.0,0.4894,0,4,1,0
47,55430.61,11148.61,426.0,0.2032,2,5,1,0
52,47004.98,10857.47,317.0,0.3537,1,1,1,0
31,50740.72,452.87,56.0,0.1872,1,6,0,0
31,43580.54,-5000.0,209.0,0.6914,2,4,1,0
38,16971.45,-5000.0,189.0,0.2953,2,5,0,0
51,57829.32,2742.38,282.0,0.4464,2,1,0,0
32,40346.54,-5000.0,280.0,0.762,1,6,1,0
39,14991.96,57.69,473.0,0.3916,2,1,1,0
48,59357.14,14370.42,404.0,0.0745,1,1,1,0
28,34355.31,5742.67,261.0,0.4623,2,4,0,0
50,50687.09,3365.34,68.0,0.5263,0,5,0,1
25,41875.52,-5000.0,93.0,0.2693,2,4,1,0
26,67284.47,4453.9,82.0,0.0557,2,6,0,0
31,50504.07,931.81,241.0,0.1215,2,7,0,0
34,22907.5,4909.09,73.0,0.0885,0,2,1,0
19,53050.08,8816.78,84.0,0.4541,2,5,0,0
72,53867.22,10184.99,72.0,0.317,2,7,1,1
35,57783.32,4031.12,330.0,0.101,1,2,1,0
63,70896.86,7095.38,135.0,0.0639,2,1,0,0
69,29600.43,-1095.85,432.0,0.2466,1,2,1,0
63,61698.39,12060.55,237.0,0.1538,2,1,1,0
65,8000.0,-4096.99,324.0,0.5401,2,6,1,0
23,42000.38,1340.25,253.0,0.3867,1,1,0,0
39,38133.5,12892.94,421.0,0.7614,1,1,0,0
60,81196.13,-853.3,61.0,0.6104,2,6,1,0
50,41091.61,-5000.0,349.0,0.1728,1,5,0,0
18,60199.72,-286.0,277.0,0.1949,2,7,0,0
50,8000.0,14133.87,209.0,0.6619,0,2,1,1
63,36206.05,-5000.0,335.0,0.2401,2,1,1,0
65,23841.0,3819.15,258.0,0.088,1,6,0,0
39,106887.78,-2072.03,300.0,0.3091,2,1,0,0
31,28330.08,1658.93,255.0,0.5914,2,4,0,0
35,46831.98,211.65,57.0,0.1184,2,7,0,0
34,48164.4,10683.87,188.0,0.3667,2,5,1,0
37,8000.0,3430.46,465.0,0.3544,2,2,1,0
35,31849.11,11084.28,44.0,0.0448,2,7,1,0
44,55119.16,13273.05,110.0,0.3214,2,1,1,0
20,47143.06,3239.18,336.0,0.0661,1,3,1,0
33,8000.0,124.02,71.0,0.2863,1,7,0,0
35,30825.21,6017.47,22.0,0.2416,1,4,1,0
26,70520.54,7561.5,367.0,0.5849,1,7,1,0
68,59705.57,-5000.0,97.0,0.1145,2,2,1,0
56,75450.83,4888.51,105.0,0.2876,2,1,0,0
69,20358.82,971.52,217.0,0.4573,1,3,1,1
50,77023.24,-362.79,405.0,0.0731,2,3,1,0
24,43889.85,-2527.56,473.0,0.3577,2,6,1,0
69,84805.56,-2005.76,125.0,0.2016,1,7,1,0
44,45082.61,13045.13,147.0,0.528,1,3,1,0
57,8000.0,88.06,248.0,0.141,2,1,0,0
39,66231.36,12150.07,381.0,0.1527,1,1,1,0
46,33912.16,4048.21,32.0,0.033,2,3,1,1
45,35594.26,-5000.0,201.0,0.1075,0,2,0,0
34,8672.59,4526.14,49.0,0.5567,2,4,1,0
49,85554.99,-5000.0,106.0,0.0492,2,5,1,0
59,31972.47,7857.17,301.0,0.3989,2,6,0,0
19,84375.89,1337.81,12.0,0.0093,1,1,1,0
25,34218.92,9841.45,413.0,0.3492,2,3,1,0
66,21806.37,14468.37,42.0,0.4393,1,5,1,1
50,77988.23,-5000.0,394.0,0.0196,1,7,0,0
73,43166.63,-689.16,200.0,0.1749,0,7,1,0
52,43410.7,-5000.0,270.0,0.0307,2,5,0,0
55,12959.35,20266.09,192.0,0.1371,2,3,1,0
69,33559.42,-522.5,176.0,0.2671,1,2,1,0
55,55717.4,-5000.0,300.0,0.1665,1,5,1,0
36,12520.5,20922.71,152.0,0.3421,2,1,0,0
48,31522.81,-2808.58,29.0,0.11,2,4,1,0
31,34488.84,-5000.0,5.0,0.4164,1,4,1,0
37,46661.02,-5000.0,136.0,0.3063,1,5,1,0
56,81988.99,4145.53,105.0,0.025,0,5,1,1
26,37501.17,3365.98,11.0,0.7257,0,5,1,1
56,27737.48,-3688.02,47.0,0.406,2,1,0,0
51,113659.27,-880.38,418.0,0.2161,0,4,1,0
35,34170.37,3424.65,238.0,0.3603,2,3,0,0
20,40233.55,13591.3,190.0,0.346,2,5,0,0
58,36053.84,,440.0,0.2372,0,4,0,0
64,,-1505.33,280.0,0.2087,1,5,1,0
59,46943.87,1172.6,61.0,0.3434,0,1,1,1
41,68019.91,9157.68,341.0,0.1773,2,4,0,0
55,55099.69,16440.54,340.0,0.427,1,5,0,0
41,71927.39,-5000.0,128.0,0.2734,2,2,0,0
38,71100.72,11912.88,321.0,0.1144,2,5,1,0
36,50213.8,497.77,64.0,0.1213,1,7,1,0
30,54407.8,-5000.0,475.0,0.4164,1,7,1,0
73,72718.42,-5000.0,278.0,0.3769,0,2,1,0
55,17219.75,13673.4,136.0,0.2673,2,3,1,0
27,107455.28,14626.86,433.0,0.4752,0,1,1,0
67,32185.37,-1552.66,243.0,0.154,2,2,0,1
26,36225.88,1302.84,428.0,0.3544,0,6,1,0
51,14702.48,-5000.0,45.0,0.2996,1,7,0,0
27,15446.23,,147.0,0.392,2,1,0,0
38,69350.85,2772.96,206.0,0.1749,2,5,1,0
55,101754.83,-5000.0,127.0,0.0895,1,2,0,0
74,30819.0,4637.93,248.0,0.5493,1,3,1,1
74,53682.91,-5000.0,169.0,0.2447,2,7,1,0
69,50504.16,7459.97,424.0,0.4662,2,5,0,0
31,70006.11,-5000.0,117.0,0.2269,2,4,0,0
23,100467.86,5696.55,90.0,0.267,2,5,0,0
69,83024.34,-2224.26,462.0,0.2497,2,5,1,0
70,39033.52,-5000.0,342.0,0.0993,2,4,0,0
33,58219.19,,16.0,0.2466,1,3,0,0
19,60701.45,11407.48,407.0,0.4613,2,4,1,0
54,44497.73,-1174.27,91.0,0.2172,1,5,1,1
22,17601.6,5195.4,328.0,0.1749,2,2,0,0
20,25030.59,6505.42,13.0,0.4282,1,6,0,0
71,73703.82,6763.92,124.0,0.0558,1,5,1,0
46,76282.7,16804.79,409.0,0.2912,2,4,1,0
24,39810.82,6334.39,12.0,0.3844,2,2,0,0
55,51526.38,138.74,226.0,0.2646,2,5,0,0
39,74931.6,6423.33,191.0,0.3657,1,3,1,0
48,8000.0,-439.58,109.0,0.5829,2,1,1,1
69,33841.19,-5000.0,56.0,0.1071,1,4,1,0
31,95446.78,12757.92,189.0,0.4026,1,2,0,0
54,52482.69,7273.28,175.0,0.0863,1,6,1,0
65,16769.6,-5000.0,50.0,0.2537,0,5,0,1
42,47932.06,-2469.32,342.0,0.0668,2,2,1,0
73,70535.89,9061.13,51.0,0.1242,2,1,1,0
43,8000.0,-5000.0,183.0,0.5834,2,4,0,0
44,49407.15,-3023.47,454.0,0.1813,2,4,1,0
68,35689.64,24292.08,178.0,0.5495,0,5,0,0
54,8000.0,351.33,334.0,0.3114,1,6,0,0
67,47048.18,11661.55,221.0,0.0964,1,2,1,0
63,41587.99,15003.74,306.0,0.5276,0,7,0,0
58,44397.74,-4267.98,375.0,0.2788,2,3,1,0
31,36293.48,5130.92,226.0,0.5772,2,5,0,0
40,19466.56,19470.56,314.0,0.3088,2,1,1,0
67,8629.93,6676.2,235.0,0.5079,1,7,1,0
53,27732.75,21924.15,,0.4125,2,6,0,1
33,66481.3,-2095.13,370.0,0.2053,2,7,0,0
36,50826.76,17376.78,187.0,0.1083,0,5,0,0
62,43270.67,3133.39,25.0,0.1158,2,3,1,0
28,19005.8,380.16,129.0,0.3969,0,7,1,1
24,35652.13,8120.33,320.0,0.6695,1,6,0,0
61,63428.94,2108.33,317.0,0.2182,0,1,1,0
34,57619.59,2323.45,264.0,0.1004,2,3,0,0
61,33070.03,6881.54,215.0,0.3577,2,2,0,0
48,8000.0,-5000.0,147.0,0.2499,1,1,0,0
74,28128.81,-3389.25,22.0,0.49,2,4,1,0
47,,8781.14,103.0,0.6109,2,2,1,0
67,22322.35,10932.24,477.0,0.5246,2,3,1,0
66,34670.61,5857.82,413.0,0.3484,0,5,0,0
30,65413.75,5206.96,38.0,0.0838,2,1,0,0
74,44067.59,,447.0,0.1303,2,3,0,0
60,69742.4,10662.39,371.0,0.2721,1,4,0,0
24,8000.0,-5000.0,45.0,0.2161,2,4,0,0
18,37373.4,-1075.79,200.0,0.2698,1,5,1,0
33,8000.0,2404.57,81.0,0.5003,1,3,1,0
18,34335.56,4566.32,344.0,0.3553,1,7,1,0
38,18858.56,-5000.0,320.0,0.1109,2,3,1,1
74,77031.32,-5000.0,104.0,0.2793,0,1,1,0
45,55242.8,2866.72,371.0,0.5334,2,1,0,0
19,70370.74,11105.13,140.0,0.23,2,1,0,0
46,34266.3,-352.32,235.0,0.0578,0,2,1,0
30,19507.05,-2335.12,53.0,0.0482,1,1,1,0
66,18710.93,7229.35,444.0,0.1806,2,4,0,0
23,51635.98,375.43,89.0,0.4805,2,7,1,0
61,90254.04,10047.19,419.0,0.092,2,2,1,0
43,55309.56,1229.39,406.0,0.1251,1,6,0,0
19,35630.81,-5000.0,60.0,0.1463,1,5,0,0
56,40280.73,14364.77,53.0,0.0863,1,6,1,0
43,44217.49,12898.09,68.0,0.4602,1,4,0,0
61,95666.06,-4643.84,403.0,0.2524,1,4,1,0
53,75840.21,6165.63,41.0,0.3088,2,3,1,0
62,51498.98,386.64,293.0,0.1876,2,1,1,0
44,47743.3,7952.51,420.0,0.4134,0,6,0,0
18,52483.83,-4005.51,141.0,0.079,0,4,1,0
25,57356.89,9974.74,267.0,0.472,2,2,0,0
44,34670.05,12559.61,,0.2762,2,5,1,0
40,23898.03,-4578.74,451.0,0.322,1,1,0,0
63,70805.51,3541.6,289.0,0.3703,2,3,1,0
41,45549.57,12727.72,350.0,0.1512,0,6,1,0
67,68718.2,-5000.0,120.0,0.5915,1,5,1,0
28,86153.97,-2350.61,351.0,0.2969,2,5,1,0
39,58015.37,8293.9,300.0,0.4424,2,6,1,0
61,53963.71,1714.49,60.0,0.2438,1,1,1,0
25,125006.07,-5000.0,273.0,0.6231,2,2,1,0
36,50175.5,438.24,52.0,0.5315,2,4,0,0
60,17736.33,16971.52,321.0,0.557,1,5,1,0
51,37969.37,19503.11,446.0,0.2981,1,2,0,0
62,83792.12,-2096.69,413.0,0.3008,1,6,1,0
47,12645.82,-4306.41,231.0,0.3527,2,4,1,0
66,26188.51,-664.1,424.0,0.1928,1,7,1,0
68,72660.67,17415.2,477.0,0.1822,1,2,1,0
73,38209.48,9736.75,218.0,0.2485,1,2,1,0
24,42243.86,14712.68,,0.2972,1,7,0,0
51,71834.32,10989.45,90.0,0.1803,1,1,1,0
24,27079.47,-5000.0,298.0,0.4931,2,4,0,0
31,8284.94,-4590.78,183.0,0.2419,2,5,1,0
35,10277.85,-2569.39,274.0,0.1635,2,1,0,1
54,59544.51,-1175.8,455.0,0.4226,2,4,1,0
42,51478.3,-2426.46,32.0,0.4726,2,6,1,1
67,27685.84,-1495.72,140.0,0.0726,1,5,1,0
35,16030.21,8123.92,249.0,0.3718,1,7,1,0
53,38235.67,4086.37,346.0,0.1239,2,2,0,0
61,72912.93,12758.22,443.0,0.2653,2,6,1,0
73,24104.55,5014.71,418.0,0.1124,2,6,0,0
31,28432.9,-2410.21,217.0,0.5182,1,1,1,0
59,15236.96,4507.7,265.0,0.1738,1,2,1,0
22,,-5000.0,226.0,0.5194,2,7,1,0
48,53451.97,-5000.0,50.0,0.4269,1,5,0,0
41,97879.23,8145.7,336.0,0.0959,2,4,0,0
72,50444.54,11146.48,393.0,0.4626,0,7,1,0
62,43658.05,3577.04,374.0,0.0855,2,6,1,0
70,66573.42,-130.44,172.0,0.4156,2,7,0,1
66,62405.39,-5000.0,397.0,0.3526,2,3,1,0
41,30558.48,12335.4,104.0,0.1008,2,1,1,0
59,102551.5,6940.24,216.0,0.1015,1,1,1,0
19,44390.42,5329.39,120.0,0.3962,0,4,0,1
49,50909.38,2961.41,213.0,0.09,2,3,0,0
20,,-756.57,444.0,0.2798,2,4,0,0
59,53646.81,-5000.0,227.0,0.1558,2,7,0,0
73,83134.94,5021.63,362.0,0.3912,1,2,0,0
56,30252.28,-1308.2,465.0,0.048,2,1,0,0
65,64584.56,-391.69,73.0,0.0951,2,2,1,0
31,49114.21,16742.77,446.0,0.1634,2,5,1,0
74,69568.08,2615.38,,0.398,2,4,1,0
49,39625.36,-5000.0,298.0,0.2668,1,6,1,0
56,36239.62,-1283.67,216.0,0.4101,2,7,1,0
61,63301.84,-5000.0,136.0,0.7228,2,2,1,0
54,53949.83,1886.24,306.0,0.2344,2,7,1,0
36,24492.64,-5000.0,432.0,0.219,1,3,0,0
52,78640.31,6469.05,33.0,0.6406,1,1,0,0
55,63312.73,631.47,82.0,0.4931,1,6,1,0
66,43144.9,-805.7,243.0,0.0797,1,6,0,0
45,33294.22,4196.95,51.0,0.3972,1,3,0,0
46,54103.27,2386.75,152.0,0.3583,1,4,1,0
46,61512.13,1922.32,198.0,0.4051,0,4,1,0
24,8000.0,1206.51,207.0,0.0378,2,4,1,0
23,54392.02,2837.49,328.0,0.3956,1,7,0,0
19,61313.87,5745.41,221.0,0.3513,2,4,1,0
55,8000.0,4743.76,25.0,0.2534,2,4,1,0
41,49904.74,12015.04,310.0,0.0912,1,3,1,0
67,62365.23,-1373.52,150.0,0.1292,1,4,1,0
58,59521.96,4905.01,4.0,0.0853,1,3,1,0
26,65061.21,22568.82,376.0,0.4313,1,3,0,0
23,36810.84,2672.37,,0.0981,2,2,1,0
38,19002.34,2982.56,316.0,0.3626,1,5,0,0
70,8000.0,-5000.0,314.0,0.2989,2,5,0,0
20,72305.58,-2705.68,40.0,0.1979,2,7,1,0
28,62576.64,2149.07,399.0,0.2752,2,4,1,0
19,74212.22,7267.63,96.0,0.0722,0,3,1,0
41,26871.47,8193.31,359.0,0.051,1,5,1,0
74,65095.91,5610.19,348.0,0.1935,1,3,0,0
56,8000.0,9432.78,58.0,0.2938,1,2,0,0
46,23262.66,-4994.74,55.0,0.3791,2,2,1,0
26,48149.43,6911.33,406.0,0.2109,1,2,1,0
38,61580.19,,4.0,0.2432,1,3,0,0
47,86975.31,3999.16,104.0,0.0435,2,6,0,0
33,38998.4,101.45,476.0,0.295,1,1,1,0
58,23356.26,-4624.24,53.0,0.167,2,7,0,1
73,22071.28,-5000.0,294.0,0.6558,2,2,1,0
29,27803.85,5565.37,176.0,0.2335,1,4,0,0
32,100525.67,6982.81,205.0,0.6069,2,7,1,0
25,63921.84,1963.44,61.0,0.1871,1,1,0,0
59,72813.3,2881.49,286.0,0.3346,2,7,1,0
44,39025.36,-2761.69,160.0,0.0881,2,7,1,0
34,44958.78,7024.49,321.0,0.1443,2,6,1,0
30,62481.61,3485.0,379.0,0.2679,2,4,0,0
22,32355.03,75.09,237.0,0.5064,1,4,1,1
45,37717.3,9928.67,9.0,0.1643,1,5,1,0
56,28132.39,8160.16,315.0,0.2337,2,7,1,0
31,33812.68,-5000.0,238.0,0.2801,1,1,0,0
18,46224.47,3393.2,340.0,0.3563,2,3,1,0
44,24457.25,-4665.89,378.0,0.2788,0,2,1,0
56,52149.47,4116.17,86.0,0.1376,2,2,1,1
37,52114.54,-5000.0,53.0,0.51,2,4,1,0
32,,4577.15,203.0,0.0149,2,6,1,0
26,24313.5,8695.87,433.0,0.7406,2,4,0,0
60,47624.08,2113.67,146.0,0.2692,0,1,0,0
67,32377.39,-5000.0,207.0,0.6339,1,3,0,0
61,46164.85,18650.96,382.0,0.2999,0,6,1,0
47,72453.19,12247.68,388.0,0.5447,1,7,1,0
59,13676.5,-1248.49,369.0,0.6841,2,1,1,0
40,99337.16,911.81,450.0,0.2469,1,4,1,0
19,43186.91,-5000.0,389.0,0.405,1,5,0,0
38,55295.98,6787.21,76.0,0.4379,1,3,0,0
58,26181.25,-5000.0,209.0,0.1951,2,6,1,0
54,73555.29,8330.92,373.0,0.4281,2,1,1,0
74,41859.34,11207.54,276.0,0.3131,2,4,0,0
74,35147.04,2437.89,69.0,0.6635,2,4,0,1
31,30612.12,-5000.0,338.0,0.3641,2,2,0,0
18,38287.7,12992.13,83.0,0.18,2,5,1,0
33,55458.68,3017.36,154.0,0.2761,1,4,1,0
67,49320.27,3745.8,467.0,0.6422,1,1,1,0
64,44003.51,-4452.27,469.0,0.1208,0,4,1,0
23,27214.46,4544.43,11.0,0.2639,2,3,0,0
27,25770.66,1376.7,181.0,0.0332,1,5,1,1
50,33478.14,-5000.0,152.0,0.1935,2,3,1,0
55,56506.89,13719.94,257.0,0.033,2,2,1,0
73,61556.5,17073.0,398.0,0.1101,2,6,1,0
61,64926.1,11145.62,396.0,0.4733,1,3,1,0
30,,9950.67,65.0,0.2573,2,1,1,0
20,,17120.83,358.0,0.1829,2,3,0,0
54,40788.73,-5000.0,14.0,0.1382,2,3,0,0
49,8000.0,-5000.0,240.0,0.2197,1,2,0,1
70,39601.83,-315.15,272.0,0.2613,1,1,0,0
50,35616.83,5382.83,195.0,0.488,2,4,1,0
46,19023.87,659.01,421.0,0.5187,1,7,1,0
35,30815.15,-5000.0,305.0,0.4622,2,2,0,0
22,48377.29,3045.25,468.0,0.2006,1,6,0,0
67,16668.83,2244.96,209.0,0.3389,2,7,1,0
65,27230.36,9730.59,194.0,0.2446,2,7,1,0
27,83697.55,3356.32,284.0,0.1309,2,5,1,0
58,8000.0,-5000.0,115.0,0.2759,2,7,1,0
38,40420.45,6083.74,383.0,0.329,2,4,0,0
42,15842.27,15654.28,145.0,0.0933,2,4,1,0
66,26209.08,3231.42,58.0,0.4519,0,5,0,1
65,40056.57,10895.67,226.0,0.3016,1,4,1,1
28,20310.6,-1040.99,334.0,0.2805,1,1,1,0
35,59348.27,7525.99,258.0,0.4457,2,5,1,0
64,78778.77,-2956.71,25.0,0.429,1,2,1,0
70,66041.95,1028.01,7.0,0.412,0,4,0,0
22,70615.33,1090.98,352.0,0.3271,2,2,0,0
65,10506.61,6813.52,478.0,0.7108,1,7,0,0
45,38923.22,-3593.25,100.0,0.3378,0,4,1,0
51,56685.53,-5000.0,462.0,0.437,2,3,1,0
22,66779.77,6760.9,236.0,0.3816,1,7,1,0
56,88833.82,6460.2,67.0,0.5165,1,7,1,0
56,71725.99,3899.89,128.0,0.0318,1,4,1,0
55,67412.22,10463.11,463.0,0.1935,1,1,0,0
63,110839.89,1378.89,154.0,0.0199,2,5,1,0
71,47407.73,5250.8,402.0,0.4087,0,1,1,0
66,37773.54,200.65,301.0,0.2815,0,3,1,0
60,49433.95,931.11,387.0,0.02,2,6,1,0
73,22123.68,5721.73,206.0,0.3914,2,4,1,0
56,46690.84,21132.88,,0.159,0,5,1,0
56,8000.0,8938.38,234.0,0.0868,2,1,0,0
48,31762.02,7388.87,453.0,0.7393,2,3,0,0
61,42116.65,9187.52,479.0,0.064,0,4,1,0
22,68740.88,-5000.0,196.0,0.4111,2,4,0,1
46,72777.26,5553.42,58.0,0.2082,2,1,1,0
42,20909.57,10283.79,103.0,0.013,2,1,1,0
70,96900.84,3675.41,184.0,0.2403,1,6,1,0
22,48709.34,2654.59,470.0,0.4735,2,7,1,0
54,51001.12,-4519.51,254.0,0.3276,1,2,0,0
28,8000.0,-467.28,237.0,0.1469,2,7,1,1
68,29498.57,-3667.96,390.0,0.0981,2,3,0,0
66,71245.6,10996.05,85.0,0.1593,2,5,1,0
31,49244.46,15013.34,135.0,0.0231,1,7,0,0
67,47695.37,18480.53,359.0,0.4057,2,4,1,0
46,50679.3,-3799.96,189.0,0.2396,1,7,1,0
73,8919.89,-2347.3,285.0,0.2033,2,1,1,0
59,42584.79,-2997.56,394.0,0.6877,2,5,0,0
19,80208.26,-5000.0,355.0,0.2966,1,4,1,0
29,72167.69,-5000.0,254.0,0.5929,1,5,1,0
41,41870.01,-1123.96,32.0,0.4197,2,5,1,0
30,84091.72,9995.82,410.0,0.5839,2,7,1,0
25,13522.54,-2742.68,41.0,0.2768,2,2,0,0
73,20707.56,11424.64,30.0,0.2315,2,7,1,0
67,91590.56,13939.74,103.0,0.0384,2,6,0,0
42,59449.33,5280.77,137.0,0.1774,2,1,1,0
30,37777.82,12833.05,380.0,0.0297,1,3,1,0
28,43617.04,-5000.0,267.0,0.097,0,1,0,0
70,24834.22,-1465.49,443.0,0.241,2,1,1,0
36,51914.82,4515.33,58.0,0.0504,0,6,1,0
18,49934.71,4785.87,469.0,0.2571,1,2,0,0
40,45497.12,14433.86,231.0,0.1498,2,2,1,0
43,16006.09,-4990.76,287.0,0.4374,2,3,0,0
53,51618.9,-1295.64,8.0,0.1006,2,4,1,0
37,31762.21,2320.14,349.0,0.3227,2,6,1,0
70,20350.57,-1148.95,242.0,0.3903,2,7,1,0
54,76668.56,-5000.0,359.0,0.3068,1,1,1,0
74,99243.03,-812.4,441.0,0.5264,1,1,1,0
38,93565.5,1035.79,104.0,0.3327,2,2,1,1
55,61253.07,14580.36,455.0,0.4951,1,1,1,0
38,38360.37,-5000.0,231.0,0.2829,0,4,0,0
57,43241.11,9521.48,153.0,0.1695,1,3,1,0
60,55140.06,13177.08,339.0,0.3388,2,3,0,0
36,34493.81,-1100.76,1.0,0.2416,2,2,0,0
71,77970.25,5079.14,327.0,0.118,2,2,1,0
66,8000.0,7607.49,437.0,0.5383,0,1,0,0
68,37606.86,6288.04,100.0,0.2638,2,4,1,0
30,65026.79,3657.15,272.0,0.1404,1,2,1,0
58,23871.01,-2430.61,376.0,0.4392,1,2,1,0
24,38996.28,8299.65,278.0,0.4725,1,4,1,0
24,59841.09,4.34,445.0,0.3884,2,6,1,0
73,82956.73,3229.21,391.0,0.3979,2,7,0,0
26,12651.54,4406.55,132.0,0.2513,1,4,0,0
67,10798.14,9847.91,188.0,0.5599,2,1,1,0
42,21349.25,18423.53,322.0,0.2802,2,5,1,0
35,8000.0,-2902.28,201.0,0.2406,0,7,0,0
22,8340.54,3420.6,188.0,0.2581,2,1,0,0
56,20683.47,-5000.0,408.0,0.1174,2,4,1,0
59,75837.34,14851.54,53.0,0.1256,0,4,1,0
44,37198.08,3350.8,235.0,0.3688,1,7,1,0
64,45784.38,602.58,181.0,0.33,0,1,0,0
36,21113.39,3417.81,353.0,0.1829,2,5,1,0
49,60838.43,3822.11,472.0,0.4882,2,2,1,0
34,91894.1,-2854.72,434.0,0.1092,2,5,1,0
51,22809.25,12503.76,169.0,0.2443,2,5,1,0
25,88118.71,8157.92,188.0,0.2126,2,2,0,0
45,54110.61,9273.36,58.0,0.2301,1,6,1,1
49,45421.59,-2440.08,426.0,0.5243,2,3,1,0
49,55003.1,-2872.91,145.0,0.309,0,3,1,0
43,54763.16,,157.0,0.3942,2,2,1,0
54,91427.61,9399.66,181.0,0.4969,0,4,0,0
47,58005.52,7013.57,446.0,0.7805,2,3,1,0
34,58527.68,-3221.48,476.0,0.0852,2,5,1,0
30,34462.5,8342.09,146.0,0.0401,1,4,1,0
54,65976.93,-4776.97,310.0,0.3951,2,5,0,0
71,21078.83,-2292.95,112.0,0.1171,1,4,0,0
60,47725.1,4261.79,220.0,0.3381,0,1,0,0
54,117082.09,-5000.0,345.0,0.2603,2,5,0,0
70,,-4708.23,241.0,0.2099,1,7,1,0
69,50828.67,15416.97,442.0,0.22,1,4,0,0
46,51790.57,13930.13,244.0,0.17,0,5,1,0
24,39297.77,21317.73,368.0,0.6555,2,5,1,0
54,39887.02,6604.58,221.0,0.2038,1,6,1,0
53,47285.24,8158.11,355.0,0.0882,2,3,0,0
33,38699.92,1760.34,395.0,0.3575,2,2,1,0
66,50549.49,196.46,467.0,0.0363,1,6,1,0
67,32809.73,9975.32,162.0,0.3235,0,4,0,0
36,95559.82,13895.82,267.0,0.1078,2,2,1,0
45,38699.66,9293.23,340.0,0.4345,1,2,1,0
29,59240.29,-3718.51,426.0,0.2483,1,6,1,0
28,28274.1,6132.99,48.0,0.0682,0,1,1,0
33,68328.58,-3161.2,17.0,0.3809,1,3,1,1
38,63336.69,404.0,40.0,0.4332,0,3,1,0
33,55481.51,16089.81,63.0,0.2947,2,3,1,0
26,19316.62,-5000.0,132.0,0.3841,0,2,1,1
43,26189.92,20349.57,130.0,0.2351,1,6,0,0
53,87154.32,7396.27,49.0,0.6329,1,5,0,1
36,25913.16,-728.9,454.0,0.8379,1,2,1,0
48,61022.55,3545.73,389.0,0.4314,1,5,0,0
33,21383.22,-2479.72,94.0,0.2949,1,6,1,0
58,70209.58,-1375.31,190.0,0.0724,1,4,1,0
54,27840.07,3586.37,183.0,0.0067,2,3,1,0
72,20920.3,368.63,406.0,0.0384,2,4,1,0
21,27191.44,-4463.74,17.0,0.3012,2,5,0,0
66,31154.94,1228.72,411.0,0.4089,2,1,1,0
37,55116.83,-5000.0,37.0,0.2217,1,7,1,0
21,46734.59,-5000.0,252.0,0.5354,1,5,1,0
57,17621.1,-5000.0,279.0,0.1016,2,7,0,0
27,44301.32,16370.6,100.0,0.1687,1,7,1,1
28,16412.46,6244.99,46.0,0.3341,2,5,1,0
73,61088.93,7766.86,205.0,0.1638,2,7,1,0
30,65672.57,3090.09,431.0,0.3899,1,2,1,0
49,44401.32,7050.26,271.0,0.1677,2,7,0,0
29,51791.34,12406.77,425.0,0.2238,1,4,0,0
25,88803.1,6262.56,167.0,0.1917,2,3,1,1
18,41059.93,16122.64,298.0,0.1011,2,2,1,0
18,21393.55,2702.52,418.0,0.1851,2,3,1,0
45,59479.88,7791.3,190.0,0.3025,0,5,1,1
42,16683.66,8632.11,472.0,0.2622,0,2,0,0
20,39735.78,-4456.36,426.0,0.1641,2,4,0,0
37,30025.25,3341.93,286.0,0.3163,1,5,1,0
33,27454.5,-5000.0,234.0,0.2978,2,4,1,0
50,38747.81,1961.0,80.0,0.3446,1,4,1,1
74,67497.28,767.06,91.0,0.2668,2,6,1,1
57,72641.72,288.41,422.0,0.3558,2,1,1,0
70,68155.15,-260.11,165.0,0.2997,1,6,1,0
28,53408.85,7095.79,443.0,0.1875,2,6,1,0
30,38557.09,-4086.65,174.0,0.4687,0,1,1,0
60,8000.0,17879.92,122.0,0.2821,2,4,1,1
35,54191.52,7539.85,278.0,0.2162,1,5,0,0
66,,-3423.72,145.0,0.7391,1,1,1,1
44,8000.0,8177.73,192.0,0.1691,1,4,1,0
29,40958.31,10958.82,222.0,0.6409,2,4,1,0
66,51614.43,5952.94,392.0,0.1343,1,4,1,0
49,33722.88,-5000.0,401.0,0.2177,0,2,1,0
63,83388.28,20898.3,,0.2205,1,5,1,0
43,,8115.8,452.0,0.15,1,4,1,0
25,38764.8,-5000.0,121.0,0.3059,2,7,1,0
56,79657.75,4672.92,314.0,0.184,1,7,1,0
25,84127.83,1237.46,192.0,0.2258,1,7,1,0
55,57813.97,3051.42,202.0,0.3164,2,4,1,0
41,25618.56,-5000.0,347.0,0.778,2,3,1,0
63,31243.24,3434.61,160.0,0.0629,2,5,1,0
67,8831.53,-3650.02,116.0,0.1183,1,6,1,0
41,43939.58,203.68,229.0,0.1182,1,5,1,0
68,18748.96,6099.55,43.0,0.3679,1,1,1,0
24,36773.13,,270.0,0.2359,2,1,0,0
24,51515.01,676.63,341.0,0.3646,0,5,0,1
74,8000.0,9561.85,73.0,0.1017,2,7,1,0
50,13406.47,-4108.78,195.0,0.2772,0,4,0,1
43,32328.8,-2187.37,133.0,0.4277,1,7,1,0
26,43686.82,-5000.0,59.0,0.1266,0,6,0,1
34,32652.73,-3582.91,63.0,0.6377,1,4,1,0
57,38237.05,4032.99,230.0,0.0999,0,5,1,1
64,27345.32,8115.71,262.0,0.4377,2,7,0,0
70,8765.0,-3449.34,268.0,0.2074,1,5,1,1
41,31631.23,7878.5,31.0,0.4245,2,2,1,0
43,39670.79,3841.72,12.0,0.1926,2,6,1,0
27,37240.25,-5000.0,57.0,0.2379,1,5,1,0
22,47794.9,4396.48,379.0,0.3462,2,1,1,0
42,55472.36,12554.86,309.0,0.1892,2,1,0,0
51,62043.16,-5000.0,235.0,0.0884,1,6,1,0
23,29161.23,19041.64,14.0,0.0981,2,4,1,0
41,8000.0,-1884.15,12.0,0.0287,2,5,1,0
54,76789.91,-5000.0,188.0,0.1934,2,6,1,0
64,54636.15,4107.39,413.0,0.3073,0,2,0,0
71,21133.44,9648.7,53.0,0.1542,0,1,0,0
37,51942.63,756.53,280.0,0.2585,2,2,1,0
40,71699.87,5492.79,274.0,0.5406,2,6,1,0
67,88229.41,19957.89,462.0,0.0531,2,2,1,0
57,51265.26,4645.23,142.0,0.3743,2,7,1,0
33,71491.77,26859.9,134.0,0.1663,1,7,1,0
57,14759.95,13117.04,289.0,0.1175,2,3,0,0
26,44102.43,3412.28,198.0,0.2601,2,7,1,0
43,36624.68,5332.3,82.0,0.4567,1,7,0,1
35,53564.25,444.52,318.0,0.3244,2,7,0,0
74,85279.85,4996.62,460.0,0.0785,2,6,0,0
19,51247.23,7492.46,438.0,0.2592,1,6,1,0
66,21557.73,-233.2,48.0,0.2546,1,2,1,1
34,,-5000.0,379.0,0.3874,1,7,1,0
20,86144.5,13570.23,336.0,0.4482,2,6,1,0
55,57844.84,10787.86,308.0,0.1512,2,7,1,0
56,56202.03,-5000.0,223.0,0.3052,1,1,1,1
26,36406.72,4367.93,381.0,0.2272,0,6,1,0
20,51696.54,11216.58,273.0,0.2322,2,1,0,0
24,20326.0,10389.83,45.0,0.1398,1,4,0,0
41,54679.96,-2551.76,62.0,0.3486,2,1,1,0
25,15628.25,10856.93,347.0,0.1138,0,6,0,0
58,36017.79,3120.78,194.0,0.1411,1,4,1,1
22,28927.67,6109.42,277.0,0.4765,1,3,1,0
62,8000.0,-4355.94,386.0,0.3816,2,2,0,0
67,36330.78,-5000.0,131.0,0.3213,1,5,1,0
58,22528.34,-3218.63,428.0,0.3046,1,2,1,0
71,39740.25,7292.62,114.0,0.4338,2,7,0,0
71,45043.07,1356.54,215.0,0.3209,1,4,0,0
20,89198.3,8201.53,138.0,0.1741,2,2,0,0
37,52617.72,11849.2,335.0,0.2983,0,2,0,0
61,53352.82,355.83,58.0,0.3334,1,2,0,0
37,57390.35,-431.59,160.0,0.2763,0,5,1,0
60,66795.21,-5000.0,131.0,0.1119,0,7,1,1
62,56356.99,-5000.0,346.0,0.3438,1,5,1,0
74,52042.83,-5000.0,34.0,0.4795,0,3,0,1
36,62781.17,7453.11,309.0,0.2302,2,4,0,0
37,8000.0,435.76,322.0,0.6962,2,2,1,0
19,97226.29,-1273.88,348.0,0.0929,2,2,0,0
34,84743.25,-2189.97,245.0,0.3088,1,1,0,0
33,50428.39,-3231.85,310.0,0.1934,1,7,0,1
43,9674.84,10387.69,61.0,0.3486,2,3,1,0
42,75258.76,3746.77,265.0,0.1537,2,3,1,0
66,27653.09,10930.62,334.0,0.3427,2,4,1,0
62,58346.03,-5000.0,118.0,0.5002,2,6,0,0
59,12927.36,7261.87,85.0,0.1911,1,3,1,0
18,100660.17,-870.34,143.0,0.4174,1,3,1,0
44,8944.58,748.22,237.0,0.0753,2,5,0,0
59,46724.65,13822.61,22.0,0.2398,2,1,1,0
31,8000.0,-118.8,441.0,0.1081,1,5,0,0
42,43969.44,6935.17,313.0,0.3034,0,2,1,1
59,34367.87,-5000.0,365.0,0.1593,1,2,0,1
63,73429.58,3288.88,407.0,0.5508,1,2,1,0
66,34365.51,-5000.0,280.0,0.1653,1,2,0,0
42,73465.59,2541.51,370.0,0.3063,1,5,1,0
40,19396.99,6083.27,280.0,0.1664,2,5,1,0
39,37950.96,11851.0,370.0,0.3915,2,3,1,0
56,38452.2,-3543.15,30.0,0.1985,2,5,1,0
41,57389.71,-1231.71,395.0,0.3605,2,4,1,0
40,54209.36,-2152.97,204.0,0.0468,2,6,1,0
27,63055.63,967.92,229.0,0.1034,0,2,1,1
45,51670.77,-4711.25,147.0,0.4966,0,2,1,1
31,61532.87,-5000.0,192.0,0.1393,2,3,1,0
47,22553.4,-5000.0,227.0,0.1967,0,2,0,1
68,54719.97,2608.3,178.0,0.3511,1,7,0,0
62,85205.15,1815.19,456.0,0.2437,0,7,1,0
45,8000.0,7416.96,245.0,0.1739,2,4,1,0
73,57225.2,9737.55,377.0,0.1909,2,2,0,0
73,61919.49,-596.42,459.0,0.1402,0,3,1,0
43,81529.66,-5000.0,292.0,0.5844,2,1,0,0
61,63151.17,6225.75,161.0,0.2592,0,3,1,0
37,47507.9,2921.53,338.0,0.1989,2,2,0,0
68,55751.83,932.46,5.0,0.1755,1,1,0,0
39,26624.05,12763.4,350.0,0.8272,1,4,1,0
32,35300.8,6604.38,4.0,0.2203,2,5,1,0
25,11607.43,3983.19,219.0,0.2891,2,2,0,0
66,82175.74,4311.07,132.0,0.2217,2,1,1,0
34,56253.93,9797.65,415.0,0.1386,1,6,0,0
64,22097.19,-2516.42,309.0,0.4068,1,3,1,0
22,51783.92,-4041.76,296.0,0.5058,1,4,0,0
46,73983.69,1126.92,314.0,0.297,2,7,1,0
42,69819.81,-5000.0,354.0,0.3106,2,3,0,0
43,21809.03,2636.65,76.0,0.1949,2,1,0,0
27,8000.0,3775.61,5.0,0.1272,2,3,0,0
22,54884.65,2449.59,447.0,0.4044,2,7,1,0
37,22828.26,108.66,258.0,0.1687,1,2,0,0
44,60558.19,16224.08,321.0,0.2119,0,5,1,0
63,68756.76,10525.29,174.0,0.1548,2,7,1,0
44,72840.83,2222.88,407.0,0.2948,2,2,1,0
32,88618.51,3744.22,26.0,0.517,2,5,1,0
32,75908.92,14010.76,211.0,0.2414,2,1,1,0
52,88738.72,-1676.43,310.0,0.0968,1,7,0,0
42,79476.51,-4724.79,222.0,0.3277,1,6,1,0
69,,4815.18,445.0,0.1762,0,7,1,0
43,43978.3,6311.25,4.0,0.3339,0,4,0,1
50,12766.84,6908.04,351.0,0.201,2,6,1,0
21,107056.76,9622.22,422.0,0.1661,1,4,0,0
29,46573.82,-2860.62,38.0,0.4328,1,5,1,0
66,75717.7,-5000.0,307.0,0.2685,1,5,1,0
37,31243.13,-1676.54,27.0,0.0429,2,7,1,0
41,69098.06,7654.73,299.0,0.3617,1,3,1,0
51,8000.0,-4375.17,165.0,0.1433,2,6,0,0
21,34738.92,,399.0,0.3283,1,5,1,0
46,42539.72,4154.16,114.0,0.0951,2,4,0,0
37,56565.22,-1536.67,179.0,0.2723,1,7,0,0
26,71800.62,-5000.0,13.0,0.6212,1,4,1,0
41,17646.43,3595.61,353.0,0.1567,2,2,1,0
43,61499.2,-90.18,19.0,0.2446,1,5,1,0
28,75666.67,16407.86,321.0,0.6299,1,1,1,0
48,103647.79,3710.75,165.0,0.198,1,6,0,0
60,62665.7,7688.68,451.0,0.4177,2,1,0,0
33,33512.35,2862.16,64.0,0.5051,2,2,0,0
73,13205.88,-1780.24,306.0,0.4465,1,6,1,0
52,90730.06,-900.91,93.0,0.1542,2,3,1,0
62,63433.55,11647.67,21.0,0.5726,1,6,1,0
21,44450.61,8982.31,417.0,0.4779,1,6,1,0
61,8000.0,-5000.0,423.0,0.0706,1,2,0,0
37,21720.4,-5000.0,476.0,0.2456,2,7,0,0
58,60783.01,-5000.0,89.0,0.5486,2,5,1,0
63,53845.83,11480.8,386.0,0.2545,2,5,1,0
32,8000.0,-5000.0,235.0,0.1721,0,6,0,0
32,60815.31,9291.9,111.0,0.1432,2,4,1,0
21,8000.0,6186.86,188.0,0.1206,1,6,1,0
52,78850.23,4174.5,84.0,0.5595,2,1,1,0
62,50213.9,-783.95,295.0,0.5355,2,5,1,0
41,33414.46,12508.94,277.0,0.3925,2,6,1,0
27,69753.86,3907.75,82.0,0.2548,2,6,0,0
36,53837.48,,376.0,0.2626,1,4,1,0
40,78123.19,-5000.0,271.0,0.4128,2,3,1,0
70,47011.89,-5000.0,315.0,0.0946,1,6,1,0
25,48470.48,12602.67,,0.3999,0,4,0,0
37,37868.74,14394.04,385.0,0.5008,1,2,1,0
54,51574.18,11690.21,175.0,0.4811,2,7,0,0
31,87448.77,1854.93,233.0,0.3891,0,5,1,0
68,32430.9,-5000.0,75.0,0.2682,1,6,0,0
69,61198.88,-5000.0,474.0,0.2906,0,2,0,0
39,22988.91,-4910.99,248.0,0.2561,2,1,1,0
60,8000.0,2634.46,377.0,0.3567,2,2,0,0
61,50186.47,14099.54,293.0,0.1867,0,1,1,0
56,54260.14,14068.14,24.0,0.322,2,4,1,1
28,42248.72,-906.69,334.0,0.3519,0,5,0,0
20,8000.0,-5000.0,174.0,0.1742,1,4,0,0
37,52607.53,-5000.0,287.0,0.1942,2,1,0,0
25,51657.84,12508.81,268.0,0.1646,2,7,1,0
34,22780.48,4853.03,376.0,0.228,2,3,0,0
54,11162.71,154.83,107.0,0.3989,1,7,0,1
51,38690.3,-402.92,465.0,0.2967,2,7,1,0
29,61323.23,-3006.81,193.0,0.1959,2,6,1,0
19,55416.37,-5000.0,345.0,0.2435,1,6,1,0
30,22979.08,19576.51,302.0,0.0753,2,2,1,0
43,48423.13,16747.87,271.0,0.6255,2,3,1,0
62,67178.16,-3574.93,,0.2357,2,6,1,0
38,15683.36,-5000.0,293.0,0.3866,1,2,1,0
34,46578.88,4352.15,413.0,0.2099,2,1,1,0
49,78491.02,1820.25,132.0,0.3373,2,3,0,0
22,13126.7,8025.14,126.0,0.3501,0,4,1,0
30,73888.16,9836.86,474.0,0.3044,1,3,0,0
20,85479.69,-5000.0,442.0,0.177,2,4,0,0
47,39444.86,13241.74,189.0,0.7859,2,2,0,0
43,36424.78,174.7,154.0,0.2455,0,6,1,0
51,70827.36,7863.28,358.0,0.046,2,3,1,0
53,40346.74,908.28,441.0,0.3007,2,2,1,0
40,8000.0,10379.92,455.0,0.7541,2,2,0,0
67,42530.14,-5000.0,119.0,0.2139,1,7,1,0
70,56760.1,8906.67,102.0,0.1415,2,5,0,1
24,63502.1,-3655.36,243.0,0.1737,1,2,1,0
70,22984.27,3587.71,85.0,0.237,0,1,0,0
29,38254.97,12957.62,447.0,0.4178,0,1,1,0
32,69422.68,-3425.2,169.0,0.0687,1,2,1,0
48,43500.03,-4680.1,133.0,0.3271,2,3,0,0
19,,24.17,466.0,0.4075,1,5,0,0
38,75940.95,-480.56,407.0,0.205,0,5,1,0
29,39647.22,-5000.0,452.0,0.2536,0,1,1,0
45,72280.47,3850.17,240.0,0.5611,2,4,1,0
64,10113.58,4265.36,380.0,0.4428,1,3,1,0
70,41975.33,6703.91,201.0,0.2071,2,1,0,0
30,57743.4,-3556.56,33.0,0.3751,1,1,1,1
49,42821.38,-4552.02,318.0,0.3896,1,4,0,0
45,15424.84,2051.23,38.0,0.4854,0,7,0,1
41,8000.0,1039.64,95.0,0.2791,0,2,0,0
54,83081.63,1193.29,142.0,0.3216,1,7,1,0
74,51200.96,-2657.84,316.0,0.4961,0,7,0,0
41,74170.03,5640.32,373.0,0.2757,2,6,1,0
21,68216.73,-4539.84,84.0,0.2123,1,5,0,1
70,59921.17,2022.6,352.0,0.1153,2,6,1,0
71,36966.57,549.05,341.0,0.4193,0,3,1,0
36,57244.17,2732.33,286.0,0.2153,0,4,1,0
46,80813.42,12482.16,293.0,0.4132,1,6,1,0
67,47075.27,-5000.0,192.0,0.5073,2,4,1,0
46,92542.53,-5000.0,67.0,0.2336,2,1,1,1
45,8000.0,-1753.53,64.0,0.1351,1,2,0,0
70,8000.0,-5000.0,48.0,0.2526,1,5,1,0
65,69701.88,-5000.0,230.0,0.6291,2,1,0,0
46,24531.43,16970.81,291.0,0.24,1,1,0,0
27,96083.42,7477.68,69.0,0.2634,1,5,1,0
42,78433.53,8337.26,58.0,0.4859,1,2,1,1
56,84689.29,716.26,333.0,0.0389,1,2,1,0
33,67110.91,6366.54,300.0,0.1268,1,7,0,0
48,21960.41,-381.12,447.0,0.2747,1,7,1,0
55,8000.0,9514.57,479.0,0.2143,1,3,0,0
22,82382.37,4512.52,474.0,0.281,2,7,0,0
50,8000.0,2707.8,59.0,0.1201,2,2,0,0
60,84622.14,3311.42,175.0,0.2548,1,5,1,0
30,61740.37,14723.6,227.0,0.418,2,3,1,0
49,43093.68,4338.65,354.0,0.0498,0,3,1,0
58,56051.19,-5000.0,443.0,0.229,2,6,1,0
20,56632.27,5689.53,399.0,0.0919,2,2,1,0
54,39939.74,6912.33,449.0,0.1251,2,5,1,0
32,80642.18,,8.0,0.2848,2,6,1,1
40,79785.02,2583.18,14.0,0.5343,2,1,0,0
54,48891.48,-5000.0,197.0,0.189,1,2,1,0
18,30000.14,3776.61,387.0,0.5488,1,5,1,0
18,77648.85,-5000.0,156.0,0.1755,1,5,1,0
43,8000.0,993.8,114.0,0.3541,1,7,0,1
72,56097.32,-2354.58,114.0,0.2711,1,5,1,0
18,63489.38,10863.25,358.0,0.0789,2,4,1,0
62,24291.2,15399.55,,0.3655,1,4,1,0
22,69344.64,-5000.0,170.0,0.643,1,1,1,0
45,44340.35,2963.04,27.0,0.0848,2,7,1,0
42,31357.5,517.13,107.0,0.1944,2,1,1,0
44,69080.58,6715.51,138.0,0.244,0,4,0,0
22,17857.89,3769.93,225.0,0.0991,1,6,0,0
60,66729.83,-99.0,184.0,0.1418,1,5,1,0
33,8000.0,3750.0,84.0,0.3464,2,5,1,0
61,52142.61,1282.79,473.0,0.3143,1,3,0,0
55,46096.1,15713.08,203.0,0.3614,2,3,1,0
49,31507.61,-3349.16,106.0,0.2159,2,6,0,0
35,54740.62,5059.89,189.0,0.5422,1,4,0,0
55,43010.75,7077.07,357.0,0.2568,1,2,1,0
74,71367.39,6507.82,462.0,0.4444,1,4,1,0
70,59003.77,616.88,213.0,0.302,0,7,1,1
70,56317.36,13946.19,260.0,0.3193,1,1,1,0
30,52296.53,-5000.0,144.0,0.5529,1,3,1,0
51,33195.84,-5000.0,,0.1839,1,6,0,0
40,37454.91,8308.56,329.0,0.3643,2,7,0,0
73,51205.4,,83.0,0.1843,1,2,1,0
72,40666.01,-4508.08,263.0,0.1646,1,7,1,0
67,72786.32,-737.56,478.0,0.4626,2,2,0,0
27,47336.25,-3285.15,112.0,0.1846,1,1,0,0
36,54399.17,8096.71,238.0,0.1989,2,2,1,0
58,9932.9,10235.24,322.0,0.1339,1,5,1,0
60,68580.76,3706.52,36.0,0.3865,1,1,1,0
37,30470.66,11437.01,250.0,0.325,2,2,1,0
25,18933.66,-5000.0,292.0,0.1967,1,7,0,0
25,86154.65,3607.1,261.0,0.2274,0,5,1,1
57,62440.54,,152.0,0.0542,1,6,0,0
43,69427.39,10814.85,386.0,0.1673,2,4,1,0
45,56362.4,14490.35,141.0,0.1021,2,4,0,0
64,42671.23,-1720.37,244.0,0.3176,2,1,1,0
18,38009.9,10337.52,152.0,0.2915,1,5,1,1
61,64477.75,-414.21,409.0,0.6791,1,4,1,1
33,73312.98,7761.22,216.0,0.2571,2,7,0,0
71,43295.41,13487.01,185.0,0.0907,2,5,1,0
72,96813.57,-3352.54,137.0,0.4115,2,4,0,0
46,40067.04,-5000.0,257.0,0.4453,1,4,1,0
36,10149.79,17780.52,373.0,0.1914,1,4,1,0
31,8000.0,6905.02,299.0,0.4241,2,2,1,0
28,8000.0,2143.36,85.0,0.2262,1,1,0,1
74,34654.71,1703.94,9.0,0.1873,1,3,1,0
28,39199.55,-5000.0,68.0,0.146,2,3,1,1
43,62064.99,4669.85,427.0,0.261,1,5,1,0
45,44284.8,-1244.52,50.0,0.286,2,5,1,0
56,66084.28,3419.8,85.0,0.3387,2,2,1,0
66,46122.32,3242.34,196.0,0.4604,2,2,0,0
49,45338.04,-5000.0,89.0,0.4476,2,6,1,0
61,30562.13,6919.72,54.0,0.7946,1,7,0,0
50,80564.71,4511.76,89.0,0.3025,1,6,1,1
42,8000.0,5586.16,12.0,0.0375,1,5,1,0
26,52532.76,1532.64,247.0,0.5057,2,7,1,0
29,40458.74,3391.39,141.0,0.1105,1,4,0,0
42,64543.86,4382.47,138.0,0.1838,1,3,1,0
20,44479.26,5194.1,470.0,0.1765,2,2,1,0
36,45216.09,6804.69,440.0,0.2112,2,6,0,0
44,38334.01,5262.1,5.0,0.4026,0,4,1,1
44,79831.41,17797.83,435.0,0.0158,2,4,1,0
64,45060.15,-2808.12,30.0,0.2476,2,2,1,0
73,94241.28,0.36,281.0,0.5094,2,6,0,0
59,51806.18,16543.65,279.0,0.3838,0,6,1,1
22,45544.0,1763.18,296.0,0.2055,2,1,1,0
41,41366.83,10453.1,238.0,0.6677,0,4,1,0
59,59106.17,4084.04,320.0,0.4398,2,2,1,0
51,30290.17,1177.51,50.0,0.0913,0,7,1,1
44,48643.56,10889.99,215.0,0.2617,0,2,1,0
42,45203.43,7147.38,429.0,0.2325,1,4,1,0
41,53131.19,-5000.0,269.0,0.0238,2,7,1,0
51,53750.76,4387.95,323.0,0.1898,1,5,1,0
28,55049.87,-4960.49,31.0,0.1105,2,3,0,0
47,47372.62,13169.22,237.0,0.2343,1,2,1,0
29,84223.59,17028.72,47.0,0.3301,2,7,0,0
56,,,260.0,0.2078,1,3,1,0
67,110149.66,5860.11,164.0,0.4136,1,2,1,0
46,46246.29,-692.54,382.0,0.2738,2,5,1,0
40,68972.83,5574.07,377.0,0.454,1,7,1,0
71,26848.77,-4517.8,47.0,0.3101,2,6,0,0
55,80019.73,21763.99,178.0,0.1444,1,5,0,0
42,27392.9,12554.86,447.0,0.1365,2,5,0,0
19,56396.95,5436.21,7.0,0.4258,1,4,0,1
18,38389.32,10976.39,54.0,0.0255,2,7,1,0
30,56300.19,-933.79,448.0,0.3458,0,6,1,0
31,39130.09,-5000.0,220.0,0.4615,1,2,1,0
59,25268.68,-5000.0,297.0,0.2597,2,1,0,0
46,38210.19,3664.45,118.0,0.0504,0,2,1,0
74,83539.5,1334.76,199.0,0.2503,2,7,0,0
48,56681.91,7154.31,319.0,0.288,2,3,0,0
69,12778.75,3104.58,148.0,0.6596,1,6,0,0
49,72384.57,6791.08,403.0,0.4868,2,3,0,0
38,22712.15,9488.67,444.0,0.2678,2,7,0,0
58,63583.98,-5000.0,296.0,0.1645,1,1,1,0
43,58829.13,9951.2,126.0,0.4453,1,5,1,0
33,60407.76,-252.64,107.0,0.2913,1,5,1,0
44,91329.73,7140.63,11.0,0.3411,2,4,0,0
55,24283.98,11177.81,374.0,0.0254,2,5,1,0
39,60269.87,11232.75,430.0,0.2755,1,5,1,0
58,76489.72,4033.22,452.0,0.0978,2,2,1,0
73,28916.46,4427.81,469.0,0.3524,2,7,1,0
41,26356.16,10135.3,77.0,0.7167,1,5,1,0
34,37820.31,-5000.0,335.0,0.2501,2,1,1,0
40,53118.33,-4612.63,121.0,0.4316,1,7,0,1
65,9738.09,765.95,83.0,0.2064,2,7,0,0
28,58785.05,-5000.0,254.0,0.2398,2,4,1,0
73,9790.33,826.27,324.0,0.2712,2,3,1,0
41,77333.27,389.21,355.0,0.6019,1,5,1,0
65,57844.17,3696.85,236.0,0.164,2,2,0,0
62,92828.5,2544.93,60.0,0.2039,2,5,1,0
62,61719.59,11554.79,32.0,0.3335,2,5,1,0
69,37380.99,7584.04,24.0,0.1572,1,2,1,1
28,25033.07,2431.75,368.0,0.3625,2,7,1,0
51,50972.28,333.9,272.0,0.2026,2,5,1,0
23,44243.74,2619.54,164.0,0.2971,2,1,1,0
35,74653.48,2761.11,382.0,0.6854,2,5,1,0
20,21784.53,23150.05,171.0,0.2095,1,3,1,1
56,95522.55,-5000.0,142.0,0.2578,2,7,0,0
52,76869.42,-4410.2,387.0,0.1313,1,1,1,0
60,39911.91,-5000.0,279.0,0.1191,1,6,1,0
28,89945.52,5154.17,324.0,0.496,1,1,1,0
36,25421.8,,385.0,0.3714,1,3,0,0
56,50139.74,-1584.57,150.0,0.1141,2,5,0,0
65,13088.22,10168.94,13.0,0.6025,2,7,1,1
68,91164.23,5957.25,318.0,0.2877,2,2,1,0
22,8000.0,10504.8,161.0,0.2872,2,2,1,0
40,8988.96,12627.63,465.0,0.4143,1,6,0,0
18,29132.17,-5000.0,145.0,0.2117,1,4,0,0
64,78058.09,8484.93,382.0,0.2293,1,3,0,0
25,68871.12,-5000.0,347.0,0.1756,1,6,1,0
64,48051.27,4995.3,339.0,0.195,1,3,0,0
26,70473.16,2416.83,319.0,0.3912,1,5,1,0
18,42114.66,2758.29,35.0,0.4103,2,1,0,0
68,55560.72,-5000.0,396.0,0.2603,1,5,0,0
43,86293.15,11243.89,129.0,0.2219,2,6,1,0
42,38834.53,-5000.0,263.0,0.095,1,6,1,0
54,25840.68,9004.27,123.0,0.4532,2,5,0,0
33,56759.29,-5000.0,109.0,0.2698,1,7,1,0
57,63506.86,2857.15,182.0,0.5552,2,3,0,0
42,47761.19,17435.13,207.0,0.2171,0,2,0,0
33,70084.53,21893.04,436.0,0.4719,0,6,0,0
40,39968.52,-5000.0,190.0,0.0837,1,7,0,0
18,48188.65,-2636.31,454.0,0.3501,2,3,1,0
35,54364.37,-1181.29,320.0,0.1983,2,3,0,0
51,52184.03,21040.43,305.0,0.1816,2,5,0,0
25,85331.79,2453.39,457.0,0.3552,2,4,1,0
24,54238.91,11597.31,476.0,0.4076,2,4,1,0
55,37402.45,5397.66,219.0,0.3636,1,6,1,0
42,58199.54,-5000.0,190.0,0.1703,2,6,0,0
25,70221.27,-5000.0,306.0,0.1502,0,3,0,0
60,64355.89,-1904.73,98.0,0.1433,0,4,1,0
62,62970.19,21534.99,85.0,0.1954,2,5,1,1
19,8000.0,5060.91,150.0,0.1067,2,4,1,0
29,8000.0,11434.99,,0.2369,1,7,0,0
39,76881.61,-5000.0,479.0,0.4306,1,2,0,0
59,55971.44,398.22,349.0,0.4364,1,5,0,0
22,44460.56,9230.75,147.0,0.3306,1,6,1,0
63,62357.83,-5000.0,366.0,0.161,2,5,1,0
36,93182.75,2488.26,247.0,0.599,2,6,1,0
25,80338.28,-4038.13,467.0,0.2431,0,3,1,0
67,69055.51,9611.48,294.0,0.181,2,4,1,0
22,22831.86,,474.0,0.2996,0,7,1,0
25,26080.23,8467.08,373.0,0.22,2,3,1,1
72,8000.0,9968.6,247.0,0.1308,1,2,1,0
47,60837.84,1178.6,375.0,0.0575,2,3,0,0
44,72715.68,,413.0,0.2896,2,2,1,0
57,74754.45,-1718.79,99.0,0.4392,2,2,1,0
53,61885.76,8005.76,353.0,0.4017,1,1,1,0
52,41148.33,-5000.0,475.0,0.0927,1,5,1,0
19,30893.06,-2970.85,251.0,0.6296,1,4,0,0
49,24365.88,21526.43,217.0,0.3339,2,5,1,0
33,40914.38,7887.9,14.0,0.141,1,6,0,1
64,20554.34,7890.78,354.0,0.1937,2,6,1,0
46,88898.85,-3591.17,468.0,0.3979,2,5,1,0
25,12440.71,-5000.0,295.0,0.1676,1,6,0,0
68,40073.67,885.12,463.0,0.078,2,4,1,0
34,8000.0,2462.97,65.0,0.176,1,6,1,1
33,52413.87,18315.74,248.0,0.2479,1,4,1,0
71,44940.41,11151.52,372.0,0.0572,2,4,1,0
62,36080.24,3871.42,165.0,0.1786,1,6,1,0
66,21680.42,3525.7,401.0,0.3113,1,5,1,0
55,45061.55,9065.13,53.0,0.0188,1,2,1,0
69,31388.48,-5000.0,413.0,0.1553,2,4,0,0
24,41578.3,-5000.0,26.0,0.3473,1,4,1,0
52,93935.75,8947.1,43.0,0.1261,2,4,0,0
34,49304.43,3576.1,385.0,0.2851,1,1,1,0
40,58321.68,-5000.0,,0.3251,2,6,0,0
31,33388.38,-5000.0,196.0,0.4014,2,6,1,1
29,25389.11,10150.93,105.0,0.1326,0,6,1,0
43,44426.06,-1172.44,270.0,0.3686,2,6,0,0
70,107598.15,6202.09,136.0,0.154,0,1,0,1
54,37814.31,889.92,144.0,0.0601,1,1,1,0
37,54035.95,2726.09,0.0,0.082,1,2,0,1
42,,-1738.01,294.0,0.0773,2,6,1,0
48,8000.0,2387.92,76.0,0.2508,2,2,0,0
31,,7616.59,364.0,0.4193,1,2,1,0
47,104517.74,794.17,99.0,0.2997,2,4,0,0
57,59884.76,337.41,428.0,0.5967,0,7,0,0
31,86023.11,7860.3,328.0,0.2199,2,1,0,0
51,36306.94,8393.44,238.0,0.4145,1,4,0,0
58,8000.0,-5000.0,202.0,0.3657,2,1,0,1
47,17282.27,2768.73,144.0,0.3249,2,3,0,0
34,54925.62,-1190.1,33.0,0.4502,1,3,1,0
49,50940.35,3109.74,36.0,0.4124,1,5,1,1
63,44739.41,14471.74,272.0,0.0406,2,6,1,0
30,31743.77,5871.74,409.0,0.1719,2,1,1,0
50,68492.89,20313.96,332.0,0.1466,1,7,1,0
56,32466.33,4756.76,,0.4024,0,5,1,0
36,52695.42,1668.33,354.0,0.2579,2,6,1,0
40,49883.2,2842.54,169.0,0.3246,1,4,1,0
68,35787.44,4141.04,448.0,0.1328,2,5,1,0
38,22967.6,5582.81,99.0,0.332,1,4,1,0
52,34316.75,-4935.74,131.0,0.2029,1,1,1,0
26,91840.54,1134.72,323.0,0.0814,0,2,0,0
70,72811.2,-2795.17,17.0,0.3393,2,6,0,0
52,70509.72,11236.98,363.0,0.3011,2,6,1,0
61,25338.41,-5000.0,145.0,0.5266,0,2,1,1
52,9057.77,4255.22,346.0,0.0628,0,4,1,0
38,72412.36,-5000.0,355.0,0.246,1,4,0,0
37,67619.18,6457.9,34.0,0.1732,1,1,0,0
57,48431.22,-191.24,157.0,0.1099,1,7,1,0
67,35736.5,-5000.0,472.0,0.1594,2,3,1,0
25,8401.38,10537.84,446.0,0.3504,2,7,1,0
66,66685.01,-5000.0,261.0,0.4891,2,7,1,0
65,74653.38,2748.64,204.0,0.2313,1,3,0,0
24,28022.69,8529.52,292.0,0.1666,2,3,0,0
24,25935.01,14013.85,350.0,0.4908,2,3,1,0
57,76026.55,-5000.0,21.0,0.4131,1,3,1,0
66,28953.39,-1128.19,152.0,0.1923,2,5,0,0
40,89476.51,11669.22,5.0,0.1451,2,2,1,0
54,42273.71,12209.93,243.0,0.2716,0,6,0,0
74,35335.96,13245.95,,0.2244,2,4,1,0
36,46127.7,23492.65,430.0,0.2709,2,1,1,0
30,35334.21,-1069.54,187.0,0.124,2,2,0,0
74,73155.31,5979.06,424.0,0.3892,1,2,0,0
33,67145.25,233.08,453.0,0.2587,1,6,1,0
44,72202.66,-5000.0,130.0,0.7071,0,7,1,1
43,49612.99,2279.98,349.0,0.069,1,5,1,0
47,33591.14,-5000.0,23.0,0.4107,2,5,1,0
33,44773.4,-1166.63,479.0,0.385,1,2,1,0
56,34357.58,-5000.0,362.0,0.3555,2,2,1,0
57,81664.91,,326.0,0.0724,2,1,1,0
29,70056.84,-3228.21,278.0,0.3308,2,4,0,0
45,42711.92,-5000.0,47.0,0.3079,2,5,1,0
21,21838.13,9925.27,125.0,0.3182,1,7,1,1
30,83520.99,-1830.01,333.0,0.1487,1,1,1,0
74,48417.1,-456.82,102.0,0.2201,2,4,0,0
46,41745.81,-4822.06,307.0,0.4544,1,7,0,0
53,83741.32,12192.61,399.0,0.6709,2,7,0,0
68,32251.28,5164.15,425.0,0.2626,2,2,0,0
58,37026.83,-1904.71,31.0,0.0612,2,4,1,0
63,39231.03,-5000.0,261.0,0.1358,2,2,1,0
58,12085.77,23085.07,62.0,0.0328,2,3,1,0
46,52893.38,18834.94,117.0,0.137,2,1,1,0
54,25941.38,14544.82,422.0,0.3624,1,2,1,0
34,30731.96,-2625.37,351.0,0.2608,2,6,1,0
68,27389.11,-1007.58,324.0,0.5363,1,7,1,0
28,30323.24,6205.32,361.0,0.0612,0,7,1,0
68,24027.14,,56.0,0.3905,2,4,1,1
68,51180.35,-4915.19,246.0,0.1178,1,5,1,0
26,41110.17,14668.47,110.0,0.5357,0,4,1,0
58,46200.2,2558.88,,0.5482,2,7,1,1
74,103844.7,-5000.0,439.0,0.2627,0,5,1,0
50,41110.97,10621.34,198.0,0.3836,1,3,1,0
37,60123.69,-1591.19,97.0,0.354,0,6,0,0
68,62968.74,-5000.0,403.0,0.6019,1,2,0,0
47,43428.58,,338.0,0.1071,0,5,0,0
24,51844.98,-1131.95,145.0,0.1956,2,5,0,1
32,45517.45,4759.68,392.0,0.3455,2,6,0,0
56,50063.96,4373.9,351.0,0.1012,1,3,1,0
43,30337.08,12822.16,128.0,0.3817,2,6,0,0
30,32644.72,1103.74,121.0,0.0628,1,3,1,0
63,45423.06,-725.22,82.0,0.1365,2,5,1,0
24,8000.0,12960.37,157.0,0.4694,2,7,0,0
30,82401.82,10829.6,137.0,0.4413,2,5,1,0
44,99021.45,1292.34,161.0,0.6086,0,3,1,0
20,49258.76,5336.24,96.0,0.1854,0,3,1,0
40,61636.73,-802.58,65.0,0.4477,1,1,1,0
69,72026.44,-5000.0,340.0,0.4209,2,4,1,0
71,11883.26,20577.89,168.0,0.5716,1,4,1,0
67,68206.95,-1335.11,48.0,0.3879,2,6,0,1
36,34339.01,5359.94,347.0,0.1612,2,3,1,0
21,102268.11,-5000.0,110.0,0.211,2,5,0,0
64,40293.51,8891.61,192.0,0.2075,1,3,1,0
39,67704.56,-5000.0,404.0,0.2752,1,6,0,0
60,40539.68,16423.67,143.0,0.1896,2,7,1,0
24,99917.32,17379.28,88.0,0.1098,2,3,1,0
56,32191.24,7525.11,336.0,0.2535,2,3,1,0
51,74127.22,3919.05,38.0,0.2606,1,4,1,0
70,,1500.68,,0.1391,0,7,1,0
23,55107.75,2619.65,393.0,0.4499,0,2,1,0
41,50725.19,6273.88,209.0,0.2045,2,1,1,0
74,28324.69,3717.96,75.0,0.1894,1,5,1,1
40,8000.0,10853.64,382.0,0.2852,2,6,1,0
55,71859.8,-4346.39,349.0,0.1763,2,2,0,0
27,32779.02,15224.66,183.0,0.1021,2,6,0,0
59,74240.0,-381.27,72.0,0.2422,1,3,1,0
33,53792.44,-2967.03,261.0,0.195,2,5,1,0
50,75006.42,5900.89,373.0,0.4506,0,4,1,0
68,65047.31,6412.42,15.0,0.2396,2,1,1,0
55,8000.0,-5000.0,234.0,0.5168,1,7,1,0
45,60372.39,-848.88,162.0,0.3645,1,1,1,0
28,36408.11,-5000.0,173.0,0.3751,1,3,1,1
37,74125.28,-2405.66,113.0,0.332,1,6,0,0
66,59780.19,-2061.15,312.0,0.2323,2,4,0,0
30,60074.23,5379.69,425.0,0.2944,1,7,1,0
55,38193.93,-3302.37,45.0,0.6564,2,6,1,1
45,22184.85,-1408.38,10.0,0.1438,2,7,0,0
36,34177.83,13431.1,188.0,0.1254,2,2,0,0
58,8000.0,19513.54,336.0,0.5223,1,5,1,0
38,30241.41,-4367.24,37.0,0.2773,2,7,1,0
34,8396.02,11154.05,362.0,0.1652,2,3,0,0
48,9056.48,6102.46,347.0,0.3352,1,6,1,0
61,47911.97,,159.0,0.2889,0,2,1,1
67,58351.22,-3329.36,158.0,0.3297,2,4,1,0
53,44205.16,-5000.0,123.0,0.1468,2,6,0,0
55,32530.24,5588.53,340.0,0.1057,2,7,1,0
62,21314.8,-5000.0,79.0,0.5762,1,6,1,0
33,37070.18,4071.42,160.0,0.4369,1,3,0,0
32,24444.42,23567.62,133.0,0.1254,1,5,0,0
45,43429.23,15745.1,179.0,0.4432,1,4,1,0
53,8000.0,-3136.05,438.0,0.2184,2,7,1,0
54,62532.94,-5000.0,11.0,0.6598,2,3,0,0
26,30824.22,13343.85,20.0,0.2961,2,7,1,0
62,54406.42,-5000.0,196.0,0.2885,2,6,1,0
38,67180.55,10928.98,219.0,0.3481,2,1,0,0
68,53196.77,24886.92,,0.3181,1,1,0,0
59,,8403.35,126.0,0.0795,1,4,1,0
74,8000.0,12472.11,268.0,0.3813,2,1,1,1
54,32678.58,11544.24,334.0,0.1433,2,6,1,0
48,72576.92,-1456.79,335.0,0.1911,2,5,1,0
28,57730.74,5321.52,,0.2755,0,7,1,1
40,91211.58,-4651.49,408.0,0.2957,1,5,1,0
66,87609.51,13319.43,166.0,0.032,0,2,1,0
39,52489.8,-5000.0,207.0,0.3257,1,3,1,0
21,38700.53,8607.91,27.0,0.4618,2,5,1,0
31,21039.03,12053.74,478.0,0.1843,0,5,0,0
51,33104.79,-933.14,437.0,0.2488,2,3,1,0
53,34793.83,-2767.96,117.0,0.35,2,6,1,0
74,30168.77,1642.46,250.0,0.1786,0,7,1,0
71,22041.56,-4139.45,401.0,0.0439,1,2,1,0
48,55039.41,4251.18,33.0,0.1646,1,2,1,0
49,87415.99,-4335.76,323.0,0.0236,1,7,0,0
63,68331.42,-3756.45,360.0,0.1068,2,4,0,0
20,36939.5,7375.22,308.0,0.4005,2,2,1,0
51,70350.72,7940.47,374.0,0.184,1,5,1,0
45,53666.27,651.89,107.0,0.1509,1,7,0,0
62,43982.39,-5000.0,221.0,0.5196,1,4,1,0
63,42421.93,12366.88,304.0,0.2007,2,4,1,0
55,40001.5,-587.21,469.0,0.2606,2,6,0,0
55,61276.65,19498.52,28.0,0.1896,1,4,1,0
57,48491.75,1940.83,108.0,0.0887,2,5,0,0
51,26789.43,4086.22,156.0,0.2856,0,3,0,0
30,25578.7,-454.01,405.0,0.4491,0,5,1,0
34,52647.6,4947.27,366.0,0.3876,2,6,1,0
60,55716.28,30812.54,406.0,0.3946,1,6,0,0
53,37171.68,208.25,309.0,0.3665,1,4,1,0
31,16699.86,13210.63,250.0,0.4329,1,1,1,0
68,76274.13,3725.07,192.0,0.316,2,3,1,0
73,70965.12,12390.35,259.0,0.2246,2,6,1,0
53,8000.0,-5000.0,48.0,0.2599,2,6,1,0
30,78489.57,18559.1,53.0,0.3678,2,4,1,0
71,39775.61,5728.2,,0.3436,1,7,0,0
31,49749.68,857.96,63.0,0.5689,1,5,1,1
42,73455.58,10226.48,158.0,0.134,2,2,1,0
66,86313.47,4151.28,202.0,0.0712,2,5,0,0
47,70071.63,-5000.0,474.0,0.4569,2,6,0,0
31,51025.76,-5000.0,440.0,0.4617,0,3,1,0
22,10608.98,17608.47,370.0,0.2693,2,7,0,0
38,8000.0,1217.2,102.0,0.1718,1,3,0,0
56,66953.97,-1903.43,253.0,0.0397,2,2,0,0
58,78550.76,-1281.73,228.0,0.3325,2,2,1,0
30,24633.88,14715.76,300.0,0.2751,2,4,1,0
27,38255.5,-920.89,30.0,0.2242,1,2,1,0
57,31068.35,8154.92,29.0,0.1183,1,2,1,0
27,30402.5,322.96,143.0,0.4784,2,2,1,0
21,71874.03,-5000.0,38.0,0.6563,0,2,0,1
45,50459.33,10210.28,178.0,0.4635,0,1,1,0
50,39270.54,11824.04,186.0,0.0788,0,2,1,0
31,111438.0,-2434.55,462.0,0.3256,2,5,0,0
30,9139.48,2697.94,324.0,0.5091,2,3,0,0
31,58697.78,3776.07,92.0,0.5402,1,3,1,0
37,18775.54,6561.0,282.0,0.2166,2,2,1,0
18,41064.08,18770.32,48.0,0.2092,2,6,1,0
18,48715.96,409.04,467.0,0.587,2,2,0,0
39,66114.89,359.65,25.0,0.4248,1,7,1,0
19,38470.45,1597.48,108.0,0.3723,1,5,1,0
36,35826.3,-4537.72,250.0,0.3835,1,4,1,0
51,38022.87,-5000.0,329.0,0.2731,1,3,1,0
19,18001.18,4070.1,249.0,0.2215,0,3,1,0
53,60807.75,7218.21,450.0,0.3274,2,1,1,0
53,52033.36,3019.62,94.0,0.1485,1,3,1,0
50,55879.22,2498.35,479.0,0.12,2,1,1,0
53,43261.42,-4189.84,118.0,0.2868,0,2,1,0
64,40178.05,5019.22,351.0,0.4266,1,1,1,0
22,74390.01,4358.87,153.0,0.5565,0,2,0,1
27,70544.66,6799.13,327.0,0.2341,1,5,1,0
36,80370.01,5589.41,4.0,0.4144,1,4,1,0
57,54314.86,6150.53,345.0,0.0692,1,1,1,0
67,78816.6,13550.25,392.0,0.0836,1,2,1,0
70,,7577.58,163.0,0.1251,2,1,1,0
51,39978.71,6844.88,370.0,0.4735,2,2,0,0
41,74877.52,-5000.0,255.0,0.5991,2,2,0,0
41,66085.54,11427.98,153.0,0.1136,2,1,0,0
21,37738.74,617.16,279.0,0.4334,2,1,1,0
44,18843.54,3633.69,275.0,0.6097,1,3,1,0
47,39900.89,-5000.0,164.0,0.4818,1,2,0,1
29,27878.29,19718.99,157.0,0.0709,2,1,1,0
61,88112.59,-5000.0,214.0,0.2021,2,3,1,0
64,64001.02,14904.9,12.0,0.2614,2,2,1,0
35,25851.94,6401.28,276.0,0.259,1,5,1,0
70,18875.23,-5000.0,283.0,0.3418,2,4,0,0
24,25542.17,19291.18,258.0,0.4146,1,6,1,0
69,31029.37,7110.12,346.0,0.4266,2,1,1,0
61,40832.49,-5000.0,237.0,0.1729,1,4,1,0
30,72863.66,-379.65,160.0,0.1304,0,3,1,1
55,20837.08,7276.12,,0.4295,2,7,1,0
35,102238.43,16705.9,115.0,0.317,1,6,1,1
63,21417.49,-273.99,4.0,0.3042,0,7,1,0
27,9773.81,-5000.0,126.0,0.0751,0,2,1,0
31,87207.62,14672.16,343.0,0.6722,1,6,1,0
35,78031.39,6985.62,167.0,0.1596,2,1,1,0
29,40441.28,-5000.0,80.0,0.1138,0,3,1,0
36,54533.31,5741.57,,0.2965,1,1,1,0
52,55164.23,6588.53,91.0,0.0545,1,6,1,0
54,48417.81,402.27,362.0,0.3413,1,6,0,0
49,12588.01,-3618.26,49.0,0.3204,2,1,0,0
28,8000.0,-1877.85,95.0,0.1891,1,5,0,0
29,23881.85,397.17,375.0,0.4628,2,4,1,0
70,90403.86,5837.76,339.0,0.1608,2,7,1,0
32,91385.34,9306.88,117.0,0.3907,2,1,0,1
23,38454.08,-5000.0,462.0,0.2008,2,4,1,0
43,21050.89,5047.77,30.0,0.3659,1,6,1,0
18,51953.03,6903.57,86.0,0.4384,2,5,0,0
37,,4353.13,109.0,0.2415,2,5,1,0
66,60017.99,-238.85,243.0,0.3877,1,5,1,0
33,8000.0,14358.48,245.0,0.2344,1,3,0,0
58,123943.9,13755.22,173.0,0.2747,0,2,1,0
45,73311.87,70.3,112.0,0.1769,2,2,1,0
38,40053.41,2335.38,288.0,0.4611,2,2,1,0
55,27038.06,9174.72,193.0,0.3154,2,1,0,0
51,69682.64,13261.02,422.0,0.3639,1,6,1,0
36,57384.87,-3524.19,36.0,0.2442,2,5,1,1
30,47303.69,-5000.0,425.0,0.4071,2,1,0,0
70,56458.37,5193.29,392.0,0.5256,2,7,1,0
27,42182.01,-5000.0,212.0,0.2383,2,1,1,0
72,55046.56,-5000.0,335.0,0.2421,1,3,0,0
44,63159.07,-3563.01,363.0,0.24,1,7,0,0
74,53582.92,6337.31,424.0,0.3104,2,7,0,0
38,52273.05,15428.88,,0.2423,2,5,1,0
50,79821.5,-2670.12,39.0,0.4209,1,2,0,0
53,8000.0,2005.87,370.0,0.0958,1,2,1,0
37,25052.94,4244.36,73.0,0.2214,1,3,1,1
30,45664.02,-2188.79,424.0,0.2755,2,5,1,0
47,26753.31,-2817.31,393.0,0.2425,2,2,0,0
55,35099.19,5679.88,341.0,0.014,2,6,1,0
32,77193.54,-5000.0,167.0,0.3477,1,7,0,0
61,41275.73,-3139.31,29.0,0.3166,2,3,1,0
54,8000.0,1379.3,206.0,0.6032,1,7,1,0
27,34416.46,5579.69,117.0,0.0905,2,6,0,0
71,46452.83,-5000.0,466.0,0.0644,0,6,1,0
20,45992.24,1953.47,377.0,0.1677,2,5,1,0
55,58900.94,-5000.0,89.0,0.434,0,6,1,1
43,56859.71,-2473.61,9.0,0.3166,2,2,1,0
55,41529.35,9309.01,441.0,0.148,0,1,0,0
62,15174.01,2409.24,248.0,0.2617,2,3,0,0
57,33971.52,16352.56,348.0,0.0402,2,1,1,0
55,29430.59,2422.42,293.0,0.2314,2,6,1,0
65,37872.4,10744.1,149.0,0.2501,2,3,1,0
58,62279.21,9358.2,393.0,0.2547,1,7,1,0
64,,2894.24,105.0,0.0955,2,3,0,0
40,65600.14,-5000.0,387.0,0.5377,0,1,1,0
29,35397.92,2158.99,465.0,0.1713,0,4,1,0
31,82709.02,-1262.17,35.0,0.716,2,4,1,0
52,61820.96,-1571.35,375.0,0.0973,2,5,1,0
48,47805.87,4246.57,326.0,0.6405,1,3,1,0
22,60083.66,-5000.0,368.0,0.1295,1,3,0,0
29,28105.99,-3990.75,379.0,0.1118,2,6,1,0
73,8000.0,-5000.0,449.0,0.219,1,1,1,0
59,29832.59,966.2,50.0,0.5683,0,6,1,0
61,63686.42,-3145.29,144.0,0.3131,0,6,1,1
29,47005.4,-2619.43,232.0,0.3233,1,7,1,0
21,41579.14,4083.71,425.0,0.1619,1,5,1,0
34,23804.0,-565.48,311.0,0.1378,2,5,1,0
66,8000.0,3038.45,291.0,0.3394,2,1,0,0
46,80621.14,,164.0,0.4162,0,7,1,0
62,39802.63,-3627.38,59.0,0.2031,1,2,1,1
45,34261.55,19326.63,177.0,0.1381,2,7,1,0
45,28208.84,-2579.24,229.0,0.2325,1,5,1,0
52,76363.06,-5000.0,49.0,0.2635,1,5,1,1
72,67033.77,5737.03,77.0,0.3324,1,1,1,0
42,20819.01,-2663.75,371.0,0.1186,1,1,1,0
51,74113.57,4950.78,117.0,0.4128,2,5,0,0
70,41373.24,2283.72,113.0,0.249,2,2,0,0
39,29736.45,7399.01,49.0,0.1891,2,4,1,1
65,37659.69,2203.02,208.0,0.1106,0,2,0,0
48,25417.57,1187.58,21.0,0.8153,1,4,0,1
68,11978.07,12183.36,247.0,0.5962,2,6,1,0
44,64403.27,-5000.0,34.0,0.2946,1,3,1,0
53,39482.38,-5000.0,41.0,0.3165,2,5,1,0
36,60430.24,-3600.76,468.0,0.1998,0,1,1,0
54,52180.33,-5000.0,206.0,0.015,2,2,1,0
36,58713.53,-835.09,140.0,0.12,0,5,0,1
52,8000.0,-1624.64,73.0,0.4823,1,2,0,0
62,23330.99,10797.6,215.0,0.0253,1,6,0,0
42,59234.12,2293.82,111.0,0.3805,1,3,1,0
42,13129.23,1295.91,107.0,0.5451,2,6,1,0
36,54326.63,-38.71,171.0,0.1045,1,2,1,0
59,10232.39,-5000.0,64.0,0.4002,1,5,0,1
51,45411.1,10126.35,235.0,0.2382,0,7,1,0
47,85249.76,12680.62,196.0,0.6656,1,2,1,0
19,64365.0,-5000.0,208.0,0.0909,2,1,1,0
24,8000.0,15960.45,375.0,0.43,1,2,0,0
18,66209.29,-2367.86,34.0,0.4227,2,4,1,0
66,90555.96,-3020.13,129.0,0.0985,1,7,1,0
66,114925.4,6782.35,168.0,0.6324,1,4,1,0
21,56876.89,7496.35,184.0,0.1741,2,2,1,0
20,10889.5,2429.89,18.0,0.1413,2,6,1,0
62,55866.95,229.72,121.0,0.036,1,5,1,0
47,84900.84,12378.82,120.0,0.1839,1,4,1,0
35,40322.8,-1986.39,438.0,0.2049,2,5,1,0
53,71077.72,2449.85,40.0,0.2767,2,4,0,0
31,24009.93,16550.3,239.0,0.3482,2,4,1,1
29,54308.83,-5000.0,80.0,0.3074,2,7,0,0
38,8000.0,-669.2,468.0,0.3286,2,4,1,0
69,21241.62,11201.08,241.0,0.0816,1,4,0,0
61,44846.98,7224.0,156.0,0.0777,2,4,1,0
28,35916.08,10152.14,445.0,0.1791,1,4,1,0
50,12484.56,-5000.0,309.0,0.0381,2,1,1,0
68,32508.6,5568.92,93.0,0.2057,1,7,0,0
72,53241.38,718.35,341.0,0.1921,1,1,1,0
61,42844.31,21179.34,350.0,0.3223,1,6,1,0
25,46523.44,9475.02,243.0,0.3388,2,6,1,0
31,63299.22,2821.45,,0.2119,1,1,1,0
30,36420.93,5287.19,354.0,0.3394,2,5,0,0
26,78979.45,3434.3,161.0,0.2347,1,1,0,0
27,20268.22,8592.12,50.0,0.2277,2,3,0,0
36,93200.06,-3850.4,192.0,0.2649,2,6,0,1
49,72825.97,13921.74,237.0,0.0531,2,2,1,0
40,36100.06,-5000.0,52.0,0.2852,2,4,0,0
41,37767.03,4640.35,104.0,0.3475,1,1,1,0
32,50168.39,-3594.24,305.0,0.4367,2,6,1,0
26,59966.77,3342.62,321.0,0.4057,0,7,0,0
74,72363.71,10904.15,69.0,0.2247,0,7,1,1
52,11485.22,-5000.0,116.0,0.3754,1,4,1,1
31,55936.07,1644.17,384.0,0.5987,1,6,1,0
64,8000.0,-5000.0,42.0,0.2848,2,4,1,0
65,40567.49,764.94,283.0,0.1732,2,5,1,0
73,81347.81,-5000.0,200.0,0.1816,2,6,1,0
27,9559.77,4294.29,355.0,0.1518,0,7,0,0
54,8000.0,-409.36,17.0,0.0418,2,7,1,0
73,50519.88,8976.98,78.0,0.1801,2,5,0,0
63,79685.73,12828.46,394.0,0.3534,0,4,1,0
30,53134.89,3085.18,152.0,0.4411,0,7,0,1
68,8000.0,10149.24,181.0,0.1526,2,2,0,0
42,8000.0,14059.67,338.0,0.3501,1,7,0,0
45,47443.66,-4376.82,225.0,0.2017,0,3,1,0
49,15518.94,14479.88,217.0,0.1628,2,4,0,0
61,48417.16,2704.49,27.0,0.1097,0,3,1,1
24,49899.88,-4827.01,303.0,0.3507,2,1,1,0
48,32756.06,5387.7,66.0,0.2314,1,5,0,0
64,90368.86,2423.24,,0.3211,2,3,0,0
49,59761.68,-5000.0,168.0,0.1906,1,5,1,0
33,75289.77,-5000.0,322.0,0.404,2,6,1,0
21,68014.54,16098.51,324.0,0.3061,2,6,1,0
49,41248.16,5228.6,307.0,0.1199,2,3,0,0
58,40138.82,14854.35,295.0,0.0179,2,7,1,0
49,37559.5,-332.59,143.0,0.2163,2,4,1,0
73,62027.56,-3413.03,166.0,0.2987,1,7,0,0
52,28740.87,-5000.0,423.0,0.1864,2,4,1,0
46,88125.82,10743.82,340.0,0.2471,1,7,1,0
21,26353.27,6285.06,351.0,0.1754,1,1,1,0
49,50361.88,-260.36,417.0,0.1285,1,3,1,0
27,39272.98,-3341.28,32.0,0.2014,2,5,1,0
59,33730.17,12014.96,0.0,0.3745,1,6,1,0
27,99308.67,1581.75,18.0,0.0445,0,3,0,0
69,34023.64,1667.76,,0.246,2,7,1,0
35,37381.97,-1806.17,343.0,0.2696,2,7,0,0
42,28396.66,-259.68,456.0,0.1174,0,3,0,0
26,46026.02,7400.98,303.0,0.308,2,1,1,0
30,42467.34,-5000.0,352.0,0.3662,2,7,1,0
70,17018.67,3645.9,443.0,0.165,1,6,0,0
34,34390.75,10644.68,81.0,0.3912,2,5,1,0
47,60242.16,2321.93,324.0,0.0601,2,5,1,0
73,,11433.81,319.0,0.6644,1,6,0,0
53,45600.02,13724.79,99.0,0.0191,1,6,0,0
20,46474.87,10228.66,224.0,0.4527,0,1,0,0
38,35975.12,-1298.05,,0.3811,2,3,0,0
40,32438.96,2716.49,230.0,0.3753,2,1,0,0
33,22010.67,5766.16,255.0,0.2001,2,2,0,0
31,8000.0,-758.0,181.0,0.5928,2,2,0,0
46,27438.83,-1024.85,238.0,0.0637,2,2,1,0
39,67601.32,-1506.51,304.0,0.0539,2,6,1,0
34,34389.58,23348.48,449.0,0.1057,0,4,1,0
41,36349.53,831.27,189.0,0.142,1,6,0,0
37,35862.87,11549.4,340.0,0.2644,1,4,1,0
31,76117.69,-3955.22,210.0,0.3856,2,1,1,0
43,21790.44,16614.2,432.0,0.0927,2,1,1,0
71,,-28.54,270.0,0.0806,2,5,1,0
46,43288.35,3423.82,363.0,0.4998,2,4,1,0
52,46698.17,-5000.0,139.0,0.2297,0,1,1,0
74,51108.76,11932.81,317.0,0.1301,2,2,1,0
52,46429.12,13665.76,121.0,0.5332,1,6,0,0
30,64825.55,-5000.0,270.0,0.2482,2,5,1,0
40,44268.57,12398.43,92.0,0.4344,0,6,0,1
45,88609.41,-5000.0,278.0,0.4152,1,5,0,0
45,46112.0,8056.54,85.0,0.2325,1,6,1,1
26,8000.0,696.24,243.0,0.2559,1,2,0,0
24,60957.76,13690.03,232.0,0.1166,2,7,0,0
37,54802.42,4993.53,,0.6888,2,4,0,0
70,45813.63,10451.75,50.0,0.3246,1,5,1,1
58,38510.72,,112.0,0.3396,1,1,1,1
65,8000.0,671.75,340.0,0.1438,2,1,1,0
27,8000.0,2768.77,439.0,0.2729,2,6,1,0
41,86187.98,-5000.0,387.0,0.3901,2,2,1,0
51,30362.43,599.81,268.0,0.027,0,1,1,0
42,69140.51,18416.58,128.0,0.1061,1,1,0,0
41,8000.0,9046.26,209.0,0.1812,2,4,0,0
38,18828.54,-5000.0,411.0,0.2516,2,3,0,0
20,61966.02,16051.54,101.0,0.4235,0,5,0,0
66,,,472.0,0.6756,1,3,1,0
71,58441.68,9643.4,132.0,0.3726,1,4,0,0
22,44659.19,6924.23,231.0,0.2438,2,6,1,0
41,39808.2,6358.07,280.0,0.2343,2,7,1,0
47,27998.9,-5000.0,141.0,0.3327,1,5,0,0
62,15149.93,11855.68,72.0,0.3181,2,6,0,0
74,80067.53,-5000.0,148.0,0.2818,1,1,1,0
41,84182.73,11127.91,1.0,0.2607,1,1,0,0
60,19032.43,3796.53,305.0,0.4155,0,1,0,0
71,17398.02,9683.71,124.0,0.3669,2,5,0,0
65,36305.67,4267.21,212.0,0.1677,2,3,1,0
34,53510.88,11350.02,145.0,0.3527,2,3,1,0
64,,3129.18,96.0,0.2442,2,4,0,0
41,57488.0,5247.41,451.0,0.0564,2,3,1,0
18,43768.78,6238.08,164.0,0.4689,2,7,1,0
61,42134.22,18029.14,279.0,0.1951,2,2,1,0
65,105326.97,7802.2,163.0,0.2617,0,5,0,0
37,31869.92,-5000.0,194.0,0.1033,2,5,1,0
43,85998.67,-1511.84,119.0,0.2652,2,2,0,0
38,81171.58,7784.03,471.0,0.2615,1,7,0,0
24,57602.34,13077.97,289.0,0.1284,2,1,1,0
74,8000.0,-2777.41,176.0,0.1084,1,5,1,0
19,45776.44,20919.02,266.0,0.1781,0,1,0,0
49,32132.63,4404.83,459.0,0.123,1,2,1,0
18,45502.27,6364.54,297.0,0.1234,1,7,1,0
57,18425.83,-5000.0,451.0,0.119,0,1,0,0
69,63906.45,11923.81,318.0,0.2509,1,2,1,0
54,69624.63,-566.27,331.0,0.1766,1,2,0,0
52,74250.61,-2967.06,179.0,0.3604,2,5,1,0
65,35445.53,462.46,252.0,0.3155,2,5,1,0
73,18514.37,14062.22,290.0,0.4364,2,2,0,0
67,53792.04,6725.94,394.0,0.016,2,7,1,0
31,88901.86,-4112.68,356.0,0.2738,2,7,0,0
50,46734.74,-1243.03,155.0,0.4468,2,7,0,0
64,56307.43,14276.53,206.0,0.1323,2,2,1,0
34,39126.91,1108.95,176.0,0.1432,1,7,1,0
56,32413.24,7483.3,472.0,0.3598,2,5,1,0
19,61456.9,9441.19,99.0,0.2818,2,7,1,0
68,42348.33,-5000.0,278.0,0.339,2,4,1,0
53,55088.07,13115.13,122.0,0.2706,2,5,0,0
60,57687.67,-3818.81,63.0,0.2417,0,6,1,0
65,53687.92,115.29,65.0,0.1244,2,1,1,0
30,58946.38,15314.55,9.0,0.2975,2,6,1,0
43,23674.86,14575.4,408.0,0.3887,2,2,1,0
66,22149.27,6942.24,400.0,0.2459,2,6,0,0
27,43934.46,8827.51,0.0,0.3154,1,5,0,0
64,44535.97,10823.69,128.0,0.3976,2,5,0,1
34,31941.93,14440.86,203.0,0.3358,0,1,0,0
50,51025.01,15459.35,74.0,0.1111,2,5,1,0
47,67705.44,3861.62,174.0,0.3219,1,5,0,0
57,74687.8,-2898.68,443.0,0.7907,1,2,0,0
65,80306.55,958.78,186.0,0.5065,2,5,1,0
37,12129.96,4017.6,244.0,0.1338,1,2,1,0
27,15925.04,2575.46,405.0,0.2853,1,1,0,0
42,37758.87,-5000.0,0.0,0.6594,1,1,1,1
52,47007.16,6494.35,394.0,0.1938,2,6,1,0
60,39039.55,-5000.0,218.0,0.0867,2,3,1,0
60,31184.02,3683.1,318.0,0.1887,2,4,1,0
37,37389.54,4196.0,460.0,0.1614,2,5,1,0
71,57082.85,3921.93,330.0,0.3925,2,1,0,0
22,11759.44,9809.72,144.0,0.1081,0,3,1,0
24,103583.93,8748.85,385.0,0.1569,2,3,1,0
19,45524.84,20781.43,114.0,0.2208,1,6,1,0
70,71271.18,-1141.69,184.0,0.1916,0,7,1,1
28,30499.88,5234.67,310.0,0.1035,2,5,0,0
52,59358.74,4721.89,216.0,0.3298,1,7,0,0
64,47502.28,4345.49,409.0,0.4689,0,1,0,0
61,66420.21,-5000.0,117.0,0.3657,2,6,0,0
72,40033.83,-5000.0,307.0,0.373,0,2,0,0
21,83789.09,3051.73,114.0,0.4915,2,6,0,0
41,8000.0,-5000.0,284.0,0.3992,1,2,0,0
46,68734.35,326.36,448.0,0.2133,2,4,0,0
57,47967.99,-2180.32,,0.3562,0,3,1,0
53,19541.83,,365.0,0.5308,1,4,1,0
49,93801.65,12058.62,304.0,0.2697,1,1,1,0
35,91217.44,-5000.0,217.0,0.1383,0,7,1,0
24,8000.0,9958.39,150.0,0.0282,2,4,0,0
42,49419.61,-1570.3,18.0,0.3483,1,1,0,1
32,62641.56,-574.02,243.0,0.4102,1,5,0,1
49,56042.62,6724.37,356.0,0.1735,2,3,1,0
63,82888.24,806.81,401.0,0.1918,0,1,0,0
49,77690.82,,455.0,0.2888,2,1,1,0
51,51629.68,37.78,87.0,0.3967,1,2,1,1
20,101927.59,-5000.0,444.0,0.3635,1,3,1,0
54,68421.16,6049.48,133.0,0.4136,2,7,0,0
43,36214.64,-5000.0,342.0,0.2835,1,2,0,0
25,31191.31,10104.16,357.0,0.4565,2,6,1,0
30,76083.54,7922.1,310.0,0.0479,1,4,1,1
62,25176.14,15811.48,201.0,0.3262,2,4,1,0
70,34756.54,20456.62,58.0,0.1828,1,5,0,0
46,39010.7,10486.17,240.0,0.35,2,3,1,0
73,53891.33,-2019.24,41.0,0.3867,1,4,1,0
28,40163.54,20380.98,301.0,0.581,2,6,1,0
35,12075.73,,127.0,0.2956,2,6,1,0
71,74051.99,-5000.0,93.0,0.5321,0,2,1,0
27,34890.03,17819.71,270.0,0.4524,0,2,0,0
55,95498.38,7812.47,119.0,0.1114,2,3,0,0
30,52599.75,-5000.0,438.0,0.2982,1,6,0,0
36,76680.19,-5000.0,47.0,0.6573,0,6,1,1
45,60771.54,7410.28,418.0,0.086,2,6,1,0
38,77876.41,-3959.72,371.0,0.1239,1,6,1,0
67,59258.47,-2809.19,146.0,0.3163,2,1,1,0
73,,18731.38,272.0,0.3912,1,4,0,0
46,72330.85,20185.55,175.0,0.287,2,6,1,0
47,107149.3,4174.1,114.0,0.2979,0,2,1,0
21,38255.08,1796.05,148.0,0.2288,2,7,0,0
31,64873.17,10219.64,163.0,0.1243,2,5,0,0
20,44868.88,,254.0,0.0212,2,3,0,0
66,57651.48,-5000.0,278.0,0.4575,2,5,0,1
30,46053.96,-5000.0,388.0,0.0381,2,3,1,0
37,8000.0,2411.21,274.0,0.312,1,5,1,1
66,39995.33,10055.03,375.0,0.1086,2,4,1,0
58,69988.88,3128.0,441.0,0.3291,2,7,1,0
53,25869.83,9479.69,425.0,0.1786,2,2,0,0
20,68023.66,10278.67,195.0,0.5437,0,7,0,0
50,49590.23,14088.33,250.0,0.4835,0,6,0,0
49,40212.74,4490.12,386.0,0.4444,2,2,1,0
36,67645.38,5207.0,,0.6171,0,4,1,0
60,62025.79,2705.6,62.0,0.3103,1,3,1,1
70,55513.68,932.78,457.0,0.447,1,1,0,0
32,70397.51,-5000.0,368.0,0.0678,1,3,0,0
36,50077.46,12375.87,324.0,0.3906,2,7,1,0
36,8000.0,,474.0,0.2705,2,6,1,0
65,35546.98,-528.39,80.0,0.4111,2,3,1,0
22,8000.0,-1332.94,425.0,0.1556,2,3,1,0
69,61434.12,-5000.0,156.0,0.1074,1,2,1,0
62,67405.0,2315.65,390.0,0.4344,2,3,1,0
45,68542.56,7131.4,36.0,0.3183,0,6,1,1
51,57227.37,-2642.3,266.0,0.1785,2,3,1,0
68,69198.13,11300.81,53.0,0.0762,2,4,1,0
61,8000.0,52.71,455.0,0.3619,2,7,0,0
33,42310.83,-5000.0,236.0,0.2325,1,7,1,0
20,9627.1,13989.59,410.0,0.0847,2,4,0,0
55,36041.76,4587.7,354.0,0.2828,1,2,1,0
26,85406.29,9906.27,231.0,0.0665,2,4,1,0
23,72330.93,10094.88,90.0,0.5932,1,5,1,1
73,61557.14,-4568.88,224.0,0.4892,2,7,1,0
45,40459.49,-1175.31,153.0,0.1891,1,1,0,0
55,20160.13,11274.29,121.0,0.521,1,2,1,0
30,49675.69,17681.74,161.0,0.2774,1,7,1,0
23,72766.9,3506.29,110.0,0.3221,2,4,1,0
21,55246.79,-2017.52,403.0,0.6262,2,1,1,0
38,8000.0,16458.69,436.0,0.2264,2,4,1,0
18,47615.27,-2013.01,88.0,0.3304,1,2,1,0
41,8000.0,5631.76,101.0,0.2384,2,5,0,0
36,65104.6,-422.26,16.0,0.7681,2,1,1,0
48,,5152.58,200.0,0.0877,2,3,1,0
51,14421.97,-4563.62,299.0,0.301,1,2,1,0
35,65448.27,2.71,126.0,0.2821,1,6,0,0
43,58984.45,-2018.38,252.0,0.162,2,7,1,0
22,50809.97,8297.91,,0.5783,2,4,1,1
35,99792.7,4305.72,1.0,0.1719,0,3,0,1
73,60875.0,10041.61,114.0,0.0538,0,7,1,0
74,28876.08,-3606.08,367.0,0.1636,1,4,1,0
45,57980.1,1332.39,423.0,0.6506,1,4,0,0
71,37848.07,8000.25,203.0,0.2247,0,7,0,0
46,76668.97,9869.6,278.0,0.5858,1,1,1,0
25,52024.43,-5000.0,262.0,0.2041,2,1,1,0
67,54498.08,5542.37,145.0,0.3979,2,5,0,0
41,8940.79,-3506.0,321.0,0.0419,1,7,0,0
52,46533.79,10274.41,195.0,0.097,2,3,0,0
54,43593.35,17884.04,24.0,0.2347,2,7,1,0
35,19394.66,-5000.0,185.0,0.4747,2,4,1,0
59,39462.46,-2247.59,82.0,0.5226,2,4,1,0
46,55893.81,5110.17,229.0,0.1547,2,1,1,0
38,44891.26,2969.25,222.0,0.1223,2,2,0,0
34,9697.51,10517.21,224.0,0.2712,2,4,1,0
60,38169.58,3632.52,82.0,0.1519,0,5,1,0
32,33299.38,-1237.93,454.0,0.6582,0,4,1,0
25,49837.84,-5000.0,55.0,0.6109,0,6,1,0
68,,-5000.0,140.0,0.4013,1,3,1,0
36,34709.67,-2942.0,155.0,0.3311,1,3,1,0
54,33733.41,,218.0,0.2589,2,1,1,0
58,46680.56,6070.02,204.0,0.0578,1,6,0,0
65,69074.42,1746.18,473.0,0.0782,0,3,1,0
53,51966.01,-2207.15,407.0,0.1365,1,2,0,0
58,80576.73,-5000.0,26.0,0.3676,1,4,1,0
65,73329.77,-2621.03,285.0,0.0602,2,1,0,0
71,82417.06,-1512.26,247.0,0.245,2,5,0,0
20,79215.69,-2985.01,446.0,0.3699,0,5,1,0
60,84073.74,8384.9,163.0,0.2369,1,5,1,0
27,16171.43,13944.36,219.0,0.3668,2,4,1,0
68,61185.66,-5000.0,445.0,0.4641,2,2,1,0
20,75458.01,11954.03,226.0,0.6051,2,1,1,0
32,79975.68,8545.89,291.0,0.3062,2,2,1,0
28,25732.03,4438.95,149.0,0.2944,1,2,1,0
52,61434.51,15213.31,375.0,0.2505,1,2,1,0
18,46880.08,1637.85,39.0,0.0355,1,5,0,0
18,91176.51,6215.18,468.0,0.1854,1,2,0,0
46,10317.71,3989.79,82.0,0.4243,1,5,1,0
73,25767.76,3394.81,276.0,0.6773,1,5,1,0
48,8000.0,6671.99,32.0,0.3692,2,5,1,0
43,48615.41,3371.37,46.0,0.2882,2,5,0,1
55,101596.01,6728.94,337.0,0.1459,2,3,0,0
49,43891.46,-2358.56,377.0,0.3771,1,7,1,0
39,47525.83,-2108.64,167.0,0.0197,0,6,0,1
51,58755.97,-2394.87,27.0,0.3971,1,7,0,1
18,42092.74,81.62,15.0,0.2612,2,5,1,1
31,54150.65,11106.28,448.0,0.0603,2,1,0,0
56,54805.29,-697.64,361.0,0.3839,0,1,1,0
37,23861.08,8219.69,,0.364,0,6,1,1
21,42648.83,5123.57,122.0,0.3555,2,5,1,0
25,,-531.37,336.0,0.6083,2,2,0,0
67,68214.4,13473.46,428.0,0.1733,1,2,0,0
36,77462.54,8888.89,315.0,0.4158,2,4,1,0
19,53385.9,3014.26,395.0,0.3674,0,5,0,1
59,53894.64,2350.89,408.0,0.3638,1,4,1,0
48,63754.62,3749.81,145.0,0.4619,0,5,0,0
43,30130.74,-5000.0,351.0,0.5434,1,4,1,0
69,29105.52,-3599.69,113.0,0.4682,2,7,1,0
35,41880.05,,107.0,0.1988,1,7,1,0
50,13124.56,-5000.0,476.0,0.3312,2,2,1,0
60,55172.52,-2981.0,157.0,0.2587,1,4,0,0
52,71227.05,-140.35,393.0,0.5149,2,4,0,0
29,27248.91,26229.24,165.0,0.3998,1,5,1,0
56,55878.73,8389.9,444.0,0.2399,2,1,0,0
60,29271.72,11778.73,133.0,0.5954,1,5,1,0
24,19585.61,-3441.18,8.0,0.1786,1,3,0,0
27,96389.03,5896.45,222.0,0.5832,0,6,0,1
56,19944.17,-5000.0,287.0,0.1482,1,5,1,0
24,13017.02,355.08,184.0,0.3835,2,7,1,0
68,,7042.93,127.0,0.1163,1,2,0,0
24,51713.04,-5000.0,397.0,0.2902,2,2,1,0
73,61680.8,6145.1,179.0,0.4481,2,6,1,0
56,95030.7,6808.57,336.0,0.3581,0,4,0,0
43,25571.75,-1820.03,43.0,0.4114,2,4,0,0
33,30539.08,-3678.44,419.0,0.1794,0,7,1,0
37,85220.14,-2721.93,359.0,0.086,2,3,1,0
60,68478.09,224.41,80.0,0.2451,1,5,1,0
60,65002.03,465.81,252.0,0.0732,2,6,1,0
29,30253.28,7076.87,359.0,0.304,1,1,1,0
48,73147.21,-1275.22,,0.2779,1,6,1,0
74,65079.57,15817.01,,0.334,2,5,1,0
32,,15758.99,55.0,0.4174,1,1,0,1
57,30376.8,4889.61,28.0,0.777,0,6,1,1
27,47667.39,242.93,478.0,0.2726,2,7,0,0
65,86212.17,-1266.25,,0.5835,0,3,1,1
27,17650.81,5534.07,167.0,0.1876,2,6,1,0
34,25005.02,6933.72,411.0,0.657,1,1,1,0
44,29304.94,1391.97,456.0,0.3265,0,3,1,0
39,34729.47,-145.04,226.0,0.504,1,2,1,0
27,44606.58,5821.95,324.0,0.351,2,1,1,0
54,68964.28,3552.33,245.0,0.2987,2,3,1,0
19,56535.35,-1576.98,52.0,0.0919,2,2,1,0
74,46521.03,,235.0,0.1797,2,7,1,0
20,51924.84,-1842.15,375.0,0.5164,2,1,1,0
37,60599.77,-3013.27,300.0,0.2362,2,5,1,0
71,8000.0,2960.18,269.0,0.6083,2,1,1,0
26,71789.6,-1597.35,399.0,0.0248,0,3,1,0
22,24339.68,-2863.99,90.0,0.3443,2,3,1,0
60,33912.24,11365.71,272.0,0.1828,2,6,1,0
22,53510.88,-137.64,89.0,0.0767,0,2,1,0
69,43114.85,17746.89,29.0,0.2731,2,4,1,0
43,57173.26,8013.11,457.0,0.3018,0,4,0,0
67,48545.7,-3565.63,373.0,0.1825,1,4,1,0
31,37766.69,12278.08,479.0,0.5944,2,5,1,0
26,83218.95,-2732.96,220.0,0.301,0,5,0,0
72,62701.64,18786.78,276.0,0.2551,0,3,1,0
61,52552.93,4809.54,29.0,0.5195,2,4,1,0
69,62313.0,7340.54,89.0,0.1708,2,2,0,0
36,27366.76,3247.62,40.0,0.4819,2,4,0,1
41,99369.29,5127.06,163.0,0.0612,0,4,1,0
50,17809.07,1167.12,195.0,0.4445,2,1,0,0
43,47829.22,-4406.47,101.0,0.5156,0,7,0,1
31,,5717.4,373.0,0.5545,2,3,0,0
39,36889.64,11198.39,291.0,0.146,2,6,0,0
52,33643.58,-5000.0,208.0,0.3277,1,7,0,0
20,25707.25,15323.79,192.0,0.3043,1,4,0,0
37,74708.56,7809.1,271.0,0.1461,1,1,0,0
34,14882.43,-495.27,181.0,0.0411,1,2,1,0
22,69589.1,-638.22,370.0,0.1822,2,4,1,0
24,61213.44,17913.3,384.0,0.23,1,3,1,1
46,35477.72,10509.8,88.0,0.3702,2,2,0,0
23,58315.18,12120.41,462.0,0.1145,0,1,0,0
37,41052.52,991.51,219.0,0.1898,1,7,1,1
49,17474.84,7444.13,94.0,0.1254,2,5,0,0
67,17739.16,5795.03,408.0,0.3631,0,4,1,0
23,61386.04,1602.8,198.0,0.4947,1,2,1,1
42,60089.26,3874.06,71.0,0.4225,0,5,1,0
23,51050.29,11880.41,257.0,0.2114,2,2,1,0
42,35212.09,,196.0,0.2729,2,7,0,0
45,40239.21,988.03,118.0,0.283,1,6,0,0
63,36861.17,-5000.0,348.0,0.1289,0,6,0,0
43,8000.0,16148.74,192.0,0.3982,1,3,0,0
71,46531.33,,253.0,0.2164,0,5,0,0
25,58061.37,6203.1,,0.3534,1,6,1,0
21,,17341.05,177.0,0.3013,1,6,1,0
18,89228.73,5620.92,19.0,0.5494,1,2,1,0
38,19885.95,-4272.47,135.0,0.1143,0,2,1,0
28,28472.41,-5000.0,377.0,0.2465,2,4,1,0
23,48325.47,-5000.0,444.0,0.1792,1,1,1,0
31,51094.17,3036.45,162.0,0.305,2,1,0,0
73,8000.0,-729.97,335.0,0.0919,2,4,0,0
63,60067.45,-1630.84,339.0,0.1657,1,4,1,0
19,,2144.75,375.0,0.3414,2,1,1,0
70,8000.0,9863.77,39.0,0.4951,1,5,0,0
29,,-1376.07,142.0,0.5291,2,7,1,0
41,24786.46,-2723.15,321.0,0.3304,1,7,1,0
36,33666.92,-848.09,141.0,0.3341,0,2,1,1
41,11547.48,10367.4,313.0,0.2771,1,7,1,0
61,55404.72,2439.86,431.0,0.0435,2,7,1,0
58,89044.41,5239.26,394.0,0.1291,2,3,0,0
51,51625.59,15424.19,235.0,0.1858,2,1,0,0
53,8000.0,25746.19,98.0,0.2978,0,1,1,0
59,52139.9,8123.1,153.0,0.0042,1,3,1,0
28,40134.03,7330.85,264.0,0.4515,1,5,1,0
40,17474.69,-5000.0,357.0,0.0681,1,2,0,0
24,53840.6,5948.12,432.0,0.1997,2,6,0,0
58,66994.12,3495.96,405.0,0.4944,2,5,1,0
42,28287.66,10137.99,105.0,0.3549,1,2,0,0
54,8000.0,-134.77,53.0,0.2239,2,5,0,0
50,8000.0,4605.74,59.0,0.2979,0,2,0,1
33,28357.87,7841.86,105.0,0.5405,2,7,0,0
25,41112.41,18188.34,165.0,0.3101,2,6,1,0
73,32099.86,15510.17,19.0,0.1434,2,5,0,0
34,27917.95,13128.58,463.0,0.2819,1,4,0,0
24,59197.49,8816.95,166.0,0.4522,2,1,0,0
35,56570.65,-450.61,75.0,0.2371,2,3,1,0
69,49989.84,8812.31,255.0,0.0267,2,7,0,0
32,65412.19,-3178.14,57.0,0.11,1,6,0,1
74,28592.32,1350.25,409.0,0.0746,2,6,1,0
44,17636.02,17226.95,478.0,0.2117,1,2,0,0
67,31941.66,7303.85,438.0,0.2077,1,6,1,0
55,30217.43,4816.1,188.0,0.1237,0,1,0,0
20,8000.0,5845.69,,0.1827,0,4,0,0
47,31360.78,2249.38,71.0,0.2651,1,2,0,0
41,72621.26,-5000.0,21.0,0.1866,2,6,1,1
29,65021.34,-5000.0,268.0,0.1342,2,6,0,0
49,58129.6,7937.91,358.0,0.0646,2,4,1,0
23,48290.45,-4364.36,6.0,0.0991,2,5,1,1
57,81222.46,2139.31,476.0,0.3263,1,3,0,0
64,18495.8,-5000.0,204.0,0.5002,1,1,0,0
23,20879.32,-2749.18,296.0,0.3092,2,3,1,0
45,73107.38,2965.91,17.0,0.3099,2,2,0,1
55,45690.12,10390.89,425.0,0.3347,1,7,0,0
21,28220.54,11994.62,271.0,0.4411,2,1,1,0
40,58798.12,-2877.1,230.0,0.3955,2,3,0,0
32,34038.33,5453.63,299.0,0.254,1,3,1,0
20,24061.86,-5000.0,399.0,0.1864,1,2,1,0
63,23366.2,3451.28,1.0,0.537,1,2,1,1
43,53038.73,10626.54,23.0,0.0705,1,1,0,0
60,50145.39,2463.62,246.0,0.4655,2,5,1,0
51,82918.67,13525.5,374.0,0.522,2,7,0,0
67,37747.77,,453.0,0.3975,0,6,0,0
74,37321.26,4930.6,44.0,0.2421,0,3,1,0
52,80990.84,1002.36,191.0,0.1698,1,7,1,0
38,69641.17,-1274.64,374.0,0.1332,1,1,1,0
42,48622.46,-5000.0,458.0,0.0981,2,4,1,0
65,8000.0,-5000.0,122.0,0.491,2,7,1,0
42,24703.63,10959.48,462.0,0.6433,2,1,0,0
47,18647.63,15109.53,387.0,0.1931,2,7,0,0
29,45911.29,-5000.0,115.0,0.1968,2,1,1,0
74,32291.47,3545.5,391.0,0.6293,2,5,1,0
55,85072.62,-5000.0,277.0,0.5597,1,3,1,0
36,8000.0,-4814.27,405.0,0.5027,2,7,0,0
51,15966.51,5078.63,398.0,0.1672,1,4,0,0
40,51115.72,-1149.58,,0.3834,2,5,0,1
26,58035.9,-5000.0,340.0,0.1189,1,2,1,0
67,8000.0,16750.92,219.0,0.1896,2,1,1,0
68,8000.0,2606.83,364.0,0.0856,1,1,0,0
65,38409.91,-5000.0,65.0,0.1958,1,2,1,0
39,78901.09,4024.27,125.0,0.1466,2,1,1,0
32,92194.02,2353.06,110.0,0.4709,1,6,1,0
20,34637.56,6374.6,440.0,0.3171,0,6,0,0
59,40733.83,281.16,176.0,0.2865,1,6,1,0
36,24078.36,5514.07,113.0,0.0648,0,2,1,0
68,60830.16,10549.09,352.0,0.2075,1,2,1,0
67,83213.24,-5000.0,309.0,0.02,0,6,0,0
25,76400.52,-2546.03,305.0,0.1532,2,2,1,0
70,44274.98,9714.1,424.0,0.1849,2,7,1,0
25,24036.71,-1411.08,434.0,0.2816,0,2,0,0
45,45204.93,2346.62,172.0,0.1282,1,3,0,0
45,79519.67,-763.14,461.0,0.1039,1,5,0,0
72,34987.07,-264.2,265.0,0.265,2,5,1,0
55,8000.0,-943.48,426.0,0.3626,1,5,1,0
67,35999.77,-5000.0,331.0,0.2088,1,3,1,0
51,38024.36,6673.58,38.0,0.3374,1,4,1,1
65,8000.0,11498.43,445.0,0.166,2,6,0,0
66,50800.93,1588.07,277.0,0.1963,1,4,1,0
67,57650.12,10595.7,215.0,0.619,2,2,1,0
41,91497.32,-928.66,163.0,0.3162,1,2,1,0
39,11690.58,-1400.93,289.0,0.2287,1,3,1,0
74,63263.04,6285.58,442.0,0.2214,2,3,1,0
61,69170.9,6419.0,68.0,0.3186,0,7,0,1
70,57990.52,2097.93,107.0,0.047,1,1,1,0
50,19829.96,8412.7,31.0,0.4607,2,5,1,0
70,18376.83,-5000.0,94.0,0.1213,2,2,0,0
59,47429.92,568.22,10.0,0.1524,2,1,0,0
60,47254.44,10718.54,101.0,0.4248,0,3,0,1
28,31014.15,10697.01,228.0,0.5132,2,1,1,0
50,77290.93,9688.21,397.0,0.4109,2,4,0,0
59,34981.21,11165.91,261.0,0.4289,2,7,1,0
61,8000.0,19.68,108.0,0.3144,1,5,1,1
72,39398.59,-5000.0,41.0,0.2068,2,3,1,0
36,57006.83,929.71,425.0,0.3233,1,6,1,0
35,53549.03,8087.97,86.0,0.0824,1,2,1,0
73,53355.56,9395.49,368.0,0.2988,2,6,1,0
74,82349.73,-1210.17,127.0,0.5314,1,4,1,0
28,17130.24,-4744.13,302.0,0.3328,0,2,1,0
39,34407.29,-3948.07,427.0,0.226,0,3,1,0
72,83626.35,-1349.35,437.0,0.3328,2,4,0,0
29,8000.0,-5000.0,47.0,0.3996,2,5,1,0
62,43657.64,-1217.17,245.0,0.1801,0,7,0,0
24,75723.03,3383.01,235.0,0.8371,2,4,1,0
28,75350.41,2216.93,422.0,0.4147,1,2,1,0
62,61502.91,357.84,378.0,0.1417,1,5,1,0
52,62135.98,-2514.08,69.0,0.2502,2,7,0,0
49,18974.42,-1582.46,417.0,0.1986,1,7,1,0
66,79329.43,-1441.0,174.0,0.3456,1,3,1,0
35,14998.46,8643.84,332.0,0.2685,2,4,0,0
46,16489.67,2992.57,85.0,0.2515,2,1,0,0
52,54696.85,28334.73,127.0,0.2496,1,5,0,0
60,32674.64,341.31,34.0,0.2319,2,7,1,0
36,50167.42,6502.99,58.0,0.3468,2,4,0,0
54,55769.18,519.73,447.0,0.3278,0,3,1,0
43,89452.74,325.32,75.0,0.2305,2,6,1,0
48,55843.11,15498.97,299.0,0.1032,2,4,0,0
67,29536.64,10980.39,369.0,0.1824,2,4,1,0
40,61912.2,-5000.0,36.0,0.6315,2,2,1,0
56,24206.14,-5000.0,142.0,0.0143,0,2,1,1
71,67828.89,1910.07,230.0,0.3189,0,3,1,0
61,46615.7,-1136.9,162.0,0.1129,1,7,1,0
74,55013.6,-5000.0,422.0,0.3753,2,4,0,0
51,8000.0,3926.44,84.0,0.0252,2,4,0,0
34,8000.0,-5000.0,347.0,0.1573,2,3,0,0
74,8000.0,4014.02,208.0,0.3523,1,6,1,0
54,88644.27,8839.81,186.0,0.6327,2,6,1,0
31,16296.13,9981.89,160.0,0.4004,2,5,1,0
36,63307.75,1845.49,324.0,0.7166,1,5,1,0
32,28952.31,15086.53,171.0,0.1654,1,5,0,0
65,38999.25,5653.01,301.0,0.0151,1,5,1,0
23,43881.99,9766.6,16.0,0.579,1,1,1,0
60,86094.46,-2890.11,131.0,0.317,2,7,0,0
49,59612.64,15173.08,222.0,0.3482,0,3,1,0
22,54625.83,2976.34,105.0,0.5276,2,4,0,1
52,77417.46,15614.17,53.0,0.3899,2,7,0,0
60,29170.08,13865.23,105.0,0.0736,2,6,0,0
59,71708.57,5061.1,257.0,0.0701,2,4,1,0
48,67532.56,6245.5,459.0,0.2584,0,5,1,0
37,67247.48,1560.51,321.0,0.2866,2,1,0,0
27,41124.58,-3553.46,434.0,0.2303,2,2,0,0
18,34067.13,7761.59,262.0,0.236,2,3,1,0
38,23254.41,7352.34,14.0,0.0778,0,2,1,0
54,24820.44,-5000.0,70.0,0.1929,2,1,1,0
20,22074.67,2337.77,364.0,0.2731,2,6,1,0
74,54171.19,9944.11,295.0,0.1808,0,3,1,0
51,39291.59,14725.9,403.0,0.2008,2,1,1,0
34,55785.0,8802.53,198.0,0.1115,0,2,1,0
72,57197.05,-5000.0,447.0,0.1037,0,4,0,0
28,18506.1,-5000.0,172.0,0.0364,2,6,1,0
72,17755.79,,403.0,0.0805,2,1,0,0
34,39283.49,14190.5,71.0,0.1269,2,4,1,0
39,25621.98,-1856.61,216.0,0.1342,1,1,0,0
42,22989.7,11468.8,477.0,0.3609,1,7,1,0
74,87392.18,-1985.06,381.0,0.297,1,2,1,0
32,8000.0,7260.94,188.0,0.0573,1,5,0,0
73,95576.61,-4520.23,430.0,0.0195,2,3,1,0
37,52221.91,1449.49,219.0,0.239,2,4,1,0
34,69655.96,-5000.0,452.0,0.1991,1,6,0,0
54,66708.32,14544.8,45.0,0.5059,2,1,1,0
57,60423.98,-2558.82,396.0,0.2231,2,6,1,0
37,86545.79,-5000.0,324.0,0.1021,1,2,1,0
25,17939.58,-5000.0,85.0,0.2599,2,3,1,0
40,41090.54,2316.54,135.0,0.5354,1,4,1,1
48,23678.83,-664.55,392.0,0.2001,0,6,0,0
20,8000.0,8189.79,355.0,0.3437,2,3,0,0
22,28468.97,1119.07,91.0,0.2371,2,1,1,0
70,91813.69,12327.73,32.0,0.4738,0,6,1,1
20,40663.33,-83.33,152.0,0.1236,2,1,0,0
41,94587.89,11211.86,142.0,0.4913,1,5,1,1
61,97145.68,-4620.46,300.0,0.2733,2,7,1,0
36,119878.26,-5000.0,357.0,0.5912,1,3,0,0
46,92637.33,-3586.71,132.0,0.1595,2,4,1,0
22,103953.3,-5000.0,190.0,0.7677,1,4,1,0
63,53129.19,-5000.0,89.0,0.2685,0,6,1,0
54,50708.21,6309.22,16.0,0.5187,0,3,0,1
66,52370.98,885.47,438.0,0.2767,2,5,1,0
67,45001.56,4134.2,378.0,0.2552,2,4,1,0
37,48741.58,7220.4,379.0,0.4776,0,2,1,0
20,63804.56,-5000.0,463.0,0.302,1,1,1,0
37,33354.55,7559.44,19.0,0.3308,2,2,1,0
26,10559.39,-5000.0,180.0,0.2077,1,4,1,0
48,54090.47,-1614.56,,0.3359,1,2,0,0
26,27679.88,-5000.0,298.0,0.4359,0,3,1,0
70,30268.16,8236.64,376.0,0.5281,2,7,0,0
52,41431.17,-5000.0,178.0,0.373,1,6,0,0
32,35696.42,-5000.0,44.0,0.3264,2,5,1,1
70,72751.06,-5000.0,266.0,0.502,0,3,0,0
61,40831.46,1969.92,355.0,0.5755,0,1,1,0
42,74011.24,1725.85,354.0,0.3845,2,6,0,0
26,,9495.18,84.0,0.0388,0,3,1,0
37,42786.77,2163.44,303.0,0.0761,2,1,0,0
51,48955.51,10726.16,303.0,0.2893,0,4,1,0
61,12709.25,6034.6,151.0,0.1717,0,7,1,0
32,53451.93,-4563.83,124.0,0.2924,2,2,0,0
60,,-2337.56,93.0,0.2464,0,4,1,1
34,69771.26,15084.67,52.0,0.5648,1,7,1,0
32,11195.65,12819.45,261.0,0.4181,2,3,1,0
43,8000.0,9592.63,150.0,0.2803,1,5,1,0
27,31579.54,10643.91,316.0,0.6002,1,5,0,0
41,79616.56,6721.0,282.0,0.0144,2,3,1,0
38,50524.38,5680.85,275.0,0.1197,2,3,0,0
33,25632.62,3397.72,462.0,0.3418,2,5,0,0
62,8676.51,16590.79,61.0,0.409,1,3,0,0
36,27900.27,-717.27,17.0,0.1966,2,3,0,0
57,26211.22,4922.4,170.0,0.1228,2,1,1,0
59,68390.44,-5000.0,11.0,0.3932,2,3,1,0
55,70313.61,-5000.0,357.0,0.1726,1,4,1,0
33,18752.45,17521.3,178.0,0.4105,1,4,1,0
65,63829.15,7934.24,70.0,0.191,2,3,1,0
31,61268.92,1298.41,39.0,0.1576,2,5,0,0
33,15507.98,3626.6,424.0,0.2939,1,6,0,0
67,42904.53,-5000.0,180.0,0.452,2,1,1,0
37,53520.5,-424.96,223.0,0.1841,2,1,1,0
57,49080.89,-5000.0,81.0,0.4662,2,4,1,0
20,8000.0,637.56,379.0,0.1036,2,1,1,0
53,48279.56,8442.56,354.0,0.0687,1,4,1,0
67,60906.62,6626.41,163.0,0.1156,2,4,1,0
58,84489.85,15712.96,408.0,0.2721,1,1,1,0
51,28280.22,5357.87,172.0,0.2241,2,5,1,0
66,31363.67,-5000.0,433.0,0.103,2,4,1,0
34,39778.33,18605.34,464.0,0.4401,2,3,0,0
39,52280.4,-3725.55,222.0,0.2818,1,4,1,0
21,47425.44,4296.83,272.0,0.3123,0,7,1,0
57,60107.7,3814.63,402.0,0.3764,2,6,0,0
59,16870.34,4927.19,48.0,0.2854,1,3,0,0
60,54921.34,3384.47,229.0,0.3816,1,1,0,0
60,26444.62,3525.41,459.0,0.1193,2,3,1,0
25,41416.65,-5000.0,96.0,0.2547,2,1,1,0
55,87700.34,23695.86,179.0,0.3446,1,3,1,0
61,10043.93,8211.49,408.0,0.3905,2,4,0,0
29,38013.31,3415.05,340.0,0.256,2,2,1,0
45,13133.86,17734.94,234.0,0.3631,1,2,1,0
70,48826.7,-5000.0,61.0,0.372,0,5,0,0
41,71205.82,9947.12,87.0,0.4542,1,5,1,1
60,49241.38,-1441.33,410.0,0.3492,2,7,1,0
48,,6218.66,244.0,0.3507,2,7,0,0
55,78210.06,6395.62,460.0,0.3646,1,6,1,0
53,53262.56,-5000.0,48.0,0.2539,1,5,1,0
55,65489.15,-5000.0,183.0,0.0816,1,4,1,0
62,62881.43,15691.51,45.0,0.5107,1,2,1,0
69,8000.0,982.68,69.0,0.5536,2,3,1,0
34,43083.28,19012.64,5.0,0.1565,0,2,1,0
70,,,267.0,0.1302,2,6,1,0
53,24267.08,1237.8,113.0,0.4872,2,4,1,0
51,81864.65,531.89,77.0,0.5683,0,5,1,0
36,35629.86,16187.33,422.0,0.7099,2,1,1,0
41,92314.2,19824.16,212.0,0.2495,2,5,0,0
55,9807.79,707.19,259.0,0.1448,2,4,1,0
38,17908.23,15305.32,298.0,0.0745,2,7,1,0
34,64058.77,11240.15,208.0,0.3402,2,6,1,0
64,36465.71,12620.38,66.0,0.1236,1,2,0,0
41,52683.18,3809.17,234.0,0.2525,2,5,1,0
54,42192.33,-2379.34,455.0,0.3448,1,5,1,0
19,41435.59,-5000.0,329.0,0.0514,2,5,1,0
22,37394.1,-5000.0,338.0,0.2572,1,5,0,0
66,49487.33,18287.11,273.0,0.1972,0,2,1,0
26,61040.96,3087.56,173.0,0.474,2,7,1,0
63,85360.55,-5000.0,224.0,0.3719,1,4,1,0
69,39937.19,11019.42,199.0,0.4996,2,2,1,0
45,35159.04,-830.98,279.0,0.1228,2,5,1,0
68,31938.46,-2207.8,407.0,0.23,0,4,0,0
42,81744.6,19544.08,6.0,0.4105,2,5,1,0
72,62258.12,-5000.0,228.0,0.1916,1,1,1,0
31,8000.0,,127.0,0.2363,1,3,1,1
42,8000.0,-1727.36,473.0,0.2793,1,1,1,0
40,24248.55,-3004.03,70.0,0.1073,1,3,1,0
62,50753.64,-5000.0,29.0,0.3619,2,2,1,1
20,44163.25,3476.67,337.0,0.4342,2,6,0,0
65,57869.46,-3991.21,130.0,0.2819,1,7,0,0
19,40613.91,7731.02,105.0,0.475,2,7,1,0
35,79935.47,2623.94,248.0,0.2124,2,3,0,0
51,64302.78,499.0,445.0,0.1291,2,2,1,0
26,46939.42,-3948.36,65.0,0.206,1,2,0,1
45,73633.49,14445.65,258.0,0.2094,1,3,1,0
74,8000.0,8885.44,170.0,0.3087,2,4,1,0
64,42873.13,-2450.74,89.0,0.1182,2,5,1,0
19,48437.81,-5000.0,249.0,0.0394,2,6,1,0
51,60050.91,-5000.0,461.0,0.1497,2,5,1,0
52,8000.0,12098.83,125.0,0.2287,1,2,1,0
21,38489.83,10273.38,104.0,0.3206,2,6,1,0
55,55011.52,11372.56,79.0,0.4523,2,5,0,0
47,56929.05,2037.69,296.0,0.648,2,4,1,0
56,74653.25,9448.1,128.0,0.2414,0,4,1,0
34,64037.63,11217.55,284.0,0.1791,2,2,1,0
32,43478.85,2441.64,39.0,0.2047,0,6,0,0
59,61874.34,134.82,337.0,0.3381,2,1,0,0
59,39965.91,-4810.27,94.0,0.4533,2,3,1,0
27,48669.35,6409.19,41.0,0.4899,0,2,1,1
30,64870.06,7473.71,29.0,0.634,0,3,1,0
51,43867.48,-252.28,380.0,0.2249,2,5,0,0
65,54049.74,690.07,457.0,0.2412,1,6,1,0
29,69032.72,1261.64,200.0,0.5532,1,4,0,1
30,,9329.93,77.0,0.065,1,7,1,1
64,75836.8,-5000.0,395.0,0.6262,1,2,1,0
57,103211.21,-5000.0,0.0,0.295,0,3,0,0
69,62573.19,-5000.0,153.0,0.4892,1,4,1,1
62,33467.69,1811.74,459.0,0.6604,2,6,1,0
72,57795.58,5522.22,187.0,0.3147,2,4,1,0
28,56720.46,-5000.0,364.0,0.1811,2,5,1,0
33,60337.77,10272.05,173.0,0.3556,2,1,0,0
31,82375.41,14701.2,128.0,0.1778,1,2,0,0
21,8000.0,6310.38,153.0,0.1873,2,4,1,0
62,82845.95,11982.32,421.0,0.235,0,7,0,0
55,91260.42,-4321.38,215.0,0.2027,2,7,1,0
22,59201.77,-4130.88,418.0,0.3208,2,3,1,0
29,59803.38,7116.99,475.0,0.2052,1,2,0,0
28,38958.88,2692.78,355.0,0.2573,2,1,0,0
40,45158.1,-4145.76,,0.1488,2,1,1,0
43,62448.8,14400.38,284.0,0.1699,2,7,0,0
34,60838.81,5390.32,178.0,0.2694,1,4,1,0
71,63017.74,8617.4,280.0,0.1002,1,5,1,0
30,60666.71,-2394.01,338.0,0.2249,0,6,1,0
50,67459.75,16439.27,465.0,0.3144,2,5,0,0
42,64666.22,1752.57,375.0,0.0628,1,2,1,0
40,19391.28,11152.45,223.0,0.1781,1,5,1,0
65,65806.7,-1662.62,416.0,0.192,0,3,1,0
73,91464.67,4349.18,388.0,0.0493,1,7,0,0
18,44334.33,7462.69,139.0,0.2537,2,2,0,0
44,82487.0,18963.26,53.0,0.1984,1,6,0,0
24,22067.62,-517.82,201.0,0.4972,2,7,0,0
42,44255.93,4620.5,336.0,0.2855,1,6,1,0
53,28971.05,7734.84,116.0,0.6933,0,1,0,0
41,79480.53,-5000.0,474.0,0.3581,2,4,1,0
35,86011.91,-5000.0,465.0,0.2675,2,1,0,0
35,42520.1,-4966.7,4.0,0.384,1,1,0,1
35,74276.54,10737.44,191.0,0.3535,2,2,1,0
36,86265.67,16731.26,123.0,0.0828,1,1,0,1
39,44177.03,-4383.88,417.0,0.2264,1,1,1,0
57,48243.79,-5000.0,376.0,0.3551,2,6,0,0
23,63340.38,15277.97,322.0,0.3372,0,7,1,0
20,23936.55,-1523.41,,0.2503,0,2,1,0
47,47752.44,25.67,382.0,0.153,2,4,1,0
56,98569.68,14673.07,352.0,0.1156,2,2,1,0
32,32499.66,13357.61,321.0,0.0294,1,2,1,0
29,66345.66,10472.52,471.0,0.1644,0,1,0,0
53,58095.11,-5000.0,263.0,0.1907,0,6,1,0
39,40905.85,-5000.0,46.0,0.341,2,3,0,0
59,50541.38,11964.06,204.0,0.2882,0,1,0,0
26,88815.5,5543.12,324.0,0.2531,2,7,0,0
24,58839.93,-3221.88,419.0,0.0754,1,2,1,0
49,62745.47,243.53,307.0,0.0896,2,1,1,0
40,85021.56,11887.88,134.0,0.0718,1,2,1,0
59,37764.74,15220.88,98.0,0.2029,1,5,0,0
46,18827.13,2952.21,402.0,0.1722,1,7,0,0
38,89208.68,-2495.34,102.0,0.3869,2,2,1,0
27,48413.04,796.06,12.0,0.2144,2,2,0,1
27,67340.02,13744.52,312.0,0.2117,2,2,1,0
61,25941.77,13588.27,249.0,0.3054,1,5,1,0
30,54713.16,4554.04,314.0,0.3808,2,5,0,0
46,17576.68,-1235.92,221.0,0.2534,0,7,0,0
64,46593.5,11662.12,288.0,0.2012,0,7,0,0
69,28801.92,15983.56,168.0,0.3378,0,5,0,0
33,23058.64,-5000.0,221.0,0.38,2,5,0,0
24,37421.93,1140.55,81.0,0.2366,2,7,0,0
62,8000.0,12247.67,329.0,0.0311,2,7,1,0
57,16002.44,3589.38,284.0,0.3116,0,4,0,0
36,64560.35,-908.69,154.0,0.1703,0,7,1,0
51,53691.66,4481.5,274.0,0.3225,1,5,1,1
28,18145.33,5965.63,113.0,0.1652,1,7,0,1
57,58696.84,-5000.0,352.0,0.4022,1,7,0,0
59,23044.67,3726.36,285.0,0.3646,0,2,1,0
35,63049.1,5938.67,313.0,0.4066,2,7,0,0
44,42109.02,-926.76,296.0,0.3705,2,1,1,0
37,36871.92,-3235.91,403.0,0.3399,1,2,1,0
19,42723.41,-1303.1,389.0,0.2549,2,5,1,0
25,108988.21,-4767.3,131.0,0.4105,0,7,0,0
72,26029.96,9804.96,199.0,0.3672,1,5,1,1
43,50663.97,-4869.12,261.0,0.4275,1,1,1,0
26,64534.22,4512.35,366.0,0.5972,0,1,0,0
20,20939.68,6.41,19.0,0.3602,2,5,1,0
38,8000.0,-2649.47,440.0,0.037,2,5,1,0
74,29972.55,13970.62,151.0,0.1326,1,3,1,0
39,63986.58,1953.73,204.0,0.4789,0,2,0,0
74,36449.91,-2355.2,126.0,0.6132,2,6,0,0
45,39222.35,-3120.95,260.0,0.4602,2,5,1,0
61,67769.24,5712.52,130.0,0.1405,2,7,0,0
62,24841.42,9612.7,436.0,0.4468,1,3,1,0
19,42781.12,13166.04,152.0,0.2137,1,7,1,0
18,8000.0,1658.75,144.0,0.3225,0,7,1,0
70,53017.98,1178.15,9.0,0.2887,2,7,1,1
71,,4047.63,346.0,0.2174,1,2,0,0
25,64888.41,4337.0,439.0,0.1858,1,5,0,0
54,16368.6,-3176.45,277.0,0.4568,1,4,1,0
70,40202.81,14699.3,436.0,0.4757,1,6,0,0
72,13038.24,3177.77,198.0,0.6167,2,1,1,0
34,38847.33,7277.92,332.0,0.234,1,4,1,0
64,82044.7,6395.64,414.0,0.044,1,6,1,0
54,,6231.46,355.0,0.6311,1,5,0,0
70,10852.0,-5000.0,75.0,0.2306,2,7,1,1
26,28003.02,2948.8,465.0,0.5249,1,3,1,0
52,8000.0,21245.95,16.0,0.2589,0,7,1,1
19,12605.68,15697.35,56.0,0.428,0,4,1,1
38,61774.67,4256.06,99.0,0.2456,1,2,1,0
18,8842.92,65.08,345.0,0.4012,1,4,1,0
43,52808.21,-5000.0,420.0,0.3331,1,5,1,0
64,45643.57,-978.69,258.0,0.6394,2,2,1,0
55,31711.79,2372.65,164.0,0.2713,2,6,1,0
36,50683.75,461.47,220.0,0.3932,1,2,1,0
42,21558.46,1018.54,328.0,0.1022,1,3,0,0
38,66021.11,7979.45,104.0,0.3959,1,5,1,0
59,27541.49,-5000.0,110.0,0.0986,2,4,0,0
33,35340.83,5181.21,140.0,0.1676,2,2,1,0
23,32366.22,2117.93,235.0,0.1175,1,3,1,0
46,62236.84,-4058.43,353.0,0.2552,2,3,1,0
65,58611.1,16392.84,250.0,0.4059,0,5,0,0
45,8000.0,8982.48,45.0,0.3202,2,1,0,1
29,51356.07,-3291.2,117.0,0.1297,2,1,1,0
20,8000.0,7138.01,21.0,0.209,1,3,1,0
71,36466.96,,185.0,0.2395,2,6,1,0
61,,-2307.83,242.0,0.1105,2,1,1,0
26,36198.54,13620.56,125.0,0.246,1,7,0,0
22,57520.48,5812.12,21.0,0.3589,0,4,0,1
25,63001.91,5169.58,48.0,0.1428,1,6,1,0
39,25663.36,10895.74,331.0,0.1397,1,4,0,0
64,24755.07,7890.22,207.0,0.5581,2,6,1,0
27,44100.76,871.59,465.0,0.3866,1,5,0,0
64,8000.0,10491.24,270.0,0.3219,0,7,0,0
18,33075.55,-5000.0,146.0,0.5333,1,1,0,0
60,78701.95,-2339.8,43.0,0.254,1,2,1,1
34,8000.0,2224.39,353.0,0.3943,2,3,1,0
72,36497.07,7381.83,171.0,0.2894,1,4,1,0
45,30192.48,400.01,286.0,0.3518,1,7,1,0
33,95131.7,-5000.0,222.0,0.6067,1,3,0,0
31,31553.47,-5000.0,39.0,0.6144,2,4,1,0
65,33004.73,2455.26,447.0,0.1532,1,4,1,0
40,19230.88,-822.2,56.0,0.5487,1,7,0,0
38,,-4279.82,292.0,0.0652,2,7,0,0
59,51754.18,-5000.0,68.0,0.205,2,5,1,0
48,22854.5,4070.21,452.0,0.0303,0,4,0,0
55,69718.07,13418.09,136.0,0.4108,0,7,1,1
43,51776.59,4070.88,251.0,0.2644,1,4,0,1
21,66297.48,13524.82,37.0,0.2471,0,1,0,1
18,36796.61,8.07,385.0,0.1513,2,7,0,0
20,51079.61,6547.54,107.0,0.1442,2,2,0,0
50,39672.59,13816.31,46.0,0.1357,0,4,1,1
47,81442.04,1737.0,135.0,0.3482,2,3,0,0
60,47906.6,3207.78,270.0,0.4685,1,1,1,1
68,45218.85,4.13,157.0,0.1002,0,1,1,0
27,33543.95,7740.05,169.0,0.3362,2,6,0,1
72,32100.91,10218.18,36.0,0.5754,0,1,0,0
71,50943.05,5810.24,349.0,0.1832,2,3,1,0
53,65489.69,1164.46,164.0,0.0666,2,2,0,0
48,27886.05,-5000.0,421.0,0.0838,2,6,1,0
28,48164.48,2612.56,192.0,0.175,2,2,1,0
28,49604.24,1464.37,341.0,0.5575,2,6,0,0
19,53959.09,4887.97,151.0,0.5272,1,5,0,0
54,8000.0,3934.34,42.0,0.273,0,3,1,0
42,21881.68,15579.27,307.0,0.3003,2,5,1,0
28,10853.89,-2571.28,,0.2764,0,7,0,0
25,45822.11,-5000.0,469.0,0.325,0,2,0,0
21,22475.67,-5000.0,357.0,0.1299,1,5,1,0
54,32593.97,-2068.98,302.0,0.3194,2,7,0,0
57,15142.99,11656.06,14.0,0.4021,0,2,1,0
54,,-5000.0,396.0,0.2705,0,3,1,0
24,16897.41,-5000.0,81.0,0.2338,2,1,1,0
20,63947.71,6311.25,351.0,0.3202,1,1,1,0
24,56980.7,9794.45,326.0,0.4593,1,2,1,0
60,48755.73,-5000.0,386.0,0.5962,2,7,1,0
60,37451.45,-5000.0,151.0,0.486,1,5,1,0
34,8000.0,-3292.29,238.0,0.1834,2,4,0,0
21,33544.83,8258.9,29.0,0.1712,2,2,1,0
36,25963.59,4145.81,171.0,0.1143,1,5,1,0
64,51181.86,-2999.79,426.0,0.3901,1,4,1,0
26,60492.68,8915.44,96.0,0.7565,2,2,1,0
63,53115.82,3994.44,457.0,0.376,1,2,0,0
44,76575.96,2139.24,24.0,0.182,1,5,1,0
26,30792.14,-5000.0,179.0,0.5188,1,1,1,0
71,29755.6,-3164.15,181.0,0.1821,1,5,1,0
47,70946.96,18655.42,476.0,0.1142,2,3,1,0
56,49155.41,309.65,260.0,0.1032,2,1,0,0
23,38825.03,-4654.35,411.0,0.2604,2,2,1,0
39,91163.03,-58.01,407.0,0.4515,0,1,1,0
54,59443.26,3952.68,266.0,0.3528,2,4,1,0
54,40236.4,10066.75,346.0,0.1966,2,4,1,0
21,27851.38,7968.68,358.0,0.2375,2,4,0,0
52,78162.82,-2412.77,241.0,0.5141,1,7,1,0
71,50174.93,13172.61,449.0,0.1054,2,3,1,0
62,45612.92,9517.51,206.0,0.0786,0,7,1,0
29,61906.91,-561.07,349.0,0.2379,0,3,1,0
70,67002.2,1974.41,168.0,0.2028,2,1,0,0
56,58746.75,7805.35,161.0,0.4037,2,3,0,0
21,67099.39,11597.63,173.0,0.1474,1,2,1,0
25,56284.36,-5000.0,92.0,0.1221,2,1,1,0
70,58872.26,3563.6,388.0,0.1996,1,5,1,0
29,26709.05,2751.0,207.0,0.237,2,5,0,0
23,90258.85,-1565.07,322.0,0.0328,0,5,0,0
43,14158.08,-1606.41,89.0,0.1647,2,2,1,0
47,52734.44,11435.01,328.0,0.6301,0,1,1,0
50,11580.82,7277.42,10.0,0.4035,2,3,1,1
55,42546.78,19853.08,311.0,0.3188,2,3,1,0
74,30717.66,-1558.34,218.0,0.2803,2,5,0,0
61,48393.9,4097.08,57.0,0.1909,2,4,0,0
19,53543.94,5477.6,158.0,0.2133,2,5,1,0
23,21091.66,10168.67,19.0,0.2013,2,4,1,0
18,44264.64,13867.3,45.0,0.4737,1,7,1,0
40,79841.86,3748.89,390.0,0.1652,2,2,0,0
37,12193.37,-5000.0,418.0,0.1593,2,6,1,0
71,23648.66,-2687.03,396.0,0.4088,1,4,1,0
38,66518.87,4141.82,59.0,0.2423,0,2,1,0
19,,11982.09,280.0,0.5989,2,2,0,0
68,48778.87,-5000.0,302.0,0.4005,2,1,1,0
32,70557.56,-5000.0,165.0,0.1356,0,7,1,0
70,25148.28,9057.23,273.0,0.5857,1,1,1,0
62,32016.62,-5000.0,130.0,0.2185,0,1,0,0
68,28933.95,-5000.0,469.0,0.3889,2,1,0,0
64,36294.92,12092.3,118.0,0.2731,0,7,1,0
26,78488.05,1229.43,121.0,0.1185,2,6,0,0
53,8000.0,617.5,368.0,0.6504,1,7,0,0
41,15144.53,13946.35,113.0,0.1968,2,4,1,1
53,10857.92,-5000.0,432.0,0.1585,2,2,0,0
60,80042.35,-5000.0,301.0,0.2006,2,4,1,0
46,29640.0,16033.7,433.0,0.4083,2,2,1,0
35,36833.16,4866.58,,0.2881,1,5,0,0
70,8000.0,8437.64,462.0,0.4884,1,6,1,0
55,38440.35,511.33,389.0,0.0268,2,2,1,0
68,66663.04,2147.21,386.0,0.1979,1,4,1,0
31,51323.93,-2630.13,83.0,0.2928,2,2,1,1
65,42303.4,5544.96,384.0,0.3563,2,5,0,0
36,8000.0,9650.98,144.0,0.1849,2,7,1,0
44,36801.2,4567.86,399.0,0.1276,0,6,1,1
67,48672.87,11487.25,2.0,0.4445,2,1,1,1
38,20204.38,8299.17,28.0,0.2556,2,4,1,0
32,61372.28,-5000.0,346.0,0.1798,0,1,0,0
70,67126.71,1842.05,31.0,0.0874,1,6,1,0
72,31783.78,-587.16,156.0,0.3092,1,7,1,0
35,63145.8,9027.47,222.0,0.184,2,3,0,0
35,42256.51,6692.7,113.0,0.4601,0,7,0,1
30,73678.45,4019.06,354.0,0.3631,0,4,1,0
19,,11108.71,290.0,0.4057,2,1,1,0
49,17658.36,-5000.0,314.0,0.4289,2,6,1,0
32,64237.11,-1825.04,120.0,0.2794,2,6,1,0
66,77624.11,-1146.3,10.0,0.2532,2,1,1,0
27,20732.99,5013.88,27.0,0.1881,1,3,0,1
54,30621.98,7422.48,120.0,0.2055,2,4,1,0
46,30340.57,2989.54,113.0,0.4784,2,2,1,0
52,41680.47,-5000.0,294.0,0.2362,1,1,0,0
24,36090.86,6254.17,407.0,0.1575,1,1,0,0
44,40042.89,4024.49,135.0,0.3311,2,7,1,0
53,,-5000.0,285.0,0.1533,2,3,0,0
37,8000.0,636.78,440.0,0.2248,2,1,1,0
67,20652.66,5992.2,226.0,0.1202,0,6,1,0
48,61748.2,16225.67,98.0,0.0723,1,5,0,0
38,58819.4,-5000.0,235.0,0.2101,2,6,0,0
19,18536.45,9320.96,30.0,0.6188,2,7,1,0
27,58992.55,-5000.0,478.0,0.2756,2,5,1,0
45,78171.67,-5000.0,438.0,0.3957,0,7,1,0
40,43774.34,-5000.0,15.0,0.1002,2,2,1,0
67,19800.97,7840.11,127.0,0.1853,2,3,0,0
62,66873.86,4039.14,77.0,0.1508,1,3,1,0
27,88076.14,482.49,,0.5662,2,4,1,0
51,22846.49,6662.66,415.0,0.334,0,1,0,0
43,45981.3,3326.57,164.0,0.4743,2,6,1,0
23,72253.89,3884.15,256.0,0.0698,2,1,1,0
55,47883.97,571.79,311.0,0.3786,2,1,1,0
48,8000.0,-5000.0,477.0,0.0925,0,2,1,0
22,56085.44,16530.46,394.0,0.2477,1,3,0,0
44,20529.78,14203.45,328.0,0.1829,1,4,1,0
59,13231.94,15721.27,218.0,0.1149,2,7,1,0
36,8000.0,-1314.52,347.0,0.271,2,3,0,0
38,74760.18,-2455.42,309.0,0.5641,2,6,0,0
24,24132.22,-315.56,278.0,0.2617,0,3,1,0
29,53333.4,11592.86,101.0,0.0582,2,2,1,0
73,59473.86,2998.46,8.0,0.344,1,3,0,1
53,49045.47,-1345.53,248.0,0.0627,2,3,0,0
28,52414.27,5910.89,435.0,0.1709,0,3,1,0
45,54526.2,-2891.59,477.0,0.2467,1,5,0,0
28,48452.44,-5000.0,251.0,0.2054,2,7,0,0
43,25996.01,4033.88,464.0,0.2783,0,6,1,0
26,23766.57,-1128.59,4.0,0.465,2,4,1,0
53,42375.46,2890.4,394.0,0.5829,2,4,1,0
50,41845.9,-5000.0,100.0,0.3759,1,3,0,1
54,55732.99,-4136.63,171.0,0.2434,1,5,1,0
43,72541.25,2639.54,168.0,0.4441,1,1,0,0
34,53597.63,-5000.0,107.0,0.3843,2,1,1,0
32,24727.91,-5000.0,137.0,0.2722,2,7,0,0
30,8000.0,3310.16,262.0,0.3655,0,5,0,0
42,25776.57,8612.66,13.0,0.391,2,2,1,0
43,11387.74,-4133.73,103.0,0.3113,2,3,1,0
56,26740.69,902.99,134.0,0.0418,1,2,1,0
20,51056.92,1087.82,41.0,0.1658,2,2,1,0
34,47109.76,-5000.0,430.0,0.1737,2,7,1,0
66,91454.44,12471.09,210.0,0.5729,1,3,0,0
70,57077.04,1536.34,282.0,0.3369,1,3,1,0
71,92729.18,1622.08,279.0,0.0527,0,4,1,0
35,62878.49,5983.87,156.0,0.4192,2,3,1,0
25,72142.67,-5000.0,129.0,0.4362,1,5,1,1
29,36027.44,10359.47,42.0,0.1545,2,3,1,0
25,18137.27,11404.89,394.0,0.1427,1,5,0,0
72,33776.0,4124.25,360.0,0.523,0,2,0,0
68,44703.26,6697.67,314.0,0.2528,1,5,1,0
64,29296.03,391.36,,0.1089,2,3,1,0
59,19971.44,9906.35,387.0,0.2986,2,7,1,0
37,55420.94,-3583.52,1.0,0.3612,2,3,1,0
45,19865.07,2740.81,322.0,0.1911,2,2,0,0
65,8000.0,3218.11,476.0,0.6836,2,4,1,0
64,16947.85,2690.52,397.0,0.3896,2,6,0,0
47,39141.11,11553.01,127.0,0.5498,0,2,0,0
65,20227.02,20505.64,282.0,0.179,1,2,1,0
37,39297.75,2121.3,125.0,0.0384,2,2,1,0
41,60011.11,6762.86,62.0,0.4966,2,7,1,1
65,59361.08,-3419.42,144.0,0.1935,2,2,0,0
39,28479.35,11255.37,165.0,0.2144,1,3,1,0
60,12401.46,-1139.88,461.0,0.1544,2,3,0,0
43,30609.41,28161.02,224.0,0.6335,2,6,1,0
34,61391.12,-5000.0,403.0,0.5056,0,5,0,0
30,67229.91,20179.56,458.0,0.518,1,2,0,0
52,53822.25,10929.78,305.0,0.163,2,7,1,0
45,75035.9,-5000.0,236.0,0.3086,1,1,1,1
39,88230.05,21555.59,237.0,0.151,2,7,1,0
60,32919.3,-4427.28,376.0,0.1125,1,7,1,0
18,82164.08,485.35,156.0,0.1674,2,4,0,0
23,38486.26,,218.0,0.1265,1,6,0,0
72,70496.22,1828.38,160.0,0.1394,0,3,0,1
55,62714.31,2578.42,124.0,0.3536,1,7,1,0
49,8000.0,9640.25,156.0,0.5383,2,4,1,0
18,20844.32,22506.51,47.0,0.4508,0,6,1,0
52,14467.8,-1103.69,414.0,0.37,1,4,0,0
42,8000.0,-5000.0,417.0,0.2926,1,5,1,0
52,66982.87,8187.99,327.0,0.2029,2,5,1,0
20,96719.3,-1402.49,361.0,0.5765,0,4,1,0
49,38558.19,17547.63,195.0,0.556,1,3,1,0
50,66353.92,2723.32,253.0,0.3012,1,4,1,1
34,82115.63,-3072.73,476.0,0.1479,2,5,1,0
21,50208.29,-5000.0,26.0,0.2969,1,5,0,0
73,44367.17,7983.09,85.0,0.1144,2,5,0,0
58,38857.8,798.11,396.0,0.356,1,5,1,0
53,58438.97,14741.66,36.0,0.2827,1,6,1,0
61,66867.35,1315.28,372.0,0.3548,2,2,1,0
56,56545.12,14316.96,176.0,0.4859,1,5,1,0
25,55686.58,-5000.0,339.0,0.3056,2,1,1,0
43,43719.93,-5000.0,471.0,0.1091,2,6,1,0
68,8000.0,9633.5,275.0,0.0995,1,2,0,0
34,67442.91,-715.4,11.0,0.2475,0,5,1,1
73,12884.37,891.59,252.0,0.443,2,1,1,0
21,60484.64,-5000.0,38.0,0.2841,1,6,1,0
36,63893.42,-5000.0,452.0,0.0731,2,6,1,0
37,16489.2,8085.34,163.0,0.2709,2,3,1,0
53,29804.98,2849.22,458.0,0.0721,2,1,1,0
28,98036.86,-5000.0,473.0,0.2314,2,6,1,0
31,43012.94,9324.35,153.0,0.2319,1,2,1,0
55,14494.66,12399.31,164.0,0.2072,1,7,1,0
34,65021.98,2129.34,417.0,0.111,2,7,1,0
68,25683.12,11025.6,325.0,0.4493,1,1,0,0
67,8000.0,-5000.0,241.0,0.3783,2,6,1,0
35,57994.24,7617.67,414.0,0.3204,1,5,1,0
49,22084.55,4294.0,123.0,0.4856,2,1,1,0
36,53029.71,-3332.49,321.0,0.5448,1,1,0,0
37,24682.75,19424.47,166.0,0.1996,0,6,0,0
56,62680.1,4862.2,43.0,0.1779,0,4,1,0
34,49587.46,-1726.56,170.0,0.2355,1,7,1,0
26,8000.0,3156.99,71.0,0.1857,2,1,0,0
32,54550.31,-3957.56,477.0,0.2719,2,3,1,0
70,37756.72,-5000.0,124.0,0.5118,2,5,1,0
32,80417.94,-595.36,447.0,0.3924,0,4,0,0
38,54880.2,-53.7,382.0,0.4453,2,3,1,0
53,63903.95,-3433.39,176.0,0.3916,2,3,0,0
23,27236.48,13008.91,384.0,0.1966,1,1,0,0
33,25248.31,-3126.21,24.0,0.0553,2,7,0,0
27,44358.77,-4457.83,81.0,0.1938,1,6,0,0
70,35984.6,-5000.0,384.0,0.6167,2,3,1,0
71,78450.23,-5000.0,181.0,0.3556,0,3,1,0
61,41167.02,11219.61,73.0,0.2976,1,5,1,0
32,14379.46,5065.34,67.0,0.5304,2,3,1,0
53,24310.48,8522.62,386.0,0.4782,1,6,0,0
55,69126.28,11147.24,227.0,0.4264,1,3,1,0
67,40818.57,333.6,212.0,0.206,1,2,0,0
26,39482.21,14777.92,174.0,0.5859,1,3,1,1
59,71504.69,-2015.12,45.0,0.0818,2,2,1,0
29,22130.92,-5000.0,476.0,0.0799,1,3,1,0
50,8000.0,5988.93,104.0,0.5632,1,5,0,0
68,23678.33,4156.38,186.0,0.359,1,7,0,0
21,51052.23,4143.68,396.0,0.2888,1,2,0,0
26,38762.21,11122.57,24.0,0.1491,1,5,1,0
64,8000.0,3849.69,281.0,0.1878,0,7,0,0
19,70401.49,5504.41,249.0,0.506,2,2,1,0
57,49087.42,13876.82,345.0,0.5454,1,2,1,0
46,54725.37,5133.45,435.0,0.2693,2,6,1,0
37,55490.26,6954.07,47.0,0.2364,0,7,1,0
67,12536.89,-5000.0,177.0,0.5064,1,1,0,0
66,52571.97,,174.0,0.3049,1,1,0,0
36,67686.34,-5000.0,392.0,0.4438,1,3,0,0
18,73507.76,-1314.63,217.0,0.2331,1,2,1,0
25,63031.58,-1556.54,200.0,0.0276,1,3,1,0
24,57828.24,19864.12,130.0,0.3718,0,5,1,0
73,8000.0,-1804.79,272.0,0.2737,0,3,1,1
52,44626.63,6535.04,298.0,0.2718,1,4,0,0
56,21085.64,-1502.13,241.0,0.0601,2,4,0,0
31,77054.2,-5000.0,295.0,0.2478,1,4,1,0
66,73259.49,7562.84,419.0,0.4413,2,2,0,0
59,21236.78,-2751.73,413.0,0.2847,0,7,1,0
60,43850.55,4660.72,272.0,0.4096,2,6,1,0
44,51212.74,8013.54,454.0,0.2408,2,1,1,0
57,67519.78,18254.04,181.0,0.275,2,5,1,0
49,8000.0,-5000.0,10.0,0.1048,0,6,1,1
39,8000.0,1777.48,368.0,0.2767,2,7,0,0
51,45953.71,2108.24,369.0,0.3542,2,6,0,0
36,8000.0,,24.0,0.3354,1,5,1,1
72,48964.31,23550.41,158.0,0.3261,2,7,1,0
58,59805.19,1613.34,130.0,0.2766,2,2,1,0
60,75902.0,-5000.0,252.0,0.3342,1,7,0,0
58,29435.79,1412.55,137.0,0.2233,1,2,1,1
43,49029.54,2052.98,356.0,0.4848,0,6,0,0
72,61287.75,1071.67,273.0,0.3139,2,4,0,0
29,15607.0,,416.0,0.1805,2,5,1,0
50,67883.69,-5000.0,400.0,0.0872,0,2,0,0
21,51858.56,20275.93,143.0,0.3108,2,2,1,1
34,29863.84,5546.35,265.0,0.4213,2,7,1,0
50,,1462.08,296.0,0.5452,2,2,1,0
45,41516.64,20021.01,219.0,0.3449,2,7,0,0
71,64501.85,-3949.26,462.0,0.1854,1,6,1,0
52,35988.5,7819.27,31.0,0.7411,1,1,0,1
41,50677.26,-5000.0,439.0,0.1978,1,7,0,0
42,29476.71,9006.07,465.0,0.0818,2,7,1,0
52,21553.93,-5000.0,175.0,0.1096,1,6,1,0
63,49288.32,6763.7,141.0,0.1678,2,5,0,0
33,22580.81,18625.89,19.0,0.5851,1,5,0,0
51,65014.51,3747.6,62.0,0.345,0,2,1,0
50,59805.81,-5000.0,112.0,0.3529,2,6,1,1
18,25872.14,3286.17,399.0,0.3285,2,5,0,0
70,50344.51,6843.62,370.0,0.4229,2,3,1,0
50,25757.5,10207.87,427.0,0.2564,0,2,1,0
31,8000.0,14788.73,152.0,0.1319,2,4,1,0
54,30069.37,15196.57,143.0,0.2806,1,1,1,0
56,43742.08,1952.48,393.0,0.0089,1,4,1,0
70,58035.22,-2275.51,263.0,0.2033,2,2,0,0
19,48737.0,-5000.0,27.0,0.5169,0,1,0,0
41,67691.87,-1319.6,376.0,0.2597,1,3,1,0
28,20470.85,6812.24,46.0,0.327,0,6,1,1
50,35582.54,-5000.0,10.0,0.2324,2,6,1,0
46,86109.17,-4414.88,444.0,0.2498,0,3,1,0
45,8000.0,7498.39,473.0,0.19,0,2,1,0
73,33701.14,-2171.9,339.0,0.4005,2,2,0,0
48,18212.65,5959.89,155.0,0.5332,2,7,1,0
41,40115.04,-3514.48,,0.0858,2,7,0,0
21,34138.81,5302.39,230.0,0.1669,1,1,0,0
34,60053.89,-3175.02,248.0,0.422,2,2,0,0
69,51388.02,-5000.0,24.0,0.2095,2,2,0,0
43,12359.56,10647.65,317.0,0.6341,1,6,1,0
69,30295.95,-2567.16,22.0,0.194,2,7,0,1
48,44997.07,1010.96,236.0,0.2812,2,1,1,0
49,63484.52,-2529.14,53.0,0.3422,2,5,0,0
42,105823.91,7355.82,23.0,0.3015,2,7,1,0
49,62569.89,5665.35,154.0,0.204,2,6,1,0
21,19687.5,7336.75,,0.6046,2,7,1,0
21,42653.87,-1396.34,442.0,0.3598,2,7,1,0
45,49524.4,2602.17,27.0,0.3249,2,7,1,0
52,32015.23,6336.26,247.0,0.4253,1,2,1,1
49,56756.45,15361.63,366.0,0.0144,1,6,1,0
42,8000.0,5452.25,156.0,0.6066,2,7,0,0
34,58828.74,-5000.0,387.0,0.206,1,2,1,0
58,33090.31,5143.15,,0.4425,2,6,0,0
52,42257.37,,3.0,0.6565,2,2,1,0
20,81643.07,-5000.0,127.0,0.5152,0,5,1,0
43,13462.07,-5000.0,200.0,0.4353,2,5,1,1
58,51817.98,2468.08,299.0,0.1973,1,7,1,0
62,64848.04,3142.39,72.0,0.4377,2,1,1,0
34,49258.41,642.0,243.0,0.3239,1,7,0,0
70,8000.0,10073.45,377.0,0.393,2,7,1,0
55,78759.92,-4481.17,181.0,0.1007,0,3,0,0
42,39716.15,-5000.0,94.0,0.4567,1,7,1,0
53,31811.48,-3605.54,329.0,0.2366,1,6,0,0
67,37237.93,-1878.21,305.0,0.1432,2,2,1,0
30,35446.34,2534.77,188.0,0.6696,2,2,1,1
26,15245.51,-3381.12,396.0,0.3077,1,6,1,0
43,49123.76,-5000.0,387.0,0.2507,2,3,1,0
22,30069.17,-5000.0,49.0,0.2833,1,3,1,0
65,61772.21,3985.27,287.0,0.1002,2,6,0,0
73,57939.89,-5000.0,302.0,0.4214,0,2,0,0
52,85641.74,-5000.0,97.0,0.3461,2,5,0,0
73,39709.17,7999.53,87.0,0.23,2,3,0,0
21,24918.76,15361.45,78.0,0.2944,1,4,0,1
54,8256.44,2244.33,157.0,0.0922,1,7,1,0
43,99833.58,5147.52,122.0,0.2433,2,1,1,0
33,61552.7,5215.33,338.0,0.3499,0,6,1,0
35,27689.5,-5000.0,440.0,0.4731,2,4,0,0
49,87328.88,10109.22,220.0,0.464,2,4,1,0
54,78904.06,12919.05,395.0,0.0082,2,1,1,0
27,11218.06,17694.39,244.0,0.4153,1,3,1,0
53,26163.13,-500.96,466.0,0.5071,1,3,0,0
70,41691.88,-5000.0,185.0,0.1896,1,5,0,0
18,18247.87,13868.46,357.0,0.1053,2,3,0,0
68,42585.51,,405.0,0.0982,1,6,0,0
52,62799.05,9997.31,438.0,0.3383,0,6,1,0
37,10668.48,-2176.61,190.0,0.3194,2,2,1,0
59,52325.01,5172.5,170.0,0.2248,1,7,0,1
53,74212.45,-5000.0,6.0,0.0649,2,6,1,0
61,55005.51,2958.08,297.0,0.5185,2,7,1,0
22,43109.59,216.9,268.0,0.0713,2,3,0,0
21,28297.46,21748.43,187.0,0.5197,0,4,1,0
54,65771.05,7389.04,104.0,0.031,2,7,0,1
35,15577.0,-5000.0,415.0,0.633,2,6,1,0
31,51069.8,2987.56,479.0,0.1405,0,2,0,0
42,45637.89,5945.37,478.0,0.3185,1,3,1,0
59,73140.28,-791.68,216.0,0.0899,2,4,0,0
28,30431.28,-5000.0,357.0,0.0985,2,4,0,0
73,32556.6,8284.13,398.0,0.4064,1,4,1,0
41,13953.38,-4691.1,375.0,0.2397,1,5,1,0
26,55932.11,7603.55,170.0,0.1191,1,4,1,0
22,34404.6,-5000.0,422.0,0.2275,2,1,1,0
66,23448.15,-1271.21,315.0,0.3398,2,1,0,0
24,25829.59,10649.2,45.0,0.4003,2,1,1,0
41,58427.64,6913.39,78.0,0.419,2,7,1,0
56,17425.99,3251.37,231.0,0.3683,1,3,0,0
47,19645.85,2760.77,451.0,0.1832,0,3,1,0
32,67409.04,3724.43,351.0,0.1913,2,4,1,0
24,40846.99,-3332.33,309.0,0.0959,1,4,1,0
58,68886.13,-5000.0,290.0,0.3808,2,1,1,0
45,36016.1,7553.38,441.0,0.2217,2,2,0,0
20,44971.85,15240.8,259.0,0.0825,0,3,0,0
28,48907.48,7833.86,195.0,0.3563,1,3,1,0
50,79682.16,5033.38,185.0,0.32,0,5,0,0
27,77646.82,-5000.0,251.0,0.0796,2,4,1,0
40,73830.93,10017.39,105.0,0.2827,2,3,1,0
25,29279.53,6851.16,460.0,0.7646,1,6,1,0
63,20329.26,9081.17,442.0,0.0881,2,7,1,0
53,64019.79,11271.13,183.0,0.108,2,2,1,0
62,79418.99,15688.06,352.0,0.2615,2,2,1,0
20,74070.47,-5000.0,371.0,0.0945,2,1,0,0
39,45326.23,-5000.0,294.0,0.3162,1,3,1,0
33,63195.21,4185.23,53.0,0.1493,1,6,1,0
53,63634.69,-4380.15,40.0,0.1009,1,3,0,0
64,48723.57,-5000.0,343.0,0.1952,2,6,1,0
30,49809.34,12760.77,53.0,0.3756,2,3,1,1
61,47454.88,-5000.0,393.0,0.2583,1,4,0,0
51,25297.59,2911.46,207.0,0.5291,1,6,1,1
64,27848.69,-5000.0,385.0,0.1613,0,1,1,0
22,27462.74,3504.31,60.0,0.3989,2,2,0,0
74,8000.0,12462.54,188.0,0.4822,1,2,0,0
42,48571.5,12704.75,71.0,0.3355,0,4,0,0
33,43985.67,11359.94,234.0,0.3188,1,7,1,0
28,64049.1,2373.02,39.0,0.2714,1,3,1,0
74,76517.93,11892.04,132.0,0.1462,2,1,1,0
68,78107.36,6440.65,141.0,0.1024,2,2,0,0
25,80461.64,-511.57,244.0,0.3873,2,5,0,0
43,,6053.61,5.0,0.3838,2,1,1,1
59,9201.02,10085.39,150.0,0.2843,0,2,0,0
51,68268.59,-5000.0,351.0,0.386,2,4,1,0
28,79553.34,-5000.0,196.0,0.1047,2,4,1,0
38,83899.81,1851.1,287.0,0.326,2,6,1,0
38,57124.91,-5000.0,412.0,0.2134,2,6,1,0
34,8000.0,-5000.0,243.0,0.2848,1,1,1,0
72,54140.24,-364.7,421.0,0.2027,2,5,1,0
29,58886.02,10935.91,473.0,0.1095,1,1,0,0
58,76301.88,10785.21,253.0,0.208,1,1,1,0
69,80740.72,5568.64,231.0,0.2352,0,5,1,0
63,67740.84,4442.25,151.0,0.181,2,5,1,0
63,30318.03,19699.83,417.0,0.1866,1,1,1,0
27,19272.07,-1314.81,375.0,0.6842,2,5,0,0
25,58349.03,4928.59,90.0,0.2225,2,3,1,0
62,25189.62,-1711.9,,0.4534,2,4,1,0
60,81878.43,-5000.0,127.0,0.1949,0,1,1,0
60,8000.0,12479.05,475.0,0.017,2,1,0,0
41,59172.17,558.36,157.0,0.1082,0,7,1,0
47,52988.37,8558.58,40.0,0.4007,1,7,1,0
18,39830.83,1030.97,475.0,0.1301,2,1,0,0
34,21872.09,12973.1,291.0,0.5655,1,4,0,0
48,8000.0,-4977.89,435.0,0.3931,2,3,1,0
25,31714.28,12311.3,428.0,0.1256,2,2,0,0
25,32152.92,10153.64,215.0,0.2296,1,4,1,0
20,72793.42,-5000.0,211.0,0.1709,2,2,0,0
29,25428.61,-1134.86,405.0,0.4466,2,6,1,0
74,56319.27,11166.63,182.0,0.2041,2,3,0,0
57,12694.0,16098.62,111.0,0.0365,2,1,1,0
72,57006.2,8723.97,271.0,0.124,1,7,1,0
32,8000.0,-172.46,284.0,0.1732,1,5,1,0
52,97382.4,-4746.72,394.0,0.4268,2,3,0,0
68,41473.31,7533.24,77.0,0.2064,1,6,0,1
38,8000.0,-408.17,233.0,0.4568,2,6,1,0
55,27056.26,-68.49,276.0,0.1258,0,7,1,0
57,23108.44,1206.74,461.0,0.2133,2,4,0,0
65,28604.55,10054.06,106.0,0.3519,0,2,0,0
73,35883.97,17451.56,297.0,0.3782,2,3,0,0
53,28434.57,11215.03,281.0,0.2818,1,5,0,0
51,24589.7,3076.41,457.0,0.3338,2,7,1,0
67,16032.93,-4193.55,205.0,0.3938,1,7,1,0
57,,8340.88,86.0,0.4929,2,3,1,0
38,75028.39,16323.54,268.0,0.1987,1,5,1,0
53,38635.65,11028.31,410.0,0.4968,1,7,1,0
49,44559.08,4661.85,77.0,0.3792,2,1,0,0
31,16841.73,-912.11,343.0,0.5331,0,1,0,0
47,46775.52,5761.38,243.0,0.5047,1,2,1,0
53,50749.09,12236.61,381.0,0.3382,0,3,0,0
69,39515.03,4858.47,151.0,0.17,2,4,1,0
51,54901.87,2172.54,409.0,0.1751,1,1,1,0
27,52717.72,-2497.96,69.0,0.1977,2,2,1,0
74,18646.52,23715.41,254.0,0.1651,1,5,1,0
50,74826.19,-4127.45,240.0,0.4196,2,6,1,0
34,39808.84,-4866.86,134.0,0.1635,1,2,1,0
61,86889.29,4312.78,66.0,0.237,1,3,0,0
39,55510.51,1384.58,453.0,0.4014,1,4,0,0
39,94273.33,11186.37,205.0,0.214,2,7,0,0
65,74381.73,11456.9,445.0,0.2579,2,7,1,0
67,50679.74,-5000.0,155.0,0.0421,1,5,0,0
47,26922.33,-3044.51,308.0,0.4113,2,5,1,0
39,27460.81,-4003.29,260.0,0.4991,1,5,1,0
67,58325.86,9276.22,193.0,0.2267,2,7,0,0
27,48578.15,6426.72,232.0,0.3975,2,6,0,0
60,30274.34,28.06,122.0,0.1397,1,6,0,0
51,65826.5,4731.2,64.0,0.2019,2,4,0,0
66,45969.28,-5000.0,320.0,0.1624,2,1,1,1
41,65975.25,-2940.42,133.0,0.2352,2,4,0,0
65,20613.25,-5000.0,254.0,0.2472,0,5,1,0
18,69986.79,4163.92,267.0,0.2663,1,4,1,0
61,57524.89,4133.55,478.0,0.3636,1,5,0,0
21,74939.24,-4874.94,400.0,0.2278,2,6,1,0
54,69435.76,6369.67,88.0,0.1841,2,4,0,0
29,42876.16,11456.92,28.0,0.0666,1,2,1,0
72,40865.64,-5000.0,464.0,0.1327,1,6,0,0
61,89575.77,389.43,43.0,0.0251,2,7,1,1
23,37735.79,7108.97,342.0,0.2475,1,2,0,0
68,63710.84,2949.05,382.0,0.0982,0,2,1,0
32,35465.33,-5000.0,415.0,0.3136,1,7,0,0
49,8000.0,-526.31,163.0,0.3108,0,4,1,0
22,14316.52,-791.84,167.0,0.2143,2,7,0,0
24,55148.02,1636.66,123.0,0.2065,2,3,1,0
31,62528.29,1977.32,81.0,0.0669,0,1,1,0
48,55230.34,15528.05,110.0,0.2258,2,6,0,0
48,73648.74,1331.96,97.0,0.1352,1,1,0,0
66,54781.5,-5000.0,465.0,0.2294,1,7,1,0
27,25619.13,3729.05,233.0,0.5765,1,7,0,0
60,59857.55,16982.01,245.0,0.2423,0,4,0,0
18,49240.2,1663.07,300.0,0.1951,1,6,1,0
34,30611.05,-504.7,77.0,0.2078,2,4,0,0
27,56812.98,,474.0,0.2036,1,1,1,0
25,46984.25,7673.16,194.0,0.4461,2,4,0,0
51,29874.99,525.0,243.0,0.5794,0,1,1,1
69,40553.36,-5000.0,125.0,0.1733,2,3,0,0
56,80339.18,-2374.22,143.0,0.3688,2,3,1,0
66,79522.2,2482.47,80.0,0.5726,2,6,0,0
51,49703.6,7285.0,241.0,0.1876,1,2,1,0
21,46431.68,-1661.56,469.0,0.1336,1,6,1,0
37,9173.85,630.29,9.0,0.1558,1,2,0,1
64,87984.13,3359.41,213.0,0.1732,1,5,1,0
20,70908.55,-3219.39,187.0,0.1354,2,4,1,0
23,63798.79,2266.03,331.0,0.36,0,1,0,0
65,8000.0,6737.69,355.0,0.1102,2,2,0,0
21,46023.07,,431.0,0.1215,1,2,1,0
72,41821.78,5451.64,122.0,0.2966,2,4,0,0
61,62070.39,-5000.0,98.0,0.1619,2,4,0,0
55,33724.23,-5000.0,230.0,0.0765,0,1,1,0
48,39207.24,-2302.37,61.0,0.1997,2,1,1,0
23,60485.32,,231.0,0.2638,2,7,1,0
41,25660.54,-5000.0,124.0,0.4554,2,5,0,0
64,30648.93,-711.58,150.0,0.542,1,7,1,0
69,49833.17,2788.39,342.0,0.5119,2,1,0,0
43,78462.14,12337.42,71.0,0.3174,2,6,0,0
65,65211.74,18583.54,183.0,0.1872,0,7,1,0
62,71885.1,-376.2,324.0,0.305,2,6,1,0
21,46582.92,7314.88,234.0,0.0651,2,7,1,0
53,82376.95,2243.59,410.0,0.1489,1,7,1,0
53,8000.0,2192.23,9.0,0.5121,2,2,1,0
48,95555.98,5186.16,195.0,0.235,2,2,1,0
62,98793.97,-5000.0,2.0,0.122,2,4,1,1
68,56415.41,2616.93,29.0,0.3337,0,3,1,0
49,65806.57,6606.07,195.0,0.2208,2,5,0,0
36,44050.0,-3878.12,120.0,0.0455,2,4,0,0
74,39760.79,6659.26,72.0,0.3081,2,3,1,0
72,29728.24,-5000.0,460.0,0.2643,1,5,0,0
57,43774.7,3748.53,379.0,0.0602,2,3,0,0
54,58898.34,13737.43,208.0,0.2588,1,6,1,0
23,55497.1,1251.28,456.0,0.3066,2,6,0,0
40,94665.08,-4825.41,40.0,0.1511,2,3,1,0
29,47506.86,-5000.0,444.0,0.2857,2,5,1,0
47,8000.0,6124.2,420.0,0.1246,1,6,0,0
65,86107.77,10424.13,223.0,0.2289,1,1,1,0
30,14476.14,2551.24,341.0,0.6002,1,1,0,0
74,31015.23,-709.53,137.0,0.1044,1,7,0,1
25,51793.58,-5000.0,463.0,0.309,1,5,1,0
23,55429.38,3992.23,232.0,0.2312,1,5,1,0
73,8864.04,-2514.13,104.0,0.1076,1,3,1,1
23,26338.19,-2054.14,49.0,0.0423,2,7,0,0
59,8000.0,15931.33,335.0,0.11,2,6,0,0
61,60542.83,-5000.0,453.0,0.0401,1,2,0,0
36,74584.5,-5000.0,331.0,0.3841,2,7,1,0
21,14454.05,4850.61,322.0,0.2523,2,3,0,0
35,69891.5,-82.49,378.0,0.0396,1,6,1,0
21,68269.47,-1150.41,137.0,0.178,2,3,1,0
56,28523.23,5181.21,162.0,0.2268,1,3,1,0
68,8000.0,5047.27,364.0,0.5805,2,1,1,0
74,18218.6,-4789.1,311.0,0.1426,2,4,0,0
63,30118.56,-1733.59,117.0,0.2236,2,2,1,0
62,83541.77,3396.46,28.0,0.6356,2,6,0,1
68,42042.44,4336.61,360.0,0.2263,2,7,0,0
61,19829.3,6866.03,412.0,0.255,2,4,1,0
55,48696.21,-1665.31,192.0,0.2805,0,2,1,0
74,12616.31,5776.39,398.0,0.5519,2,7,1,0
36,57858.5,10602.78,414.0,0.3524,2,1,0,0
41,20558.4,3374.87,336.0,0.3305,1,6,1,0
69,24186.91,2177.37,475.0,0.6316,0,6,0,0
35,54387.3,1115.65,467.0,0.3103,1,7,0,0
35,88755.84,-1939.1,153.0,0.276,2,7,1,0
26,99944.69,-4503.83,431.0,0.1436,1,5,1,0
33,19003.36,614.89,264.0,0.0912,2,7,1,0
51,30084.84,6606.39,183.0,0.2208,1,3,1,0
68,,-4113.24,114.0,0.0781,0,5,1,0
25,74219.73,2396.8,331.0,0.2114,2,4,1,0
56,8000.0,1468.51,384.0,0.3617,1,4,1,0
61,47183.42,17222.45,97.0,0.1955,2,2,1,0
69,32821.43,8782.22,236.0,0.0408,2,3,1,0
60,8000.0,8652.51,427.0,0.0806,2,2,0,0
26,11570.81,10360.36,472.0,0.3439,1,3,0,0
45,30805.64,-1365.55,211.0,0.1056,1,7,1,0
72,46470.38,14014.07,425.0,0.4899,0,2,1,0
69,70202.57,4273.38,410.0,0.3289,2,7,1,0
52,53858.7,2642.68,130.0,0.1824,2,7,0,0
72,68688.49,-5000.0,218.0,0.1959,1,5,1,0
56,45668.11,-212.91,57.0,0.2005,1,5,1,0
21,27376.35,-5000.0,2.0,0.2298,1,4,1,1
70,40406.25,1014.53,297.0,0.2565,2,4,0,0
27,62387.93,-1610.41,1.0,0.171,1,2,1,0
39,70814.05,-186.81,152.0,0.1297,2,2,1,0
31,41303.13,,84.0,0.321,2,1,1,0
59,21772.12,8628.83,121.0,0.1843,1,2,1,0
19,53391.45,7740.26,115.0,0.277,1,5,1,0
54,56949.52,16518.23,261.0,0.3117,2,4,1,0
67,75817.98,16291.74,371.0,0.4807,1,4,1,0
62,28030.93,4249.65,258.0,0.6381,0,4,0,0
35,28305.07,11187.22,363.0,0.3518,1,7,1,0
69,63904.0,5090.45,258.0,0.3821,2,7,1,0
38,34814.16,-418.82,330.0,0.4608,1,5,1,0
56,,775.04,141.0,0.3198,2,7,1,0
46,76353.5,8111.36,157.0,0.3158,1,2,1,0
21,10724.86,35703.38,74.0,0.1219,0,5,1,0
18,96405.08,12334.99,249.0,0.333,1,4,1,0
28,29684.11,4971.26,88.0,0.2658,0,6,1,0
71,66668.21,6870.33,300.0,0.0699,1,1,1,0
72,,6798.95,345.0,0.6389,1,4,0,0
41,51784.06,2277.69,424.0,0.3869,1,2,1,0
73,38430.34,9051.76,224.0,0.2573,1,2,1,0
20,66414.42,1756.29,476.0,0.4903,2,5,1,0
73,36316.9,-5000.0,,0.229,1,2,1,0
31,30676.34,6853.29,342.0,0.1044,2,5,0,0
20,90333.55,7922.7,468.0,0.0859,0,5,1,0
61,45734.57,1833.56,254.0,0.3043,0,6,1,0
39,28107.61,5478.86,440.0,0.2036,1,1,1,0
34,8000.0,10687.12,276.0,0.4107,1,5,1,0
61,91639.45,2585.52,31.0,0.217,0,5,0,1
36,31201.87,-576.03,237.0,0.4859,0,7,0,0
60,96545.96,-2674.53,382.0,0.0653,2,5,0,0
29,54971.36,969.72,311.0,0.2615,2,1,0,0
22,48572.13,15279.14,119.0,0.3095,2,1,1,0
36,49246.1,1413.13,137.0,0.0875,2,6,0,0
52,100398.77,5875.6,346.0,0.4063,0,6,1,0
30,8000.0,404.17,383.0,0.3018,2,3,0,0
26,50358.54,-281.85,83.0,0.3006,2,1,0,0
60,38369.91,-4034.42,218.0,0.1995,1,6,0,0
46,39672.67,3802.19,69.0,0.1045,2,2,0,0
42,48732.8,-1136.69,141.0,0.3042,2,5,1,0
31,38343.65,13189.32,450.0,0.2475,0,2,1,0
19,49703.27,2139.98,14.0,0.1133,0,2,1,1
21,44410.56,2643.75,267.0,0.2501,0,1,0,1
56,12161.05,1558.55,216.0,0.4475,0,4,1,0
22,54534.15,5968.51,167.0,0.2686,2,5,1,0
32,62901.36,14927.28,430.0,0.1446,2,2,1,0
69,31448.36,-5000.0,427.0,0.3072,0,6,0,0
37,91697.4,5222.48,10.0,0.2979,2,3,1,0
60,78389.29,-5000.0,139.0,0.4098,2,4,0,0
37,66098.81,12785.67,113.0,0.0769,0,6,0,0
71,65795.52,2134.9,30.0,0.3108,1,3,0,0
64,45752.42,-5000.0,241.0,0.0944,2,6,1,0
44,73534.3,-5000.0,189.0,0.3481,0,7,1,1
57,84268.87,9511.12,191.0,0.166,1,5,1,0
41,65200.6,-5000.0,339.0,0.203,1,3,0,0
71,30742.92,5226.31,466.0,0.1573,0,2,1,0
38,44007.96,-428.37,317.0,0.2251,2,5,1,0
65,59341.75,1441.93,296.0,0.4191,1,4,1,0
53,65943.62,-2390.77,227.0,0.4042,0,7,1,0
54,43063.07,-4622.8,193.0,0.2384,0,5,1,0
38,30829.79,-899.49,244.0,0.1496,1,6,0,0
65,84605.17,7575.76,127.0,0.4992,1,2,1,0
60,18192.01,659.33,254.0,0.3229,2,3,1,0
64,21466.71,6369.86,181.0,0.3254,2,1,0,0
63,11821.8,1062.08,179.0,0.3025,2,4,1,0
26,21411.23,7889.96,416.0,0.1804,2,5,0,0
67,76183.62,6319.54,39.0,0.1681,2,4,1,0
65,77020.82,-1325.77,392.0,0.4358,0,7,1,0
31,43148.86,-4629.42,75.0,0.4459,0,5,1,1
73,57407.86,10645.22,181.0,0.3909,0,5,1,0
48,44737.39,-3507.11,347.0,0.4166,0,1,1,0
36,15200.58,7006.28,438.0,0.2523,1,4,1,0
30,100452.68,3248.74,388.0,0.0593,1,6,0,0
38,79368.5,-704.5,348.0,0.0977,2,7,1,0
20,53860.49,6435.74,189.0,0.2302,2,5,1,0
57,23602.75,13943.03,173.0,0.1632,0,4,1,0
58,39376.64,8004.1,158.0,0.3932,2,5,0,0
56,27689.36,4034.32,400.0,0.1486,2,7,0,0
49,47439.56,15971.85,291.0,0.4437,2,1,1,0
38,52748.08,-5000.0,30.0,0.425,1,5,0,0
59,36471.86,-5000.0,10.0,0.0602,2,2,0,0
67,8639.68,-715.6,58.0,0.4554,1,1,0,0
22,98301.47,14354.59,273.0,0.204,0,3,0,0
39,50938.17,10542.7,470.0,0.1869,2,6,1,0
74,56414.8,-5000.0,225.0,0.3847,1,1,0,0
67,34439.77,-491.0,118.0,0.1132,1,2,1,0
74,8000.0,-5000.0,212.0,0.1657,1,6,1,0
28,42917.49,2676.39,339.0,0.1294,2,2,1,0
44,36919.45,10214.66,0.0,0.3892,1,3,1,1
25,62738.36,10805.23,315.0,0.2702,1,3,1,0
67,67651.94,5144.07,452.0,0.3569,1,6,1,0
47,64125.74,-400.16,448.0,0.2811,2,3,1,0
31,69706.81,2236.8,83.0,0.2854,0,2,1,0
23,90091.65,8466.24,470.0,0.1661,1,1,1,0
60,54746.29,21778.43,54.0,0.4496,1,7,0,1
64,72480.4,-5000.0,,0.4946,2,7,1,0
68,57346.51,15710.79,185.0,0.3158,2,4,0,1
73,8000.0,4952.45,321.0,0.1777,1,7,1,0
64,41136.99,9562.03,373.0,0.2927,2,1,1,0
62,23307.21,4481.33,292.0,0.33,2,4,1,0
64,50785.83,14233.55,367.0,0.4681,2,4,1,0
74,25224.75,5637.45,471.0,0.4954,2,5,0,0
44,60142.02,-2190.09,245.0,0.0893,2,5,0,0
61,69525.7,6600.91,277.0,0.1811,1,7,1,1
64,75089.25,12014.2,263.0,0.0942,2,1,1,0
24,85481.54,3001.71,128.0,0.212,2,5,1,0
57,8000.0,-5000.0,218.0,0.659,1,1,1,0
37,15025.0,2080.53,268.0,0.1363,2,7,0,0
25,118195.38,3784.4,12.0,0.3313,2,4,1,1
27,70238.09,2640.58,188.0,0.3181,2,6,1,0
24,50611.2,-963.82,133.0,0.1206,2,4,1,0
69,45800.94,13584.13,319.0,0.1241,2,7,0,0
61,43578.5,-5000.0,186.0,0.2687,1,3,1,0
23,8000.0,3751.82,65.0,0.5324,2,5,1,0
53,25691.77,3863.85,266.0,0.3071,0,4,1,0
55,42203.81,19758.83,221.0,0.2502,2,3,1,0
47,27103.5,2884.52,316.0,0.266,1,7,1,0
52,30371.6,6565.03,356.0,0.0826,2,3,1,0
69,108968.29,4000.1,474.0,0.4731,0,1,1,0
47,38708.67,3755.43,296.0,0.1848,2,7,0,0
55,51953.0,17103.67,243.0,0.3476,2,7,1,0
50,51063.41,-5000.0,134.0,0.4317,2,3,1,0
40,59736.49,-2337.64,322.0,0.1634,0,2,1,0
68,33067.93,9033.37,197.0,0.1531,2,7,1,0
41,76174.53,5054.72,461.0,0.1158,2,5,1,0
63,56089.05,734.17,328.0,0.6889,2,5,1,0
52,12820.89,2435.54,133.0,0.3452,2,4,1,0
57,42312.4,10311.4,450.0,0.1421,1,1,1,0
61,40696.29,6880.72,217.0,0.4202,2,6,0,0
59,39545.86,-2703.7,297.0,0.067,2,2,0,0
50,57732.42,4902.21,346.0,0.345,1,3,1,0
53,60868.13,2601.58,313.0,0.0969,1,3,1,0
46,,6763.37,271.0,0.1916,1,7,0,0
37,53472.88,431.38,351.0,0.1207,2,2,0,0
59,47140.94,-5000.0,428.0,0.0378,2,1,1,0
68,8000.0,8378.97,78.0,0.0946,1,2,1,0
58,64447.32,7388.95,271.0,0.3144,1,5,0,0
62,57208.85,14322.39,291.0,0.8091,1,5,1,0
65,20380.97,-5000.0,442.0,0.2422,2,4,1,0
38,52014.56,2436.94,276.0,0.3649,2,5,1,0
21,61198.46,1156.8,71.0,0.1575,2,1,1,0
37,74281.18,-169.72,366.0,0.2146,0,1,1,0
61,57757.54,-5000.0,385.0,0.0798,2,2,1,0
64,53040.05,-5000.0,402.0,0.5617,2,4,1,0
47,68669.31,5164.17,102.0,0.0925,1,7,0,0
62,37336.5,-998.0,72.0,0.1924,1,2,1,0
22,55300.08,-3611.28,23.0,0.6203,2,4,1,1
54,29472.17,14443.17,205.0,0.3015,2,6,1,0
56,72757.42,21989.77,53.0,0.6455,2,3,0,0
46,8000.0,2548.56,367.0,0.1396,1,7,1,0
58,65418.43,-5000.0,278.0,0.2841,1,4,0,0
46,45442.72,6171.24,151.0,0.4949,2,3,1,0
47,69134.68,-5000.0,139.0,0.2521,1,1,0,0
52,25486.39,-5000.0,215.0,0.1881,0,7,1,0
63,47249.59,6309.19,69.0,0.1644,1,7,1,0
32,46515.75,-5000.0,,0.2343,2,2,1,0
35,55847.09,631.73,301.0,0.3218,1,3,0,0
41,18810.95,-5000.0,221.0,0.0793,2,6,0,1
29,60905.38,3450.08,234.0,0.1009,2,6,1,0
37,8000.0,11985.92,397.0,0.4612,2,7,1,0
37,28303.95,-1902.79,182.0,0.3409,2,1,1,0
35,8000.0,2844.67,59.0,0.3501,2,1,1,0
41,65705.48,-3526.77,257.0,0.0688,1,6,0,0
46,55003.27,-2966.31,83.0,0.6767,2,6,1,1
57,56400.97,-3650.96,413.0,0.0847,1,3,0,0
35,81829.73,9287.44,74.0,0.4114,2,1,1,0
66,37101.46,-5000.0,347.0,0.1813,2,4,0,0
45,60239.64,345.17,216.0,0.4506,2,3,0,0
59,46650.56,6278.54,237.0,0.5869,2,6,0,0
24,42844.14,10278.39,425.0,0.2899,2,5,0,0
27,77665.65,6524.86,394.0,0.6508,1,4,1,0
43,97046.98,2418.93,82.0,0.4114,2,6,1,0
38,34213.33,-1551.11,414.0,0.1757,2,6,1,0
46,65842.99,10402.53,154.0,0.2362,2,1,1,0
27,52977.92,-3937.79,180.0,0.3381,0,1,1,0
44,53277.81,-3817.63,398.0,0.4703,1,6,0,0
57,51179.44,13819.99,71.0,0.5502,2,4,0,0
59,36673.05,5882.09,197.0,0.2416,0,5,1,0
32,8000.0,6164.85,55.0,0.2216,2,4,1,0
37,83370.23,7788.39,271.0,0.4024,0,4,1,0
47,27631.69,2241.16,306.0,0.1719,2,3,0,0
47,38961.07,-5000.0,279.0,0.2811,2,6,0,0
63,39492.68,5009.33,449.0,0.2789,2,1,1,0
40,25404.92,2854.13,341.0,0.3915,0,1,0,0
56,51006.0,-3872.58,18.0,0.674,1,1,1,0
68,43892.19,-5000.0,99.0,0.2378,1,4,1,0
35,27086.6,2627.7,,0.671,2,4,0,0
64,48732.55,-5000.0,219.0,0.0905,2,4,1,0
36,44173.83,1852.74,93.0,0.1362,2,3,1,0
37,68195.96,887.68,253.0,0.1851,2,1,1,0
55,11490.43,2046.8,255.0,0.0465,1,1,1,0
53,24865.27,6221.25,218.0,0.213,1,1,1,0
49,63132.44,7975.64,411.0,0.2802,1,6,1,0
31,29006.43,-2691.98,182.0,0.1994,1,1,0,0
23,22414.94,9958.33,377.0,0.4629,2,7,1,0
69,30242.73,1245.03,335.0,0.1116,1,4,1,0
67,42475.53,17026.41,466.0,0.4011,2,1,1,0
68,,-1683.37,305.0,0.2023,0,6,1,0
47,39751.04,-5000.0,232.0,0.6303,2,6,1,0
68,19285.87,9669.14,0.0,0.515,2,7,0,0
44,64328.97,6404.97,318.0,0.243,2,2,1,0
22,78155.49,12613.29,253.0,0.2757,1,2,1,0
29,8000.0,5477.15,431.0,0.5907,1,2,1,0
33,8000.0,21720.07,286.0,0.2815,1,3,1,0
39,70071.42,1488.9,334.0,0.3716,2,1,0,0
71,84244.91,11370.41,437.0,0.3345,2,4,0,0
36,8000.0,-1203.66,462.0,0.248,2,5,0,0
52,65385.91,6934.21,105.0,0.0976,1,3,1,0
33,85947.0,8424.18,117.0,0.0824,1,3,0,0
54,23439.69,9660.5,376.0,0.5959,1,7,1,0
50,84491.7,9210.61,64.0,0.2078,1,7,0,0
26,40550.14,-5000.0,393.0,0.2784,2,6,1,0
44,52865.93,2450.58,71.0,0.6127,1,5,1,0
24,27019.17,-1600.86,174.0,0.477,1,6,1,0
68,70025.71,-23.08,409.0,0.3026,0,2,1,0
58,65861.3,732.72,66.0,0.2598,0,4,1,1
71,88117.73,10819.79,25.0,0.3476,2,6,0,0
67,81015.18,4620.63,364.0,0.198,2,4,1,0
30,44771.25,-1060.19,388.0,0.2686,1,6,1,0
58,,-5000.0,362.0,0.3819,2,1,0,0
23,78769.82,15264.46,222.0,0.0754,0,2,1,0
72,58512.9,-2178.54,366.0,0.4276,2,2,0,0
62,20071.14,1954.35,331.0,0.3943,2,3,1,0
56,8000.0,20110.95,181.0,0.2838,1,3,1,1
74,8874.3,-1960.86,357.0,0.2551,0,6,0,0
66,21658.36,794.57,92.0,0.329,1,2,1,0
67,79432.57,4857.43,203.0,0.4317,2,5,0,0
23,57177.22,-5000.0,397.0,0.2173,2,6,0,0
19,29665.67,-5000.0,70.0,0.6072,0,7,1,0
72,41603.27,-852.91,201.0,0.1694,1,2,1,0
32,38556.34,-576.02,296.0,0.5577,1,5,1,0
42,65001.27,4073.81,286.0,0.377,2,5,1,0
20,23030.06,-4823.95,459.0,0.5806,0,2,1,0
53,53742.16,6471.84,317.0,0.1839,2,3,1,0
64,52502.14,,12.0,0.2668,1,3,1,0
65,23778.3,2437.67,477.0,0.0781,1,7,1,0
51,84700.15,5881.41,108.0,0.0524,1,3,0,0
55,37610.72,5627.55,285.0,0.1403,2,7,0,0
47,20181.25,1697.79,419.0,0.1985,0,3,1,0
43,66322.0,-2282.71,291.0,0.4848,2,5,1,0
49,46362.39,1465.04,33.0,0.311,1,2,0,0
71,55210.71,12871.67,168.0,0.1843,0,7,0,0
32,15383.0,-1795.74,4.0,0.6006,1,4,0,1
44,65310.41,10824.89,202.0,0.4152,0,6,0,0
52,99310.71,12097.96,421.0,0.2783,2,4,0,0
50,13429.16,-5000.0,123.0,0.5426,2,5,0,0
19,53855.22,1974.79,368.0,0.2479,1,5,1,0
34,25367.26,-4821.93,20.0,0.3906,2,6,1,1
54,112240.15,-5000.0,121.0,0.6862,1,7,0,0
57,75990.81,9336.25,275.0,0.4093,1,1,1,0
59,52052.68,6786.58,463.0,0.287,2,1,1,0
74,14303.31,5107.68,297.0,0.14,2,2,1,0
56,20348.6,-5000.0,341.0,0.506,1,6,0,0
51,63656.86,4683.71,370.0,0.5788,2,2,1,0
36,10937.7,-5000.0,57.0,0.4754,1,3,0,0
39,11722.15,3618.1,460.0,0.2094,0,4,0,0
65,45220.78,-2292.41,221.0,0.1389,2,1,1,0
44,48335.42,11406.33,,0.2727,2,7,1,0
58,54500.79,94.84,415.0,0.0527,1,6,0,0
25,34011.87,4849.94,235.0,0.2559,2,6,1,0
25,68003.66,4866.94,320.0,0.1552,0,4,1,0
30,23454.63,2393.6,177.0,0.3138,1,5,0,0
29,60666.11,3842.66,281.0,0.2365,1,2,1,0
52,50353.02,5430.24,73.0,0.1186,2,3,1,0
54,60016.23,-4171.15,200.0,0.1899,1,2,1,0
49,74549.95,6223.51,216.0,0.218,2,4,1,0
34,,9910.91,119.0,0.3398,2,3,0,0
50,28473.06,6178.78,437.0,0.2539,1,6,1,0
24,8000.0,166.61,294.0,0.2428,2,7,1,0
44,8000.0,4395.21,417.0,0.1868,1,6,1,0
26,40600.65,89.91,73.0,0.5011,2,2,0,0
22,42311.93,2050.08,203.0,0.2166,2,5,0,0
27,17847.92,-5000.0,388.0,0.2019,1,1,1,0
24,23222.51,14040.53,78.0,0.2304,2,1,1,0
45,83086.35,18483.9,100.0,0.3287,1,7,0,1
49,66895.99,-2631.45,443.0,0.2548,2,7,0,0
52,13459.83,9289.37,57.0,0.4122,2,7,1,1
43,33941.3,14662.95,219.0,0.1057,1,6,1,0
28,55150.07,-4661.02,34.0,0.6505,2,4,1,0
19,29338.72,-5000.0,163.0,0.2654,2,6,1,0
58,24782.62,15134.39,,0.1881,0,6,0,0
74,36543.86,2917.4,174.0,0.2649,1,1,1,0
34,,-1155.93,224.0,0.4506,1,4,1,0
29,74535.03,3378.72,439.0,0.4769,2,6,1,0
35,26613.83,47.37,191.0,0.257,0,1,1,0
30,56513.78,26675.66,288.0,0.1288,2,3,0,0
30,44839.71,-1245.66,250.0,0.1582,1,2,1,0
46,19794.11,5618.6,344.0,0.197,2,2,1,0
62,37573.14,13337.97,281.0,0.3548,2,7,1,0
58,,13299.42,398.0,0.562,1,2,0,0
72,74076.38,11767.9,422.0,0.2915,2,5,1,0
38,83811.8,-405.41,473.0,0.1075,2,4,0,0
46,34735.67,1783.21,165.0,0.136,1,4,1,0
39,28773.02,-5000.0,85.0,0.0704,2,5,1,0
20,71364.86,2404.04,89.0,0.3829,2,7,1,0
40,75403.72,3262.45,378.0,0.1653,0,2,1,0
32,17139.71,8933.79,417.0,0.2702,2,4,0,0
45,41298.88,17363.9,115.0,0.1662,2,4,1,0
27,43526.54,8690.48,230.0,0.3051,2,2,1,0
60,25730.59,11565.16,9.0,0.0527,2,2,0,0
66,54649.54,2860.27,278.0,0.3782,1,2,1,0
72,27501.37,13274.38,336.0,0.2357,1,7,1,0
22,31493.48,3089.06,75.0,0.2674,1,3,1,0
24,42466.43,12124.85,444.0,0.3421,2,5,1,0
73,8000.0,9436.0,413.0,0.0805,2,5,1,0
66,8000.0,6141.81,459.0,0.4188,2,3,1,0
51,67956.81,-5000.0,450.0,0.1641,1,6,1,0
36,26491.92,11746.78,39.0,0.2457,2,5,0,0
47,98371.6,6025.09,214.0,0.3631,1,7,0,0
48,94295.95,8620.6,204.0,0.0381,0,5,1,0
66,32338.03,5508.33,9.0,0.2985,0,4,0,0
48,103476.32,6887.44,449.0,0.2497,2,5,0,0
19,68439.36,13405.23,12.0,0.6107,2,2,1,0
57,28867.15,-791.39,333.0,0.3141,2,2,0,0
62,8000.0,6741.11,145.0,0.2357,2,7,0,0
34,62203.88,-3219.48,286.0,0.3337,2,7,1,0
24,45782.4,7613.44,236.0,0.1458,2,7,1,0
26,55784.04,5010.3,105.0,0.2671,1,5,0,0
65,39279.1,-2047.75,207.0,0.1207,2,5,0,0
43,16403.58,3749.31,339.0,0.2012,0,4,1,0
48,34324.33,-1549.67,273.0,0.2246,1,7,1,0
72,62665.93,-24.01,107.0,0.1324,1,1,1,0
21,36140.62,5838.46,123.0,0.4579,2,3,1,0
29,35989.55,5147.19,334.0,0.505,2,4,0,0
65,8000.0,-5000.0,100.0,0.2199,2,5,1,0
48,47280.01,5963.91,285.0,0.0449,2,5,1,0
19,17201.7,573.34,467.0,0.1815,1,4,0,0
58,67963.15,-314.46,276.0,0.1395,1,4,0,0
25,26647.48,-5000.0,134.0,0.0825,1,6,0,1
62,37607.4,2636.87,321.0,0.1222,2,7,0,0
63,99099.59,-1184.14,454.0,0.3737,0,2,1,0
64,37335.64,13188.18,311.0,0.1811,2,6,1,0
44,33985.63,-5000.0,274.0,0.2342,1,7,0,1
33,59640.55,-4711.39,294.0,0.3956,1,6,0,0
68,8000.0,-5000.0,33.0,0.1791,2,7,0,0
49,76270.23,5069.26,11.0,0.4284,1,5,0,1
54,69848.5,12385.02,285.0,0.2597,2,5,0,0
25,58111.29,7024.97,229.0,0.5556,2,4,0,0
53,8000.0,-5000.0,473.0,0.0352,1,2,1,0
51,38514.71,-433.85,228.0,0.0738,2,2,0,0
34,13178.34,-3473.41,403.0,0.2282,1,5,1,0
61,73102.67,7061.85,316.0,0.0539,0,5,0,0
25,71314.03,-596.56,145.0,0.362,1,5,0,0
59,54700.25,,414.0,0.2789,2,7,1,0
72,14922.22,7677.65,45.0,0.1997,1,1,1,0
50,82357.36,13106.07,334.0,0.2614,2,4,1,0
23,38443.47,1570.62,221.0,0.1346,2,2,0,0
49,90134.28,3963.2,347.0,0.0332,1,4,0,0
48,51634.68,-5000.0,47.0,0.6568,2,1,1,0
49,57670.2,-5000.0,97.0,0.4847,1,5,1,0
33,33492.39,-5000.0,142.0,0.0597,2,4,1,0
53,80173.89,2642.23,271.0,0.1305,1,2,1,0
33,60210.85,,440.0,0.6974,1,1,1,0
49,81072.29,7369.86,435.0,0.1716,1,2,1,0
51,49438.53,1418.77,313.0,0.4051,0,3,0,0
54,43824.03,10902.09,54.0,0.5009,2,2,1,0
63,59878.25,9978.13,376.0,0.4296,1,2,0,0
68,81063.51,420.32,407.0,0.4215,1,1,1,0
62,70418.36,-5000.0,259.0,0.1771,0,7,0,0
63,48455.6,-5000.0,31.0,0.0281,0,2,1,0
67,8000.0,14468.55,80.0,0.4118,1,2,1,0
31,65259.65,-4540.21,387.0,0.1704,2,2,1,0
34,9032.38,-5000.0,72.0,0.634,2,3,0,0
48,45875.14,4038.86,162.0,0.1669,1,7,0,0
44,42105.85,-5000.0,367.0,0.397,2,1,0,0
58,9555.79,4030.81,72.0,0.2965,1,7,1,1
18,54312.58,309.51,206.0,0.133,2,7,1,0
25,98857.94,10389.43,328.0,0.2356,0,2,1,0
60,37184.86,9693.57,239.0,0.4191,2,4,0,0
64,64146.99,11826.58,420.0,0.2912,2,4,1,0
35,103892.25,4650.09,85.0,0.1295,2,2,1,0
35,66565.33,-3866.72,274.0,0.6969,1,4,0,0
50,28878.92,-5000.0,173.0,0.6115,2,6,1,0
45,50925.37,-1245.57,268.0,0.4865,1,6,1,0
27,57019.5,18954.2,63.0,0.2549,1,1,0,0
46,80845.33,1006.5,329.0,0.2401,2,7,1,0
64,75351.26,4288.12,98.0,0.1582,2,5,1,1
59,8000.0,15148.77,388.0,0.178,0,1,1,0
64,23594.89,5036.91,426.0,0.338,1,3,1,0
54,43249.33,-2989.21,163.0,0.0216,0,5,1,0
68,19617.82,8841.26,344.0,0.1554,2,1,1,0
32,8000.0,-427.81,262.0,0.1987,2,3,1,0
20,26859.54,5313.0,408.0,0.6096,2,3,1,0
24,44909.73,7097.25,444.0,0.3582,2,6,0,0
74,31867.88,-954.44,419.0,0.1875,2,1,0,1
54,20076.42,4490.97,124.0,0.5551,2,1,0,0
32,46036.62,15800.37,283.0,0.287,2,7,1,0
66,53577.2,-2012.28,44.0,0.4743,2,5,1,0
35,33285.07,13535.14,,0.1426,1,6,0,0
52,79293.6,-1723.97,174.0,0.2547,2,2,0,0
32,46442.86,17416.55,236.0,0.081,2,4,1,0
23,23212.16,-3843.89,399.0,0.1865,2,7,1,0
33,16886.57,-150.85,9.0,0.1191,1,3,1,1
31,39675.75,15066.05,236.0,0.6436,2,5,0,0
49,72835.52,15417.86,392.0,0.5053,2,2,1,0
19,24407.78,9547.41,110.0,0.4249,1,1,1,0
31,59896.99,-5000.0,385.0,0.1553,2,4,1,0
50,47363.92,3659.27,36.0,0.2628,2,5,1,0
40,94830.82,3009.99,243.0,0.1335,1,7,1,0
54,54756.29,-3846.5,473.0,0.276,1,6,0,0
55,27544.34,8574.7,181.0,0.1047,2,4,1,0
73,63409.24,-3213.54,307.0,0.3153,1,6,1,0
65,64250.55,-5000.0,82.0,0.2824,2,6,0,0
31,35074.72,-5000.0,202.0,0.2156,1,7,1,0
57,15900.11,16698.36,36.0,0.3464,2,1,1,0
53,58400.88,-1083.87,55.0,0.0931,2,5,1,0
51,46587.88,-916.04,155.0,0.1907,1,3,1,0
63,8000.0,-5000.0,471.0,0.286,2,2,1,0
26,51363.02,,449.0,0.1961,1,2,0,0
39,29075.18,-5000.0,28.0,0.3298,2,7,0,0
64,8000.0,-5000.0,33.0,0.5557,0,1,1,1
68,,425.38,,0.2332,0,7,1,0
20,77072.97,2827.47,455.0,0.0889,2,2,1,0
44,,8269.08,242.0,0.1192,1,1,1,0
33,68668.8,-2404.76,253.0,0.2499,1,2,1,0
27,51730.82,15354.67,288.0,0.2449,2,3,1,0
21,59894.93,-2350.3,211.0,0.1854,1,2,0,1
48,47466.11,-5000.0,357.0,0.0486,2,5,0,0
56,17373.73,-5000.0,59.0,0.0705,2,1,0,0
48,22362.45,-3191.13,28.0,0.4327,1,1,1,1
38,29820.48,-5000.0,34.0,0.1985,2,1,1,1
61,80033.98,9007.24,106.0,0.0591,2,3,0,1
55,71917.27,-5000.0,261.0,0.1094,1,1,0,0
69,18003.06,1937.37,126.0,0.3163,1,1,0,0
37,46334.78,-5000.0,287.0,0.1097,1,5,1,0
31,34934.82,-5000.0,9.0,0.229,2,1,1,0
43,41122.49,11852.29,208.0,0.127,1,3,1,0
46,31598.93,15822.2,70.0,0.3547,2,3,1,0
44,80142.29,13152.01,137.0,0.1674,2,4,1,0
65,44527.34,-5000.0,310.0,0.5681,2,6,1,0
20,50403.92,-5000.0,6.0,0.3559,2,3,1,0
48,50606.46,18827.03,369.0,0.3441,0,7,1,0
42,19305.75,965.34,128.0,0.2619,1,5,1,0
30,47713.84,-5000.0,413.0,0.2309,2,1,1,0
54,71557.92,11657.9,343.0,0.6197,2,4,0,0
63,81817.27,3539.08,434.0,0.0868,0,1,1,0
49,16304.63,7555.98,290.0,0.2522,2,6,1,0
22,8000.0,-5000.0,196.0,0.0724,1,6,0,0
22,46553.36,389.8,75.0,0.2194,2,6,1,0
42,72729.69,10590.43,34.0,0.0686,1,5,1,0
56,53989.91,-2122.9,380.0,0.2549,2,4,0,0
35,62007.4,12880.0,309.0,0.2458,2,2,1,0
35,10993.77,-5000.0,71.0,0.3731,2,6,0,0
67,30700.31,2099.36,45.0,0.3114,2,6,0,0
18,8000.0,16159.37,381.0,0.0949,1,2,0,0
22,41437.8,-5000.0,28.0,0.1299,2,5,0,0
26,8000.0,5171.82,246.0,0.4978,2,4,1,0
74,78316.54,7680.8,155.0,0.4154,2,6,1,0
46,83870.54,3731.23,344.0,0.3274,0,2,0,0
27,48516.09,999.62,27.0,0.3051,1,5,1,1
35,8000.0,-4010.55,39.0,0.3241,2,7,0,0
73,54392.82,,67.0,0.433,1,2,1,1
57,91478.31,2178.75,355.0,0.3413,2,3,1,0
30,,-5000.0,341.0,0.2887,2,4,0,0
31,74624.6,11798.78,346.0,0.6261,2,5,1,0
22,32870.87,-4280.41,276.0,0.1471,2,7,1,0
62,,-5000.0,84.0,0.2624,2,6,1,0
25,43228.45,-1765.45,109.0,0.3013,0,2,0,1
34,8000.0,-4141.76,66.0,0.3028,2,3,1,0
37,101602.21,934.07,60.0,0.3548,2,5,0,0
53,48491.25,-5000.0,359.0,0.435,2,3,1,0
52,66669.32,6583.77,219.0,0.2707,2,4,0,0
63,33462.29,14048.41,199.0,0.2762,2,4,1,0
34,8000.0,3846.92,70.0,0.1075,2,5,0,1
39,80645.37,-5000.0,310.0,0.2656,2,7,0,0
40,16897.49,-4305.76,399.0,0.1533,2,7,1,0
20,53720.97,4770.24,4.0,0.3543,1,3,0,0
60,56077.12,-5000.0,447.0,0.1613,2,7,0,0
48,46848.78,-5000.0,88.0,0.4786,2,2,1,0
45,25385.39,-5000.0,437.0,0.2948,1,2,1,0
74,41259.19,3923.43,358.0,0.4728,2,2,1,0
28,21248.73,20297.43,427.0,0.0614,2,6,0,0
73,65229.44,-5000.0,95.0,0.5756,1,4,0,0
56,59288.67,9530.64,270.0,0.4406,1,3,1,0
30,44464.94,-1511.01,38.0,0.3387,2,5,1,0
56,30791.21,-5000.0,214.0,0.3468,2,5,1,0
61,97682.95,15513.03,84.0,0.1388,2,3,0,0
38,12448.4,20278.75,34.0,0.4083,1,3,1,0
37,8000.0,6294.9,399.0,0.1916,2,4,0,0
65,42949.85,5900.09,362.0,0.0385,2,3,1,0
27,38548.82,3498.16,166.0,0.4858,0,4,1,0
18,72439.56,1814.03,198.0,0.5325,1,5,1,0
55,61152.91,5720.63,254.0,0.6509,2,6,1,0
69,45738.14,8408.95,291.0,0.2396,2,4,1,0
46,,16306.73,277.0,0.3225,2,1,1,0
25,57054.14,-1181.87,146.0,0.3025,1,6,1,0
48,97588.92,4019.09,178.0,0.1272,2,6,0,0
32,51334.08,2292.38,474.0,0.2882,2,3,1,0
65,27973.07,11192.5,44.0,0.3389,1,1,0,1
52,49962.53,22200.65,194.0,0.3383,2,7,0,0
37,8000.0,11468.52,123.0,0.4313,2,3,0,0
53,44183.81,9385.95,117.0,0.2016,1,6,0,0
56,72324.56,10263.0,75.0,0.3414,1,6,0,0
56,60054.6,13139.38,47.0,0.6181,2,7,0,0
38,52463.9,22315.58,436.0,0.401,2,4,1,0
50,61230.98,-5000.0,417.0,0.4541,2,5,0,0
20,72581.41,7796.76,355.0,0.4694,1,1,0,0
41,80630.84,-5000.0,445.0,0.2158,2,2,1,0
39,56186.4,10610.83,395.0,0.2702,2,1,0,0
48,37097.21,7408.3,61.0,0.512,1,7,1,0
72,8000.0,-1374.62,389.0,0.4086,0,7,1,0
72,69454.34,-5000.0,,0.6848,2,7,1,0
45,57880.06,2884.84,1.0,0.0481,0,3,0,0
54,48816.49,4782.74,421.0,0.1843,1,7,1,0
24,27798.71,2495.14,359.0,0.3808,2,5,1,0
45,69128.8,-1971.42,477.0,0.1815,1,2,0,0
57,38569.09,-4174.31,231.0,0.386,2,1,1,0
56,44139.45,2585.72,356.0,0.1072,1,2,0,0
72,43600.29,-3415.01,371.0,0.0511,2,7,0,0
44,56246.29,9474.4,319.0,0.6396,1,1,1,1
69,16284.2,2370.38,460.0,0.1704,2,6,1,0
73,59063.8,-5000.0,68.0,0.1962,2,7,0,0
50,26977.79,4413.6,171.0,0.1124,1,5,0,0
23,27854.91,6313.53,46.0,0.2159,2,7,0,1
39,67131.0,15943.9,290.0,0.5744,2,5,1,0
61,20124.29,10425.11,11.0,0.1925,1,6,0,1
51,67086.06,-4189.53,,0.4933,0,1,0,1
71,47534.17,14406.61,355.0,0.2419,2,4,0,0
64,8000.0,-5000.0,429.0,0.5412,1,7,1,0
21,79111.9,3225.34,106.0,0.223,2,7,1,0
67,52756.34,9032.54,121.0,0.6043,2,7,0,0
38,54853.15,14669.56,12.0,0.1722,1,5,1,0
64,70181.06,18111.21,168.0,0.3311,2,2,1,0
46,82480.52,13197.79,337.0,0.2336,0,7,0,0
43,50025.67,1907.08,426.0,0.2495,1,5,1,0
22,60432.18,7637.38,201.0,0.3201,1,5,0,0
24,54279.65,4795.23,48.0,0.239,1,5,1,1
51,36428.31,-2675.48,154.0,0.3727,1,1,1,0
50,,2075.0,237.0,0.5024,1,3,1,0
49,50373.05,17382.56,290.0,0.7689,1,6,1,0
26,79473.45,8169.29,279.0,0.2826,2,7,1,0
47,59583.32,,384.0,0.1103,2,7,0,0
21,18314.42,-5000.0,277.0,0.4488,1,2,1,0
26,72438.04,-52.46,193.0,0.2418,2,3,0,0
46,37263.25,6322.07,57.0,0.0586,2,3,1,0
53,8000.0,8938.86,449.0,0.2744,0,7,0,0
55,70447.6,2065.73,18.0,0.3807,2,4,1,0
73,21365.48,9404.01,157.0,0.4188,2,3,0,0
66,89518.21,9343.66,199.0,0.4267,1,2,1,0
39,73694.34,-5000.0,427.0,0.0313,2,2,1,0
62,39305.02,9027.53,217.0,0.2613,1,1,1,0
23,56484.0,11586.12,198.0,0.2544,1,7,1,0
66,105597.96,5369.24,452.0,0.4416,0,4,0,0
40,70000.18,-5000.0,175.0,0.0769,2,1,0,0
61,50955.0,785.31,362.0,0.1825,2,4,1,0
73,117228.85,6503.52,15.0,0.5636,0,2,1,1
58,47939.53,-3925.64,287.0,0.4436,1,4,0,0
70,59545.37,,349.0,0.1459,2,2,1,0
18,21594.67,8836.72,100.0,0.2808,1,7,0,0
27,8000.0,4075.89,364.0,0.6586,1,2,1,0
53,37804.94,3139.52,432.0,0.4188,0,5,1,0
48,45960.2,4543.09,25.0,0.243,1,2,0,1
24,53231.59,2967.52,92.0,0.2032,1,7,0,0
58,9505.72,-5000.0,69.0,0.6038,2,3,1,0
21,61516.86,-440.86,454.0,0.3924,2,1,1,0
74,24240.36,3579.8,139.0,0.5127,2,1,1,0
26,60218.36,14348.82,454.0,0.1639,0,3,0,0
43,68373.16,8536.35,182.0,0.2674,2,3,0,0
64,35112.27,14778.54,469.0,0.1481,2,1,0,0
47,20904.53,-5000.0,269.0,0.2097,0,5,0,1
60,83591.23,150.58,135.0,0.3353,2,5,0,0
58,66822.8,19590.86,244.0,0.301,2,4,1,0
72,48799.41,-2943.75,65.0,0.664,2,7,0,0
44,81710.69,-3103.42,95.0,0.7489,2,5,1,0
73,47081.54,825.96,301.0,0.1601,1,5,1,0
47,29487.32,19144.89,361.0,0.3355,1,7,1,0
68,19957.45,-2372.19,202.0,0.0429,2,2,0,0
59,42305.02,7459.88,410.0,0.1017,1,6,1,0
25,64293.01,6136.27,186.0,0.098,2,3,1,0
54,79743.98,-5000.0,179.0,0.0581,1,2,0,0
68,45587.76,2874.58,267.0,0.2184,2,1,1,0
25,75328.12,-1423.4,189.0,0.1566,2,1,1,0
65,39643.26,8423.78,330.0,0.0451,2,5,0,0
24,25460.05,16912.56,432.0,0.1541,1,2,1,0
67,12342.17,243.61,159.0,0.6531,0,4,1,0
62,32344.0,243.27,234.0,0.4087,1,5,1,0
26,13283.56,23142.63,160.0,0.3015,1,2,0,0
59,95237.79,-2692.33,283.0,0.3265,1,4,1,0
24,55982.41,-5000.0,292.0,0.3843,2,6,1,0
50,42609.63,14020.58,216.0,0.2386,0,5,0,0
70,88050.04,2594.93,34.0,0.1052,1,7,0,1
29,12443.32,5266.56,444.0,0.0903,1,5,1,0
27,41571.43,20852.05,335.0,0.4553,2,3,1,0
42,94991.84,-5000.0,346.0,0.1786,0,3,0,0
39,41398.99,1436.3,383.0,0.4281,2,1,0,0
20,106170.34,-5000.0,12.0,0.4208,2,6,1,0
43,64640.12,5681.47,422.0,0.1523,2,5,0,0
32,77648.15,-1424.03,41.0,0.355,0,2,1,0
25,78372.37,-5000.0,361.0,0.2279,2,5,0,0
33,45040.06,8858.22,458.0,0.2948,1,2,0,0
19,32794.71,3082.63,243.0,0.0442,2,5,1,0
70,42113.99,-5000.0,343.0,0.1864,1,6,1,0
74,20326.69,-5000.0,419.0,0.2176,1,3,0,0
38,43350.93,4662.47,271.0,0.3373,1,5,0,0
67,44889.85,-5000.0,235.0,0.2295,2,6,0,0
44,87230.87,4819.87,387.0,0.1872,1,2,0,0
70,59831.89,13716.45,377.0,0.1855,1,3,1,0
27,104065.44,8336.48,39.0,0.2824,1,3,1,1
34,8000.0,-1986.6,30.0,0.3043,2,3,1,0
60,14573.91,5194.72,342.0,0.273,2,7,1,0
30,36116.37,-5000.0,340.0,0.1285,2,7,0,0
64,82312.36,4090.27,390.0,0.075,2,2,1,0
42,42260.57,385.2,40.0,0.5476,1,5,0,0
41,8304.33,-5000.0,74.0,0.5713,2,1,1,0
43,38871.89,7989.73,13.0,0.0254,1,1,1,0
63,15060.04,-5000.0,135.0,0.1122,2,2,0,0
18,10159.36,-5000.0,241.0,0.1409,1,3,1,0
60,94970.7,-5000.0,173.0,0.4795,2,5,1,0
62,36209.78,-1038.46,57.0,0.2639,0,6,1,1
64,49328.82,13394.7,265.0,0.4354,2,1,0,0
74,42676.09,9034.08,156.0,0.2373,2,7,0,1
62,38712.61,3842.5,137.0,0.3482,2,3,0,0
48,23983.47,3465.31,371.0,0.0998,1,2,0,0
44,37234.13,2905.94,152.0,0.4738,0,4,1,0
40,53430.89,13974.6,264.0,0.3861,0,6,0,0
65,80465.88,-5000.0,32.0,0.1991,2,6,1,0
40,68685.89,9172.46,352.0,0.178,0,3,1,0
50,14523.33,,260.0,0.4087,2,6,1,0
23,69713.31,7023.92,376.0,0.3427,2,4,1,0
36,56885.95,7062.21,144.0,0.4093,1,2,0,1
33,29381.97,8865.96,230.0,0.616,1,3,1,0
42,49552.43,15669.18,205.0,0.3989,2,7,0,0
46,59307.18,-5000.0,473.0,0.1537,2,4,0,0
58,46176.32,11043.56,48.0,0.1249,2,1,1,0
42,57006.08,2489.16,97.0,0.0544,2,2,0,0
26,23426.22,-686.85,465.0,0.2681,0,3,0,1
49,94820.8,19270.1,40.0,0.287,1,1,1,0
21,8000.0,8615.29,133.0,0.2804,2,4,1,0
66,59446.28,-337.64,152.0,0.0903,2,2,0,0
61,54169.09,10658.5,377.0,0.2384,1,1,1,0
30,61073.58,2631.53,366.0,0.2126,2,5,1,0
33,27290.74,-463.08,416.0,0.277,1,3,1,0
19,74229.93,-1848.7,46.0,0.2663,2,3,1,0
38,42300.48,5436.51,103.0,0.3597,2,2,0,1
20,15344.63,-1910.98,224.0,0.3718,2,2,0,0
71,17629.74,4243.43,350.0,0.3039,0,4,0,0
25,48117.63,,274.0,0.104,1,6,0,0
55,8000.0,3884.09,250.0,0.2069,1,4,1,0
50,90012.65,18812.01,387.0,0.2667,2,3,1,0
31,71223.03,3105.65,95.0,0.1874,2,2,0,0
64,90671.11,13792.31,406.0,0.5888,0,4,0,0
24,88035.59,10810.36,316.0,0.1699,2,2,1,0
68,36202.34,15202.41,114.0,0.3345,2,1,0,0
60,23266.76,18776.83,210.0,0.2574,0,5,1,0
54,8000.0,-5000.0,131.0,0.1553,1,2,1,0
68,34844.15,5121.31,148.0,0.4155,1,6,1,0
40,89141.32,2105.05,328.0,0.2535,1,3,1,0
34,24303.73,3891.46,146.0,0.4247,1,4,1,0
26,39751.98,-179.2,412.0,0.1403,0,5,0,0
70,31135.74,-1347.65,46.0,0.1822,0,2,1,1
40,54374.88,-5000.0,80.0,0.2743,2,3,1,0
65,77152.12,3779.07,438.0,0.2301,2,2,0,0
36,8000.0,10472.12,346.0,0.2819,1,4,0,0
72,11305.6,-949.56,211.0,0.2532,2,4,1,1
67,82165.5,371.94,114.0,0.2958,2,3,1,0
35,63326.67,-2584.58,122.0,0.1403,1,2,1,0
45,38515.49,-4954.8,86.0,0.4209,0,6,1,0
63,87677.07,1110.85,430.0,0.1756,1,6,0,0
30,10874.28,5745.73,162.0,0.0503,2,7,1,0
19,68280.34,13058.77,449.0,0.4258,1,4,1,0
34,43294.05,-5000.0,381.0,0.0578,2,7,1,0
51,60163.6,2756.92,172.0,0.4447,1,2,1,0
25,8000.0,12425.09,356.0,0.1703,1,5,1,0
37,38482.42,-5000.0,228.0,0.2883,2,4,1,0
70,63419.92,13136.13,229.0,0.0426,1,5,0,0
22,43416.74,-511.63,369.0,0.3001,1,2,1,0
20,76382.44,8690.71,342.0,0.1317,2,1,0,0
42,75545.13,1255.47,105.0,0.2455,2,7,1,0
18,21035.91,6669.99,,0.2041,1,1,0,0
19,65599.82,15872.32,448.0,0.1785,2,4,1,0
28,20183.43,2028.69,101.0,0.5453,1,4,1,0
23,46350.39,10972.0,342.0,0.1765,1,3,1,0
64,61403.21,5197.1,404.0,0.1329,2,7,0,0
24,24117.93,-3288.16,288.0,0.3861,2,4,1,0
47,64673.15,1835.3,25.0,0.0568,2,2,1,1
58,32366.11,1335.16,408.0,0.3964,2,6,1,0
53,30482.56,-5000.0,432.0,0.1511,1,3,0,0
55,62666.27,6672.31,308.0,0.5626,2,2,0,0
38,24100.68,8263.77,,0.2134,2,5,0,0
68,22829.11,,21.0,0.3864,1,4,1,0
21,71028.9,14438.32,347.0,0.0462,1,6,1,0
24,47713.93,10631.4,386.0,0.3236,2,4,1,0
66,8647.01,-1824.21,273.0,0.314,2,3,0,0
21,66391.03,-121.61,251.0,0.3,2,5,0,0
28,,9710.06,388.0,0.3334,2,2,0,0
27,9924.67,6117.66,317.0,0.1203,2,2,1,0
19,8000.0,2857.39,13.0,0.4289,0,1,0,0
24,67585.36,-3997.77,88.0,0.2485,1,1,1,0
50,23502.05,-1245.74,283.0,0.2754,2,1,1,1
55,13903.88,7662.48,290.0,0.4203,2,5,1,0
22,60985.07,-5000.0,125.0,0.3205,2,3,1,0
71,65144.79,-5000.0,66.0,0.2642,2,5,1,1
23,25322.43,8547.02,306.0,0.1201,0,2,1,0
57,67816.02,-1267.84,148.0,0.2126,1,1,0,0
63,96372.32,6748.3,,0.1984,1,4,0,0
47,78666.58,15613.38,317.0,0.1564,1,6,1,0
46,74776.43,-5000.0,103.0,0.1689,1,2,0,0
24,52853.23,-5000.0,368.0,0.0608,1,1,1,0
31,33907.04,788.82,74.0,0.6464,2,2,1,0
66,43602.85,-2478.4,191.0,0.1741,2,2,0,0
37,56018.54,2797.13,281.0,0.0903,2,4,0,0
19,,7304.26,425.0,0.0111,0,7,1,0
59,25765.45,5613.55,451.0,0.0586,0,7,0,0
56,9306.25,3370.01,332.0,0.4775,2,4,1,0
21,50879.67,11465.27,318.0,0.4743,1,7,0,0
20,47076.35,8365.6,240.0,0.4006,1,3,1,0
24,28682.28,1548.8,232.0,0.3453,1,7,1,0
20,65512.48,8081.99,267.0,0.2573,1,3,1,0
53,18884.99,-5000.0,449.0,0.1424,2,1,1,0
25,27754.13,11509.99,312.0,0.035,1,2,0,0
52,64513.16,3177.52,393.0,0.2424,2,3,1,0
28,68220.39,-5000.0,265.0,0.2041,0,6,1,0
73,25106.84,-333.11,351.0,0.1249,2,3,0,0
59,50801.07,11300.32,408.0,0.2025,1,3,1,0
39,25529.82,-3141.27,209.0,0.4656,1,1,1,0
42,40066.51,6284.78,309.0,0.3849,2,1,0,0
21,48595.93,10030.22,235.0,0.3596,1,3,0,1
21,59009.15,3195.5,245.0,0.3101,2,5,1,0
48,52938.98,-3916.75,127.0,0.2761,1,3,0,0
19,51829.06,2488.77,,0.0856,2,6,0,0
54,18037.54,-5000.0,392.0,0.1131,1,3,1,0
39,54706.92,-909.24,442.0,0.517,2,1,0,0
25,58776.63,-5000.0,136.0,0.695,0,6,0,0
48,62223.36,2624.72,479.0,0.17,0,6,1,0
49,27012.0,-5000.0,337.0,0.3642,2,3,1,0
60,67889.64,3667.35,163.0,0.2416,2,2,1,0
29,12069.13,,419.0,0.2132,2,6,0,0
49,,12565.32,268.0,0.252,2,4,1,0
66,38112.02,-5000.0,265.0,0.2973,1,1,0,0
33,13439.77,-2328.78,363.0,0.5534,1,4,1,0
65,37732.22,9822.12,75.0,0.2929,2,4,1,1
59,50537.02,8632.35,223.0,0.1601,2,2,1,0
42,8000.0,-1921.61,11.0,0.1128,1,5,0,0
68,35132.79,-891.76,204.0,0.1876,2,5,1,0
73,8000.0,3658.12,323.0,0.1386,2,7,1,0
31,96038.47,-5000.0,474.0,0.2948,1,5,1,0
73,50312.28,7202.64,107.0,0.2264,1,6,1,0
18,48145.73,11664.57,420.0,0.3817,1,7,0,0
25,,-112.89,18.0,0.1253,0,7,0,0
20,60113.02,-5000.0,6.0,0.2411,2,5,1,0
38,69453.87,14300.91,164.0,0.8062,2,5,1,0
71,8000.0,4755.43,138.0,0.3507,0,1,1,0
52,77754.44,8671.68,279.0,0.4363,1,7,0,0
53,76145.63,-5000.0,92.0,0.2419,2,4,1,0
22,43341.33,-5000.0,264.0,0.3522,2,6,1,0
47,42031.78,6312.97,474.0,0.0997,0,2,0,0
39,8000.0,11220.52,80.0,0.2624,1,1,0,1
45,13900.22,-5000.0,207.0,0.2268,2,3,0,0
32,57971.23,2185.58,289.0,0.846,1,1,1,0
29,,-5000.0,206.0,0.2196,2,1,1,0
72,,-2612.49,197.0,0.1341,1,5,0,0
49,43107.12,943.81,18.0,0.0746,0,4,0,0
41,93146.82,6910.44,229.0,0.1411,1,7,0,0
22,70129.39,-5000.0,444.0,0.1001,0,7,1,0
61,,13563.19,419.0,0.1972,0,1,0,0
44,99552.77,1635.61,383.0,0.4059,2,6,0,0
40,17595.82,13355.1,37.0,0.0758,2,6,1,1
56,8203.99,8589.58,60.0,0.235,0,3,1,0
25,34472.37,9818.4,253.0,0.6466,1,4,1,0
48,26034.0,19162.37,142.0,0.522,1,6,1,0
67,35876.71,-3252.92,83.0,0.1086,1,4,1,1
44,64952.27,4083.55,88.0,0.1807,1,6,1,0
18,44150.51,-4925.67,87.0,0.4577,2,7,0,0
31,44792.58,2182.33,44.0,0.2485,2,3,1,0
21,46470.37,8760.76,293.0,0.0866,2,2,0,0
46,8000.0,12018.69,198.0,0.2072,0,3,0,0
38,8000.0,-58.08,321.0,0.1408,2,7,0,0
25,35367.22,,103.0,0.0928,0,1,0,0
57,23926.78,3586.45,290.0,0.1473,2,3,1,0
28,39205.31,-3817.34,88.0,0.1902,2,5,0,0
37,80103.21,-1623.04,443.0,0.1085,0,2,1,0
74,43138.76,8373.86,82.0,0.3361,0,1,0,1
21,11945.79,6885.04,381.0,0.2991,2,4,0,0
32,25172.51,9673.62,329.0,0.3361,2,2,0,0
36,87764.4,302.25,95.0,0.2117,1,3,0,0
46,83312.35,11071.79,43.0,0.2858,1,1,1,0
31,59896.94,3114.79,305.0,0.3528,2,2,1,0
73,8000.0,726.76,20.0,0.2425,2,1,1,0
18,52670.12,-5000.0,297.0,0.096,1,7,0,0
72,54592.43,-5000.0,325.0,0.2325,0,5,1,0
48,45638.51,-5000.0,310.0,0.0883,2,1,1,0
20,30749.72,4723.7,468.0,0.0824,2,3,1,0
24,35934.22,-4260.16,205.0,0.1914,2,2,0,0
23,29007.13,-5000.0,240.0,0.1616,1,3,0,0
34,16373.15,-355.0,454.0,0.0395,1,7,1,0
36,79149.7,5238.24,413.0,0.4401,1,7,0,0
54,67057.84,6320.56,222.0,0.3033,1,1,0,0
35,37876.76,2769.04,202.0,0.1882,2,3,1,0
59,53804.46,2513.11,378.0,0.6038,1,4,1,0
34,54742.52,-1307.28,271.0,0.1077,1,4,1,0
33,103572.09,8071.25,231.0,0.4338,2,4,1,0
33,66814.22,1585.48,391.0,0.3524,1,4,1,0
36,65869.24,2389.34,377.0,0.3653,2,2,0,0
65,45949.53,11302.76,198.0,0.0426,2,5,1,0
32,34139.4,9335.2,189.0,0.2253,2,5,1,0
33,79567.76,1521.08,320.0,0.3078,1,4,0,0
72,61306.8,383.55,0.0,0.2857,1,7,0,1
55,24261.45,321.3,375.0,0.5357,0,5,1,0
28,56346.66,-5000.0,239.0,0.4943,0,3,1,1
67,65934.65,11775.17,419.0,0.4099,1,4,1,0
28,8000.0,-2478.46,263.0,0.1021,2,4,1,0
27,21940.33,9836.94,186.0,0.1405,2,3,1,0
43,54069.12,3332.71,55.0,0.2447,2,6,1,1
57,8000.0,14133.34,0.0,0.637,0,2,1,1
28,8000.0,7235.88,319.0,0.5403,1,2,0,0
60,38238.46,10296.98,95.0,0.4531,2,4,1,0
26,,-1736.62,409.0,0.3476,2,3,1,0
62,58444.59,,237.0,0.0866,1,4,1,0
23,84559.99,4180.21,416.0,0.1263,1,3,1,0
44,47056.6,-5000.0,223.0,0.5149,0,6,1,0
54,35683.68,-743.62,180.0,0.2198,0,2,1,0
33,12316.01,-5000.0,67.0,0.0906,1,3,0,0
52,35384.31,-3717.27,196.0,0.4333,1,5,1,0
57,62688.23,7765.54,393.0,0.3995,1,2,1,0
55,63818.06,7239.73,412.0,0.1082,2,6,1,0
40,51615.48,1704.32,229.0,0.5203,2,2,0,0
62,58677.87,5560.07,479.0,0.2331,1,4,1,0
59,76909.59,-1325.51,17.0,0.1367,1,4,1,0
36,46881.8,22413.29,25.0,0.3532,1,4,0,1
59,,5406.7,29.0,0.2155,1,2,0,0
70,26833.83,-1722.58,29.0,0.7097,1,3,1,0
64,43167.72,10002.93,2.0,0.6429,2,7,0,0
59,32979.17,12921.49,26.0,0.574,0,3,1,0
61,64817.63,-3193.75,382.0,0.0403,1,3,1,0
63,19637.89,-5000.0,221.0,0.0774,1,5,1,0
34,36955.86,-5000.0,374.0,0.3056,2,6,1,0
59,8000.0,-2359.65,376.0,0.3067,2,5,1,0
29,59859.4,2565.85,331.0,0.5307,2,6,1,0
38,76169.76,-5000.0,44.0,0.1307,0,5,1,0
71,67767.7,-345.98,58.0,0.1792,2,7,0,0
34,65315.69,1336.5,330.0,0.0953,2,5,1,0
66,65985.01,5598.88,,0.3114,2,6,1,0
42,62492.35,7894.26,82.0,0.2808,2,5,0,1
29,60359.89,6212.35,304.0,0.5841,2,3,1,0
23,61972.84,17337.39,15.0,0.4901,1,7,1,0
49,28607.95,11752.99,95.0,0.1103,2,6,1,1
43,39995.16,4775.7,285.0,0.1327,1,3,0,0
47,46756.08,-4763.9,313.0,0.1287,1,4,1,0
20,36607.37,-2403.98,285.0,0.5247,1,2,0,0
33,8000.0,-5000.0,217.0,0.2153,2,2,0,0
18,14124.78,4226.76,135.0,0.3402,1,2,1,1
35,50749.4,5650.9,383.0,0.1704,0,2,0,0
71,67644.4,10143.3,154.0,0.2428,0,3,1,0
26,45233.55,5138.55,341.0,0.2376,2,6,1,0
57,114120.55,11431.91,169.0,0.2235,1,4,1,0
18,22005.94,11595.99,248.0,0.2822,1,2,0,0
50,56123.55,-5000.0,446.0,0.3376,0,1,1,0
70,77280.07,-1144.51,190.0,0.1873,0,6,0,1
37,71641.93,2911.69,415.0,0.5016,2,6,1,0
29,61376.67,-2648.6,28.0,0.0788,2,7,1,1
50,71756.35,1053.41,253.0,0.249,1,2,0,0
33,46384.86,5410.07,245.0,0.1038,1,7,1,0
68,86572.04,2015.39,462.0,0.4956,0,1,0,0
66,77078.98,3002.47,,0.3355,2,6,1,0
55,23694.31,-4541.11,279.0,0.1838,2,4,0,0
54,53039.2,7051.54,281.0,0.336,0,3,0,0
52,8000.0,6466.09,48.0,0.4081,2,6,0,0
59,83044.72,-3100.0,477.0,0.1817,0,4,1,0
44,50605.79,-5000.0,233.0,0.4859,2,2,1,0
73,78719.32,12841.96,209.0,0.0327,2,6,1,0
37,42266.06,16985.4,429.0,0.3814,2,2,0,0
18,8000.0,4877.68,32.0,0.1607,2,5,0,1
57,110934.19,106.52,318.0,0.3073,2,5,0,0
55,48277.21,11370.22,9.0,0.2671,2,7,0,0
73,19994.78,6762.8,457.0,0.2414,0,3,0,0
40,73644.06,1314.34,388.0,0.253,2,3,1,0
42,95896.43,10744.6,254.0,0.1617,1,7,0,0
50,39939.05,-3477.07,188.0,0.3241,2,6,1,0
40,42518.94,-2526.44,437.0,0.1295,1,7,1,0
62,50951.16,5909.05,117.0,0.2396,0,1,1,0
42,17225.73,3913.93,367.0,0.3396,2,1,0,0
62,27733.31,8098.23,198.0,0.4345,2,2,0,0
42,89548.15,12546.65,394.0,0.1899,2,1,1,0
30,41694.84,-5000.0,359.0,0.3699,1,2,0,0
74,24061.08,3311.61,475.0,0.2028,1,2,1,0
48,33698.95,18208.64,290.0,0.2526,2,3,0,0
58,71820.59,-1772.43,145.0,0.0553,2,4,1,0
51,8000.0,-2717.98,425.0,0.4199,1,1,1,0
38,51366.25,-5000.0,301.0,0.1797,2,2,0,0
73,106555.47,3813.99,337.0,0.1919,1,1,0,0
39,95776.57,7644.87,123.0,0.1369,1,3,1,0
74,59330.07,7628.43,254.0,0.0622,1,7,1,0
42,77911.07,-5000.0,409.0,0.2841,2,5,1,0
19,77670.66,2930.29,176.0,0.2359,2,7,1,0
20,41853.7,4772.37,281.0,0.4061,2,2,1,0
73,68119.85,3416.86,99.0,0.5598,1,4,1,0
48,89714.58,-5000.0,84.0,0.2049,1,5,1,1
40,13405.94,3618.46,370.0,0.4397,1,2,0,0
64,59416.27,-3516.52,202.0,0.2971,2,7,1,0
53,54036.89,-5000.0,98.0,0.1731,2,6,1,0
55,47579.11,8450.45,87.0,0.1822,0,1,1,0
57,45365.83,4120.29,59.0,0.4753,2,2,1,0
29,50791.75,7735.16,219.0,0.3736,2,6,0,0
23,52889.3,-1275.64,149.0,0.1301,1,4,0,0
59,72965.38,8012.34,37.0,0.2743,1,2,1,0
19,56912.87,11177.03,231.0,0.3146,1,6,1,0
59,40553.09,17031.91,463.0,0.0904,1,7,1,0
25,24001.96,9510.84,469.0,0.1263,1,5,1,0
32,33188.94,6078.32,286.0,0.4216,2,4,0,0
58,51529.15,-5000.0,277.0,0.1186,1,3,1,0
53,27348.23,2147.8,475.0,0.0533,0,6,1,0
62,68646.93,-5000.0,363.0,0.1471,2,6,0,0
52,55751.38,-3551.01,83.0,0.1751,2,3,1,0
20,73588.19,18640.47,252.0,0.0294,1,1,1,0
65,29029.52,-5000.0,184.0,0.6508,2,4,1,0
30,24223.31,-5000.0,69.0,0.2632,1,5,0,0
25,73401.43,9505.33,446.0,0.1738,1,6,1,0
68,48248.85,-2384.54,282.0,0.4255,1,5,1,0
29,39937.07,9144.06,332.0,0.4336,1,3,1,0
48,,-5000.0,380.0,0.0486,0,1,0,0
45,61536.23,-407.31,33.0,0.676,2,3,1,0
61,13605.91,12567.05,151.0,0.187,2,4,1,1
20,79616.13,-5000.0,423.0,0.2763,1,2,0,1
24,34739.83,1645.87,97.0,0.264,2,7,1,0
41,87500.45,5330.44,90.0,0.1833,1,3,1,0
44,11661.28,-2753.88,295.0,0.3155,0,2,1,0
62,52934.97,4935.76,125.0,0.6307,1,6,0,0
52,40359.47,3125.18,398.0,0.3399,2,6,1,0
26,8000.0,7276.34,351.0,0.4261,1,7,1,0
73,61455.2,17737.56,369.0,0.1088,2,7,0,0
44,,24401.69,341.0,0.5572,1,1,1,0
72,37708.33,6706.63,71.0,0.3278,2,5,0,0
74,72606.89,2116.85,317.0,0.1194,2,2,1,0
20,31749.1,6527.35,82.0,0.1038,1,3,1,1
46,22406.65,1142.06,2.0,0.0305,1,5,0,0
42,65008.91,-5000.0,468.0,0.1047,2,1,0,0
46,38762.05,2627.28,119.0,0.0415,1,4,1,0
35,34873.51,11656.94,334.0,0.0336,2,1,0,0
49,76874.81,-5000.0,165.0,0.1175,1,7,0,0
46,15818.03,,336.0,0.2476,0,3,1,0
28,33509.82,-1655.61,192.0,0.1681,1,2,1,0
34,66661.18,5978.75,211.0,0.1824,0,7,1,0
26,14201.32,22015.99,35.0,0.4103,1,1,0,0
66,89383.68,-3474.53,222.0,0.1298,2,5,1,0
56,39578.81,3729.72,324.0,0.6384,1,1,1,0
40,66863.18,3046.23,342.0,0.3169,2,6,1,0
40,66810.88,590.03,427.0,0.0947,2,4,1,0
22,41192.8,2618.38,283.0,0.1112,0,4,0,0
34,33024.7,-717.9,475.0,0.639,1,2,1,0
70,43925.89,24943.82,301.0,0.2927,0,3,1,0
19,62817.11,8997.4,383.0,0.2024,0,3,1,0
26,20339.38,-649.15,71.0,0.1205,1,4,1,0
66,14918.54,12468.66,97.0,0.2445,2,5,0,0
47,82105.07,,282.0,0.0824,0,2,1,0
19,26628.62,3463.58,245.0,0.2191,0,5,1,0
45,53852.1,1543.88,236.0,0.2356,2,3,1,0
60,39944.89,999.73,439.0,0.1832,2,3,0,0
37,41053.36,-5000.0,228.0,0.1514,2,3,0,0
39,80759.74,-5000.0,31.0,0.4506,0,4,1,1
53,42870.77,5965.92,251.0,0.2144,2,6,1,0
52,36079.35,1463.34,109.0,0.0118,2,3,1,0
69,38257.11,10019.45,16.0,0.3006,2,6,0,0
32,32413.54,-4119.22,127.0,0.1417,1,4,1,0
33,28247.73,-5000.0,0.0,0.2557,2,4,1,0
26,32513.83,9209.43,292.0,0.4718,2,1,0,0
55,86580.25,637.29,223.0,0.0396,0,2,0,0
48,62787.22,9845.87,456.0,0.0835,2,4,0,0
37,36370.09,3267.69,30.0,0.1155,2,7,0,0
57,69541.39,18020.18,231.0,0.2349,2,2,1,0
39,8000.0,9045.93,439.0,0.3085,0,4,1,0
29,79391.96,6277.98,270.0,0.4218,0,3,1,0
48,77378.89,9399.41,172.0,0.5105,0,6,0,0
42,100908.35,816.82,307.0,0.0404,2,5,1,0
41,70288.79,-5000.0,130.0,0.1414,1,2,0,0
43,55930.86,5887.42,408.0,0.168,1,5,1,0
70,77278.51,18532.71,319.0,0.2107,2,6,1,0
30,29354.76,-5000.0,137.0,0.4868,0,5,1,0
33,35114.59,6753.16,36.0,0.4246,2,5,0,0
50,43393.88,-5000.0,300.0,0.1932,2,7,0,0
20,79222.04,2813.56,430.0,0.5236,1,7,1,0
26,23603.04,3635.68,444.0,0.4949,2,7,0,0
50,20948.46,8974.83,318.0,0.3114,0,7,1,0
47,50913.45,4681.3,450.0,0.2589,2,3,1,0
55,,13988.15,391.0,0.1247,2,4,1,0
24,27422.99,12331.2,183.0,0.3175,2,7,1,0
66,,1426.61,406.0,0.2575,2,1,1,0
45,79209.98,11755.14,53.0,0.2965,2,5,0,0
26,75011.54,497.75,426.0,0.4258,0,7,1,0
35,53832.32,-878.86,443.0,0.1802,2,4,0,0
30,42735.06,-5000.0,270.0,0.2379,1,6,1,0
43,,13495.71,442.0,0.1713,2,3,0,0
44,45385.1,599.8,63.0,0.1762,1,7,0,1
42,68508.87,-5000.0,46.0,0.173,2,1,0,0
44,93957.04,7336.53,164.0,0.1616,2,3,1,0
69,65881.7,-472.13,39.0,0.1775,2,4,1,0
72,20072.72,611.09,114.0,0.6337,2,2,0,0
45,14024.43,1127.87,88.0,0.2847,1,6,1,0
72,37559.26,307.58,219.0,0.2866,1,6,1,0
64,62737.48,24822.14,310.0,0.7585,2,4,0,0
64,56119.65,16301.65,,0.2924,2,6,1,0
30,100177.05,8593.38,145.0,0.3122,1,6,1,0
42,55876.41,4930.6,354.0,0.2128,2,1,0,0
38,36813.97,12030.09,115.0,0.2383,2,4,1,0
23,16666.45,4949.28,160.0,0.0301,2,5,0,0
22,74510.93,9526.93,383.0,0.0879,2,7,1,0
53,44848.47,7465.78,189.0,0.1334,1,4,1,0
41,8000.0,4026.76,117.0,0.645,2,1,1,0
65,45556.52,10522.5,385.0,0.267,2,4,1,0
56,20106.55,-361.4,,0.0666,2,6,1,0
22,34359.06,3467.63,433.0,0.2225,2,1,1,0
65,45154.8,-4835.5,210.0,0.1124,2,2,1,0
46,22370.55,-3911.78,10.0,0.1901,1,5,1,0
50,32809.4,,202.0,0.2514,2,6,1,0
73,26397.0,6652.54,367.0,0.2507,2,3,0,0
54,27067.77,8852.16,452.0,0.4306,1,3,1,0
19,19799.49,,33.0,0.0517,2,5,0,0
28,32930.89,-5000.0,57.0,0.1867,0,2,1,1
42,22632.54,6519.27,137.0,0.2196,1,5,1,0
20,59664.6,2994.31,55.0,0.2115,2,3,0,1
27,50020.0,8900.65,84.0,0.5533,2,6,1,0
63,74867.88,-2211.36,208.0,0.1985,2,4,0,0
26,92167.58,309.64,121.0,0.3562,0,3,1,0
27,61933.13,-5000.0,281.0,0.5302,1,2,0,0
46,56239.68,-2735.36,454.0,0.0905,2,3,1,0
23,63508.43,3024.79,243.0,0.2582,1,6,1,0
32,,4393.01,243.0,0.1694,2,1,1,0
71,46254.98,-5000.0,458.0,0.2527,2,1,1,0
53,44266.85,-1091.61,290.0,0.6114,2,3,0,0
72,19458.25,,476.0,0.7659,2,1,1,0
38,65972.99,14264.35,443.0,0.1525,2,7,1,0
53,44217.63,-3760.1,19.0,0.3536,2,2,0,0
31,81237.97,6920.51,450.0,0.1296,0,5,1,0
39,67878.4,-1492.52,79.0,0.3697,2,6,1,0
27,29351.21,-566.21,128.0,0.0991,1,2,1,0
65,76167.28,-4020.57,265.0,0.2275,2,2,1,0
28,8000.0,-5000.0,370.0,0.1528,2,2,1,0
29,93255.64,-798.34,456.0,0.2382,2,2,1,0
44,11538.87,11384.09,221.0,0.2535,1,5,0,0
42,57377.8,-3039.76,134.0,0.0296,1,1,1,0
35,55685.4,-4285.9,184.0,0.407,1,3,0,0
38,73092.92,4673.02,176.0,0.4616,1,1,0,0
34,36782.58,3041.71,140.0,0.4042,1,5,0,0
70,8000.0,2454.05,110.0,0.1065,0,4,1,1
51,36817.8,5031.9,340.0,0.2838,2,5,0,0
70,39520.94,-5000.0,464.0,0.3089,2,4,0,0
74,8000.0,-4191.22,286.0,0.253,2,6,1,0
55,46134.29,10890.0,73.0,0.7123,2,2,0,0
65,18103.71,1832.56,320.0,0.4548,2,7,1,0
24,61227.13,7771.53,,0.2318,2,1,0,0
72,38848.01,12792.33,192.0,0.2056,1,2,0,0
45,94027.37,9765.94,11.0,0.1088,0,6,1,0
58,38595.53,-5000.0,372.0,0.4488,0,2,0,0
31,55759.78,2068.01,288.0,0.2499,1,1,1,0
23,39673.21,11326.65,112.0,0.1821,2,5,1,0
68,8000.0,7181.96,188.0,0.3768,1,1,1,0
43,39882.17,4471.53,253.0,0.3175,0,1,0,0
25,63835.34,-5000.0,271.0,0.4047,1,2,1,0
55,60049.75,-1932.15,315.0,0.2684,2,7,0,0
21,37668.31,3554.62,38.0,0.2402,2,2,1,1
43,8581.1,-5000.0,256.0,0.0289,2,1,0,0
58,61111.46,9349.09,43.0,0.2506,2,5,0,0
59,55487.16,2059.15,79.0,0.4862,1,5,0,0
43,66085.27,-5000.0,44.0,0.1314,2,5,0,1
39,38147.2,-1532.89,298.0,0.4893,1,4,0,0
65,8000.0,709.39,400.0,0.1474,2,4,1,0
28,58344.0,1961.01,464.0,0.414,2,2,1,0
22,44771.43,14356.97,347.0,0.2003,0,7,0,1
26,79792.09,7627.68,375.0,0.0498,1,6,0,0
63,45718.33,-5000.0,61.0,0.1698,1,7,1,0
44,43863.33,-5000.0,2.0,0.3374,1,7,1,1
20,55431.36,865.47,151.0,0.5033,2,6,1,0
27,30076.72,4009.68,173.0,0.4063,2,2,0,0
19,28871.61,10939.08,209.0,0.1546,1,1,0,1
64,42552.62,16839.15,319.0,0.1153,0,3,1,0
44,21989.84,17273.78,47.0,0.482,2,3,0,0
21,39272.61,-538.8,49.0,0.4701,1,4,1,0
30,93489.03,10476.41,403.0,0.2233,2,2,1,0
53,71065.84,6405.03,277.0,0.3936,1,6,1,0
51,52700.95,-5000.0,174.0,0.1221,0,4,1,1
64,83791.93,-5000.0,399.0,0.4808,2,6,1,0
19,24377.6,4152.87,321.0,0.417,2,2,0,0
21,107261.0,-5000.0,402.0,0.4107,2,2,1,0
20,33487.44,-3811.68,308.0,0.5356,2,2,0,0
40,95095.15,-2478.66,242.0,0.2543,1,2,1,0
59,94985.08,4750.01,438.0,0.1298,2,2,0,0
55,8000.0,13244.97,475.0,0.0376,2,3,1,0
29,81677.3,3101.95,356.0,0.427,2,4,1,0
55,37902.27,-1311.06,302.0,0.3401,1,6,0,0
55,30800.79,-5000.0,16.0,0.4922,2,4,1,0
28,58115.95,6666.99,417.0,0.1483,2,1,1,0
60,19802.12,3228.49,74.0,0.2506,1,5,1,0
42,57549.93,-1397.5,15.0,0.3702,2,1,1,0
21,21480.14,12328.73,213.0,0.1884,2,2,0,0
40,49426.98,-5000.0,37.0,0.3031,2,3,0,1
61,78384.06,-2479.05,44.0,0.0679,1,7,1,0
57,54662.95,1039.78,222.0,0.4703,2,4,1,0
33,36005.21,-1497.47,188.0,0.0483,1,6,1,0
61,58535.28,7406.04,61.0,0.3686,0,5,1,0
40,9837.99,6711.31,469.0,0.5721,2,3,0,0
44,24028.48,11407.76,99.0,0.4498,0,6,1,1
22,34243.25,7018.56,98.0,0.5937,0,5,1,1
74,64671.26,2077.01,387.0,0.2452,2,7,0,0
65,55144.97,281.46,338.0,0.0135,2,7,1,0
29,58379.16,6642.22,170.0,0.1938,0,6,1,0
49,44315.44,1477.55,124.0,0.2098,2,3,0,0
62,25297.51,3377.82,438.0,0.5808,2,3,1,0
46,82202.92,7077.47,16.0,0.361,1,4,1,0
30,27555.16,4108.45,307.0,0.1882,1,2,0,0
73,55475.97,5468.76,47.0,0.1311,1,1,1,1
33,42197.38,-3327.37,1.0,0.3872,2,6,1,0
37,59074.83,13797.64,49.0,0.4029,2,7,0,0
39,29862.83,-5000.0,269.0,0.3328,0,7,1,0
68,71316.93,6513.58,143.0,0.2084,0,5,1,0
46,79456.95,-886.73,331.0,0.094,1,6,1,0
59,69783.08,11658.77,461.0,0.4384,2,7,1,0
69,48940.63,10069.93,18.0,0.413,2,4,1,0
70,34121.87,2983.6,297.0,0.1106,2,2,1,0
66,115552.79,15437.76,437.0,0.1989,2,1,1,0
69,20209.39,1500.81,59.0,0.6336,1,1,0,0
72,67030.74,10053.54,200.0,0.2597,2,2,0,0
74,53319.62,-2809.85,33.0,0.0771,1,6,1,1
54,43436.56,6239.79,51.0,0.4139,2,3,0,1
25,49629.07,-4459.68,465.0,0.0655,1,2,1,0
24,32244.62,3155.77,120.0,0.0486,1,3,0,0
63,55676.39,2588.7,82.0,0.272,2,7,1,1
36,52920.61,10028.47,429.0,0.5156,0,7,0,0
63,111941.33,,129.0,0.2554,2,4,0,0
71,71770.56,27586.8,133.0,0.4292,2,4,1,0
54,57897.07,-5000.0,404.0,0.2022,2,1,1,0
61,59388.97,4863.59,363.0,0.0719,1,5,1,0
33,90988.44,5302.33,266.0,0.5863,2,7,1,0
42,20739.34,7304.75,407.0,0.5592,2,1,1,0
73,40431.68,-1123.14,108.0,0.2368,0,1,1,0
64,8000.0,4934.16,382.0,0.1676,1,5,1,0
29,58969.35,-1515.59,318.0,0.2707,2,2,1,0
71,66204.34,17985.12,274.0,0.2268,2,4,1,0
46,20110.0,-2080.86,178.0,0.3322,0,7,1,0
66,80877.0,1815.83,57.0,0.5701,2,1,1,0
47,27028.0,-2306.67,279.0,0.584,1,4,1,0
52,36438.3,-3402.12,385.0,0.201,2,4,0,0
27,47989.15,-5000.0,46.0,0.1735,2,7,1,0
37,84854.91,8376.53,77.0,0.3786,2,1,0,0
59,23545.05,-2382.55,422.0,0.0837,1,6,0,0
66,52281.18,-3377.2,414.0,0.4018,2,7,1,0
23,64370.94,-4705.35,285.0,0.2121,2,7,0,0
22,59211.75,5435.07,220.0,0.7003,1,2,1,0
57,60135.03,3173.4,2.0,0.0109,1,4,1,0
43,64037.51,3210.07,437.0,0.4389,1,6,1,0
66,31131.93,-3090.88,268.0,0.3283,2,3,1,0
21,87194.49,6481.86,38.0,0.2807,1,4,1,0
37,42221.27,-2298.79,173.0,0.3661,1,3,0,0
20,38903.79,3561.45,400.0,0.2226,2,7,0,0
58,78690.64,1882.13,434.0,0.5154,2,1,1,0
66,29235.83,-5000.0,305.0,0.1556,2,1,1,0
26,53006.95,19230.27,66.0,0.3348,2,6,0,0
36,,7598.3,76.0,0.2705,0,1,0,1
66,107980.9,4441.65,160.0,0.7126,2,7,1,0
20,102716.36,5704.29,366.0,0.5428,2,7,0,0
72,42243.98,19418.64,366.0,0.4251,0,4,0,0
68,57996.43,12094.93,359.0,0.5705,2,4,1,0
26,45130.0,5790.11,,0.0235,2,5,1,0
25,36285.01,-2666.47,149.0,0.1559,1,6,1,0
57,47990.79,-1404.33,150.0,0.1466,1,4,1,0
18,43984.96,-5000.0,349.0,0.2437,1,7,1,0
46,8000.0,53.74,370.0,0.413,2,5,0,0
21,51575.58,8294.71,14.0,0.6071,0,7,0,0
48,43942.68,8069.03,341.0,0.0877,2,1,1,0
37,52805.01,7929.17,186.0,0.1087,1,7,1,0
58,43062.06,-1122.91,172.0,0.178,2,1,0,0
68,35991.52,7408.35,243.0,0.2945,2,4,1,0
45,66872.75,,224.0,0.2357,2,1,1,0
54,58328.36,-5000.0,470.0,0.0221,1,7,1,0
52,79901.18,5435.38,265.0,0.3723,0,1,0,0
74,57368.24,19648.41,396.0,0.0831,2,6,1,0
31,40059.84,668.28,426.0,0.114,1,2,0,0
31,60419.21,-5000.0,471.0,0.0595,2,2,0,1
39,8000.0,-3501.27,317.0,0.5803,1,5,1,0
59,97592.0,-5000.0,454.0,0.4428,1,4,1,0
67,51859.5,-2074.88,284.0,0.2234,2,7,1,0
33,99611.4,-5000.0,177.0,0.431,2,1,0,0
24,23266.37,10446.84,389.0,0.3591,2,2,1,0
52,17058.87,,423.0,0.4102,2,6,1,0
52,54145.83,5743.9,146.0,0.2474,1,1,1,0
39,54063.37,12809.85,462.0,0.3599,2,6,1,0
28,53456.12,-1523.04,213.0,0.5586,2,7,1,0
66,49645.66,3588.4,110.0,0.1431,0,6,1,0
66,29297.07,20555.29,329.0,0.335,2,2,1,0
60,8000.0,7682.25,116.0,0.1181,0,3,0,0
51,52078.76,7662.37,193.0,0.1084,2,6,1,0
32,12935.2,-3140.35,256.0,0.3675,0,6,1,0
40,10574.84,-332.59,229.0,0.2068,1,7,1,0
21,35484.21,-5000.0,55.0,0.3573,2,2,1,0
32,55766.47,16447.3,76.0,0.2428,1,6,0,0
43,94693.98,-5000.0,38.0,0.0921,1,1,0,1
42,69481.48,10313.11,292.0,0.593,1,1,1,0
22,80830.44,7648.97,476.0,0.1235,1,4,1,0
72,61341.54,-5000.0,307.0,0.2509,1,6,0,0
33,54171.34,12139.26,268.0,0.4787,1,3,0,0
47,107644.76,930.41,410.0,0.2448,2,5,1,0
44,11928.61,-5000.0,11.0,0.315,1,5,0,0
44,34669.24,5915.86,40.0,0.3244,2,3,1,0
66,36620.51,-3579.87,475.0,0.2052,2,6,0,0
60,67338.93,1360.51,431.0,0.4097,2,5,1,1
67,20530.58,-1046.0,266.0,0.3688,1,7,1,0
39,64085.74,-4032.97,41.0,0.3128,2,7,0,1
33,59491.25,-5000.0,91.0,0.3701,1,2,1,1
42,65333.69,9374.68,357.0,0.0565,1,5,1,0
50,64880.58,5599.01,110.0,0.11,1,2,1,0
37,83457.99,5085.3,282.0,0.1859,2,6,1,0
44,43769.76,86.18,363.0,0.3714,0,2,1,0
26,58253.95,3410.37,194.0,0.3883,2,7,1,0
51,26586.27,-2888.43,226.0,0.6494,0,6,1,1
58,20880.12,-3026.42,443.0,0.177,0,2,1,0
48,89120.72,16681.91,470.0,0.263,2,4,0,0
67,24697.03,10076.34,219.0,0.1858,1,6,1,1
74,61032.8,-1491.62,97.0,0.0487,1,4,1,1
69,58276.07,-5000.0,11.0,0.1871,1,6,0,0
23,74374.52,-5000.0,86.0,0.312,1,6,1,1
68,8000.0,-2073.41,249.0,0.2377,0,6,0,0
37,67280.17,3861.63,,0.0255,0,4,0,0
43,43549.2,3946.95,255.0,0.0812,1,3,1,0
41,30002.27,4186.56,471.0,0.6197,2,7,1,0
34,38729.56,5673.78,357.0,0.2246,2,6,1,0
68,70919.27,-5000.0,38.0,0.6483,1,3,1,0
54,63281.01,15062.01,171.0,0.3388,1,1,1,0
73,41801.91,1420.91,279.0,0.3868,2,7,1,0
72,16522.31,5358.74,35.0,0.3297,2,6,0,0
41,18286.39,-2249.63,9.0,0.4999,1,2,1,0
59,63825.75,5491.91,167.0,0.2648,2,2,1,0
46,13056.44,19615.78,429.0,0.3066,2,1,0,0
46,42046.14,-4914.68,289.0,0.5712,1,1,1,0
60,112026.8,-5000.0,251.0,0.2933,1,4,0,1
57,56489.02,-3916.28,261.0,0.5217,2,6,1,0
69,63556.23,334.76,261.0,0.0663,2,7,1,0
62,18474.12,-1171.21,406.0,0.2089,1,3,1,0
53,14317.46,-5000.0,153.0,0.4332,2,2,0,0
70,64895.55,2602.7,129.0,0.1112,1,5,0,0
23,37941.2,15489.13,135.0,0.1244,2,5,0,0
61,,1801.45,273.0,0.3978,2,5,1,0
40,48578.33,2228.49,128.0,0.3008,0,2,0,0
42,133909.07,5743.54,468.0,0.3033,1,5,1,0
62,33192.0,8181.32,331.0,0.2931,1,3,0,0
33,54728.29,13985.82,150.0,0.1183,2,4,1,0
68,25146.36,4920.33,125.0,0.0359,2,1,0,0
46,,2978.75,209.0,0.4879,2,6,1,0
37,58512.81,-4932.26,412.0,0.1709,2,1,1,0
36,23470.25,8919.69,477.0,0.2078,1,3,1,0
41,39567.88,-3756.13,255.0,0.2757,1,5,1,0
71,81795.87,-4003.99,69.0,0.4408,0,5,0,0
23,78792.73,4545.07,20.0,0.0154,0,4,1,0
46,12140.11,15332.2,275.0,0.4178,1,3,0,1
65,35850.76,8811.66,,0.3588,0,3,1,0
44,93034.92,2699.74,177.0,0.0678,1,1,1,0
50,43320.55,-4852.72,426.0,0.0801,2,1,1,0
37,,15176.91,22.0,0.476,2,2,0,0
25,73173.3,2547.36,147.0,0.3142,1,2,1,0
54,14195.96,678.35,365.0,0.0536,0,3,0,0
70,24007.56,7441.34,116.0,0.0923,1,1,0,0
47,39407.52,-584.41,95.0,0.2525,0,3,0,1
42,77615.59,-3024.03,350.0,0.4141,0,7,1,0
25,72994.13,-2256.75,428.0,0.2049,2,6,0,0
71,65494.16,-2278.1,88.0,0.4787,2,4,1,1
67,44021.0,-5000.0,200.0,0.4218,2,3,1,0
69,75739.24,-5000.0,467.0,0.4171,2,3,0,0
38,43683.87,10776.24,69.0,0.1108,1,6,0,0
53,61949.2,8350.73,66.0,0.2277,2,5,1,0
42,70300.97,-3582.38,118.0,0.0556,2,1,0,0
31,89920.5,10107.22,230.0,0.5976,2,4,0,0
29,46091.89,5474.5,399.0,0.2393,1,2,1,0
39,38434.74,409.65,208.0,0.4595,2,1,1,0
49,79876.88,-5000.0,179.0,0.1533,2,7,1,0
24,81796.31,5731.58,407.0,0.4533,2,2,0,0
58,33915.64,17923.04,123.0,0.1938,2,3,0,0
44,,3116.57,175.0,0.2292,2,6,0,0
68,77975.86,10989.22,119.0,0.1486,1,3,1,0
33,8000.0,1306.26,52.0,0.4423,1,6,1,0
20,8000.0,10374.68,279.0,0.4268,1,4,1,0
35,40792.62,1798.31,464.0,0.2608,2,5,0,0
73,47560.99,-5000.0,123.0,0.1942,2,6,0,0
36,18501.2,-2773.88,34.0,0.3747,1,6,1,1
58,50546.61,4058.09,448.0,0.3818,1,5,1,0
66,51661.75,11661.0,51.0,0.3262,0,1,1,0
34,32990.3,1772.0,23.0,0.3463,1,2,1,0
54,95836.6,3238.52,,0.5233,1,5,1,0
29,55744.03,-1698.15,74.0,0.6434,2,7,0,0
38,73212.23,15487.41,478.0,0.0545,2,5,0,0
34,8594.68,15005.52,205.0,0.1155,1,3,1,0
56,8378.95,-2409.95,321.0,0.5399,1,5,0,0
67,56501.57,-5000.0,99.0,0.2769,1,7,1,0
32,91371.44,-5000.0,101.0,0.2173,1,1,0,0
34,19751.61,7827.27,373.0,0.2464,1,7,1,0
64,48584.42,4081.77,244.0,0.0394,1,2,0,0
44,14122.59,-3254.36,439.0,0.1709,0,1,1,0
47,27034.44,5174.73,442.0,0.1757,2,4,0,0
58,49827.78,-5000.0,288.0,0.1535,1,4,0,0
25,32684.72,9359.39,374.0,0.133,2,6,1,0
67,12361.9,-58.48,409.0,0.2332,2,6,0,0
38,11802.06,-5000.0,279.0,0.4045,2,1,1,0
55,8000.0,63.88,384.0,0.3054,2,6,0,0
42,56914.6,-211.8,12.0,0.2749,1,1,0,0
60,59939.53,5920.47,76.0,0.4637,1,5,1,0
52,59813.84,12327.98,227.0,0.1795,1,1,1,0
27,22270.61,11913.07,37.0,0.1185,2,7,0,0
28,70148.78,4277.05,221.0,0.1776,1,2,1,0
68,62669.47,1502.47,301.0,0.2255,1,1,1,0
47,,-1549.15,176.0,0.4074,2,6,1,0
33,41079.28,-5000.0,471.0,0.1318,2,6,0,0
26,28772.11,2846.29,418.0,0.1116,2,3,1,0
25,49804.05,-3808.09,399.0,0.3107,2,7,1,0
70,85431.2,12746.71,341.0,0.311,2,6,0,0
73,73446.42,1394.23,295.0,0.6312,2,3,1,0
40,38594.74,8976.69,317.0,0.0959,1,3,1,0
29,58465.54,-860.1,53.0,0.377,1,1,1,0
41,17464.25,-2403.86,450.0,0.1721,2,3,1,0
25,63251.68,7838.32,374.0,0.4898,2,7,1,0
49,24228.57,5221.07,139.0,0.4887,2,3,0,0
53,62256.39,5577.66,327.0,0.7185,2,5,0,0
74,119226.8,2249.77,198.0,0.4106,1,2,1,0
36,30749.69,9315.12,448.0,0.4922,2,2,0,0
29,118070.08,8158.18,256.0,0.3785,1,1,1,0
25,57265.89,-5000.0,340.0,0.222,1,7,1,0
39,26259.36,940.37,90.0,0.3879,1,7,0,0
52,25113.6,11117.93,49.0,0.1042,2,3,1,0
21,104123.89,-5000.0,432.0,0.0322,2,7,0,0
61,57324.72,-5000.0,292.0,0.3511,2,3,1,0
44,30846.18,1889.75,318.0,0.4345,1,6,1,0
63,39913.48,7165.89,193.0,0.5138,1,6,0,0
44,55769.39,,302.0,0.3281,1,6,1,0
26,44781.98,13343.57,202.0,0.3153,1,4,1,0
19,53647.48,17748.98,305.0,0.4449,1,5,0,0
49,89340.27,-5000.0,303.0,0.2294,0,6,1,0
48,16800.73,-71.95,106.0,0.3595,1,4,1,1
64,61115.76,-5000.0,431.0,0.0213,2,5,0,0
68,43177.56,8288.07,453.0,0.0418,0,2,1,0
27,32523.87,-2438.85,364.0,0.2774,2,2,0,0
35,71804.35,-806.44,9.0,0.2175,0,7,0,0
29,8464.36,,10.0,0.207,2,1,1,0
24,8000.0,-5000.0,386.0,0.2346,1,7,1,0
18,50613.33,-5000.0,70.0,0.6269,2,5,0,0
22,41545.51,-5000.0,469.0,0.4948,1,7,1,0
47,11178.82,13164.22,174.0,0.6269,0,6,1,0
26,8000.0,11305.75,84.0,0.7368,1,1,0,0
29,93265.83,648.9,328.0,0.1621,0,4,1,0
24,56575.37,-5000.0,329.0,0.2098,0,1,1,0
59,45491.14,9672.78,304.0,0.1771,2,6,1,0
54,99881.12,25037.4,368.0,0.1353,2,7,0,0
72,70551.56,1114.5,241.0,0.3701,2,2,0,0
24,89231.92,-5000.0,151.0,0.5062,0,1,0,0
29,15501.15,12933.54,206.0,0.1809,1,4,1,0
43,14565.19,-5000.0,302.0,0.2275,2,3,1,0
54,60426.88,66.6,378.0,0.2755,2,6,0,0
25,55362.48,-5000.0,207.0,0.2293,1,3,1,0
30,76241.55,573.81,45.0,0.1974,1,6,0,1
42,8000.0,-5000.0,192.0,0.1351,1,1,0,0
19,62589.94,13070.66,285.0,0.1358,2,2,0,0
40,69731.72,-4809.15,371.0,0.1238,0,4,1,0
61,68404.3,9238.48,388.0,0.0906,2,2,0,0
48,34832.64,2160.49,379.0,0.47,2,6,0,0
42,57965.38,,130.0,0.4917,1,5,1,1
45,25608.57,7177.77,11.0,0.4937,2,3,1,0
71,37676.35,2572.37,97.0,0.1669,1,1,0,1
47,18926.59,-2182.43,57.0,0.362,1,4,0,1
48,26033.36,-3496.21,323.0,0.5993,1,1,1,0
71,38975.94,7071.84,129.0,0.561,2,1,1,0
26,32726.58,-5000.0,84.0,0.0938,2,4,0,0
23,26030.21,16425.32,258.0,0.1,2,6,1,0
43,12510.07,4054.57,234.0,0.4472,2,1,1,0
36,94027.39,300.84,337.0,0.5122,2,6,1,0
29,32485.93,5128.68,442.0,0.4101,2,1,1,0
24,53249.14,-1754.38,40.0,0.335,1,2,0,0
68,8000.0,1575.61,29.0,0.3483,2,1,0,0
53,78941.23,-5000.0,392.0,0.5636,2,1,1,0
57,49179.02,6000.69,436.0,0.0269,2,2,1,0
24,33903.14,2372.35,160.0,0.3326,2,3,1,0
37,34121.47,4499.75,91.0,0.2708,1,3,1,1
53,66735.25,14865.12,143.0,0.5537,0,2,1,1
48,,-3433.67,231.0,0.2714,1,5,1,0
57,24395.17,1968.93,5.0,0.4253,1,4,1,1
56,42022.9,-5000.0,63.0,0.2486,0,1,1,0
41,41734.72,7400.26,16.0,0.1161,0,7,0,0
62,107632.8,2860.12,340.0,0.2491,2,2,1,0
32,36560.16,3138.77,213.0,0.1148,1,1,1,0
22,69755.67,1741.11,478.0,0.6553,1,5,1,0
70,90291.43,-1625.52,213.0,0.3017,2,7,1,0
19,61765.35,22968.22,145.0,0.1567,1,4,1,1
34,28154.6,3305.73,147.0,0.1801,0,5,1,0
24,12887.81,5372.13,443.0,0.1197,2,1,0,0
31,63635.51,-5000.0,90.0,0.1599,1,1,1,0
40,86125.63,10080.85,350.0,0.5103,2,3,1,0
25,58649.08,2012.28,422.0,0.1235,2,2,0,0
44,,6566.51,463.0,0.7393,0,7,1,0
70,109798.68,10218.67,40.0,0.0426,2,1,1,0
25,65934.36,2168.74,322.0,0.6501,1,1,1,0
70,17484.18,-2415.95,389.0,0.167,0,5,1,0
41,46276.52,-5000.0,327.0,0.1567,1,4,1,0
51,79255.38,-97.44,403.0,0.4901,1,4,1,0
43,38780.51,-2459.26,452.0,0.1526,1,1,1,0
36,82642.64,-5000.0,422.0,0.23,1,5,1,0
24,43326.58,14624.69,349.0,0.1539,2,4,1,0
51,53358.69,10862.13,93.0,0.4388,1,7,1,1
70,36231.47,-5000.0,406.0,0.1565,1,3,1,0
47,48988.41,4229.68,328.0,0.2481,2,5,1,0
52,50311.19,-3537.95,136.0,0.0622,2,2,0,0
54,8000.0,5934.35,310.0,0.1682,1,7,0,0
40,33960.17,-3397.18,81.0,0.0571,2,5,1,0
24,14169.8,-1311.98,400.0,0.2817,0,6,1,0
46,34822.28,10704.32,307.0,0.4268,2,2,1,0
67,,9554.73,309.0,0.1945,1,3,0,0
35,70295.53,15075.84,121.0,0.567,2,7,0,1
67,70585.0,1263.62,72.0,0.2654,2,7,0,0
66,59007.35,-5000.0,206.0,0.1397,2,5,1,0
31,13308.77,10370.35,167.0,0.2909,1,3,0,0
50,42546.63,10416.7,410.0,0.1289,2,2,1,0
60,11320.19,8026.16,472.0,0.1982,1,3,1,0
46,41317.67,-2950.01,302.0,0.26,2,4,1,0
57,61185.53,-5000.0,382.0,0.2511,0,3,1,0
69,69802.61,7287.71,453.0,0.0806,2,4,0,0
53,56821.12,-4089.22,352.0,0.0566,1,5,1,0
65,76461.79,536.21,170.0,0.4404,2,1,1,0
63,51493.91,26252.08,111.0,0.253,2,3,1,0
64,39160.99,20031.59,134.0,0.2667,0,2,1,0
66,66841.51,9341.52,150.0,0.017,2,5,1,0
30,67661.9,-2298.14,102.0,0.0907,0,5,1,0
19,31895.71,-2778.6,324.0,0.391,1,2,0,0
26,54474.56,8726.32,468.0,0.3546,2,3,1,0
32,37642.17,14975.92,124.0,0.2724,2,6,0,0
57,8000.0,-1093.08,206.0,0.1501,1,4,1,0
47,56002.66,-654.41,451.0,0.1215,0,3,0,0
44,12636.95,,441.0,0.1898,2,3,0,0
18,53205.61,-5000.0,12.0,0.0712,2,5,1,0
56,8000.0,-5000.0,165.0,0.051,2,2,0,0
38,27008.32,-5000.0,,0.0878,0,6,1,0
61,34160.03,7368.47,138.0,0.4654,1,1,1,0
24,75043.12,5175.96,,0.7578,2,5,1,0
34,31662.12,12095.6,370.0,0.3329,2,5,1,0
21,18125.73,-5000.0,30.0,0.4243,2,1,1,1
34,54108.63,-5000.0,296.0,0.3353,0,7,1,0
70,39575.66,6645.77,276.0,0.4002,2,2,1,0
45,64764.01,-3976.24,251.0,0.079,2,2,1,0
43,19703.0,-3395.45,346.0,0.3264,0,3,0,0
33,50271.35,11102.01,211.0,0.1514,1,2,1,1
33,106739.17,-1423.58,341.0,0.2898,2,4,1,0
56,39018.03,-487.31,223.0,0.1209,1,7,1,0
74,49668.26,999.28,453.0,0.2413,0,6,1,0
60,8000.0,1484.64,400.0,0.0887,2,6,1,0
60,23675.52,8479.49,25.0,0.2996,2,3,0,0
44,56493.02,-5000.0,73.0,0.2406,1,2,1,0
23,36752.56,1495.07,191.0,0.1422,2,5,1,0
59,60360.82,12298.98,24.0,0.1804,2,6,1,0
64,55623.47,20062.01,33.0,0.1497,1,7,1,1
47,12049.26,-5000.0,2.0,0.3909,1,2,1,0
23,70382.66,5648.05,431.0,0.3317,2,6,1,0
58,13932.88,1479.11,237.0,0.1233,2,2,1,0
70,25876.95,2209.65,375.0,0.1725,1,7,1,0
30,50737.12,-3316.65,392.0,0.3193,0,6,0,1
27,84175.58,9046.44,79.0,0.2666,2,4,1,0
60,19903.09,8635.95,322.0,0.0966,2,2,0,0
36,48692.11,23183.0,296.0,0.1075,0,1,1,0
58,48900.51,-5000.0,475.0,0.48,2,1,1,0
58,61434.0,-5000.0,419.0,0.355,2,2,1,0
33,74600.76,19437.85,292.0,0.4464,2,1,0,0
20,34898.12,2584.86,324.0,0.3488,0,2,1,0
49,70296.23,-654.38,244.0,0.2363,2,2,0,0
41,78258.04,4505.93,280.0,0.7623,1,3,1,0
66,89598.98,-5000.0,279.0,0.4086,0,5,0,0
38,57548.08,6006.88,424.0,0.4634,2,2,0,0
32,48935.92,2357.9,423.0,0.3491,2,7,1,0
67,33135.39,11590.23,106.0,0.3159,1,7,0,0
59,8525.33,9856.1,7.0,0.3107,2,6,1,0
53,,10522.66,125.0,0.2167,2,5,1,1
72,47808.44,4526.69,223.0,0.3197,0,6,1,0
62,42262.69,15834.77,105.0,0.0606,0,2,0,0
67,59942.95,7610.02,197.0,0.2724,2,5,1,0
63,8645.67,-1264.97,208.0,0.2278,0,4,1,0
40,40450.64,-3473.8,457.0,0.3281,2,2,0,0
21,94869.24,-2572.25,210.0,0.1768,1,4,1,0
52,69889.97,7710.64,89.0,0.3029,2,4,1,0
61,60404.75,-5000.0,196.0,0.3514,2,1,0,0
74,54767.06,4240.85,12.0,0.7405,2,2,1,0
56,35864.2,-3662.99,14.0,0.4154,1,4,0,0
50,8000.0,-5000.0,303.0,0.4865,2,5,1,0
50,56428.21,-5000.0,120.0,0.5015,1,5,0,1
24,8000.0,2809.67,300.0,0.2199,1,5,0,0
18,36861.1,9110.2,17.0,0.3211,2,4,1,0
20,44908.52,-2407.49,153.0,0.1944,0,3,0,0
69,33820.24,-5000.0,275.0,0.4364,2,5,0,0
63,99284.58,28234.67,259.0,0.1351,2,5,0,0
32,90608.57,11942.37,284.0,0.4649,2,2,1,0
42,70820.29,10458.23,286.0,0.371,1,6,0,0
45,21866.83,16023.03,154.0,0.1603,2,6,1,1
32,93035.38,3738.96,169.0,0.6164,1,1,1,1
42,60474.23,1919.99,195.0,0.4292,2,6,1,0
37,21450.51,13846.33,201.0,0.2051,0,7,0,0
57,45817.92,13792.34,377.0,0.2907,0,4,1,0
61,68964.37,7921.49,68.0,0.4127,1,2,1,0
23,30028.03,10059.98,269.0,0.2513,2,4,0,0
44,48513.31,-5000.0,370.0,0.4571,2,2,1,0
74,52911.91,940.24,163.0,0.7326,2,4,1,0
67,17478.64,16630.52,186.0,0.234,1,6,1,0
63,,9434.75,325.0,0.0221,1,2,0,0
59,19363.44,-5000.0,309.0,0.1826,2,3,0,0
18,66716.7,-1248.82,265.0,0.2779,2,6,1,0
73,22298.61,15327.65,204.0,0.147,2,5,1,0
59,52295.09,6641.74,22.0,0.3489,0,6,0,0
68,10246.1,4455.11,77.0,0.3556,0,5,0,1
69,16664.08,4695.69,233.0,0.227,2,2,1,0
32,,2331.51,336.0,0.3874,2,5,0,0
18,37760.62,-1193.94,97.0,0.1658,2,7,1,0
55,49509.54,-3668.71,200.0,0.155,1,5,0,0
44,54118.88,11082.6,118.0,0.5816,2,2,1,0
19,8000.0,4900.36,88.0,0.5117,0,1,0,0
33,40784.02,8656.42,431.0,0.1642,0,4,0,0
74,26235.7,7373.51,448.0,0.0789,1,7,1,0
38,58354.46,14269.73,472.0,0.1688,0,3,1,0
32,,6637.14,,0.3712,1,2,1,0
55,42979.22,9588.88,193.0,0.3903,1,5,0,0
55,26376.28,4338.26,349.0,0.1849,0,4,1,0
36,88116.19,-4579.55,136.0,0.6446,0,2,1,0
66,12910.51,1195.06,276.0,0.3983,0,5,1,0
51,35006.65,7719.35,121.0,0.5222,1,6,0,0
27,47689.96,8421.38,300.0,0.1228,2,1,1,1
36,38715.99,14608.22,202.0,0.3994,0,7,0,0
66,25901.6,-679.36,172.0,0.3862,2,4,1,0
23,8000.0,4807.99,41.0,0.2197,1,7,1,0
18,27712.28,,126.0,0.2279,2,1,0,0
55,21015.38,15994.5,211.0,0.2193,1,4,0,0
43,86980.61,6011.59,284.0,0.0148,0,1,1,0
32,101617.4,6164.75,401.0,0.3995,2,4,1,0
44,43730.21,2714.72,355.0,0.1341,1,3,1,0
28,9881.09,1199.45,261.0,0.2992,1,3,1,0
39,63451.1,-5000.0,237.0,0.1611,1,7,1,0
31,20473.09,-5000.0,224.0,0.3497,1,1,0,0
51,31270.72,4430.76,429.0,0.487,1,6,1,0
56,29278.76,3433.19,402.0,0.2758,2,4,1,0
70,32487.36,4475.39,186.0,0.1466,0,1,0,0
21,36131.99,10531.11,271.0,0.3487,2,4,1,0
36,12162.45,3743.51,180.0,0.4431,0,6,0,0
33,,213.51,271.0,0.3625,2,3,0,0
51,70498.61,1320.19,204.0,0.0739,2,1,1,0
48,44161.08,4951.25,408.0,0.2676,2,6,0,0
68,48132.85,-40.02,338.0,0.0985,2,1,1,0
70,8000.0,11515.15,83.0,0.1731,2,1,1,1
62,68694.59,2909.81,13.0,0.5467,1,6,0,0
29,27862.0,5013.3,460.0,0.2866,1,7,1,0
20,73099.21,-3532.54,169.0,0.0991,2,7,1,0
69,48856.87,11519.01,72.0,0.1778,1,6,1,1
71,30948.66,14511.73,356.0,0.2732,0,3,1,0
32,8000.0,-5000.0,227.0,0.0559,0,3,1,1
20,99371.15,6207.11,266.0,0.4106,2,2,1,0
56,65081.18,2136.71,305.0,0.247,1,7,1,0
51,66576.86,5272.29,148.0,0.441,2,2,0,0
68,90470.69,6616.75,272.0,0.1813,2,6,0,0
50,50602.18,-5000.0,315.0,0.4382,1,2,1,0
61,78810.0,9075.89,294.0,0.4558,1,3,1,0
62,33035.62,11899.18,432.0,0.4732,1,2,0,0
18,63439.46,12798.44,187.0,0.2685,1,6,1,0
26,29247.58,-4556.98,242.0,0.7167,1,7,0,1
62,,2752.22,360.0,0.1316,1,4,0,0
28,47425.01,-1311.33,354.0,0.2474,1,4,0,0
29,13315.03,-5000.0,478.0,0.3246,2,3,1,0
60,53235.61,-1964.3,95.0,0.6464,2,3,1,0
29,37201.04,-5000.0,441.0,0.4373,0,1,0,0
26,8000.0,5676.21,227.0,0.2432,1,6,1,0
18,33558.45,-5000.0,103.0,0.3052,1,4,1,0
44,36373.63,-4836.39,139.0,0.2474,2,6,0,0
54,66320.91,-1155.71,168.0,0.2487,2,4,1,0
59,52129.95,9161.28,476.0,0.0447,2,2,1,0
69,81186.81,25222.2,52.0,0.0232,2,3,1,0
55,58002.74,5424.72,104.0,0.525,1,3,0,0
61,31150.97,-5000.0,343.0,0.599,2,6,1,0
30,43541.02,-2432.8,454.0,0.1074,1,3,1,0
37,36298.8,8264.46,38.0,0.0951,1,3,0,0
35,57199.32,-5000.0,196.0,0.2015,2,1,0,0
21,46495.55,,196.0,0.1739,2,2,1,0
73,29286.01,5187.28,239.0,0.4853,2,1,1,1
31,45215.01,1999.43,366.0,0.6164,1,4,1,0
43,56529.52,-5000.0,251.0,0.3545,2,7,1,0
38,19839.46,10363.1,66.0,0.2345,1,4,1,1
20,52925.22,-3093.0,116.0,0.2112,2,2,0,0
69,8000.0,4229.54,354.0,0.6245,1,7,1,0
30,72639.28,1742.72,114.0,0.2345,1,5,1,0
23,58179.52,-5000.0,238.0,0.3601,1,6,0,0
37,85732.08,1154.52,180.0,0.4664,1,5,1,0
26,17085.09,-5000.0,210.0,0.6746,0,5,1,0
74,73336.29,-2216.15,357.0,0.2034,2,4,1,0
28,68394.5,6462.24,116.0,0.1028,2,7,0,0
35,40444.2,8619.68,336.0,0.1273,2,3,1,0
33,35583.92,2854.03,365.0,0.2033,2,4,1,0
19,17871.35,-4071.54,478.0,0.4623,1,7,0,0
18,11354.76,-2179.29,216.0,0.054,1,1,0,0
47,26219.14,-2318.18,42.0,0.0855,1,3,1,1
31,13605.61,-5000.0,320.0,0.3061,2,5,1,0
22,84893.06,3586.08,364.0,0.4209,0,2,1,0
34,8000.0,-5000.0,15.0,0.467,0,4,0,1
33,48722.39,3609.57,93.0,0.1297,2,6,0,0
42,55892.63,-5000.0,164.0,0.3235,2,7,1,0
74,53937.48,-5000.0,245.0,0.1691,2,5,0,1
35,56132.22,8348.93,247.0,0.089,1,3,1,0
58,68660.01,3196.56,94.0,0.2961,1,2,1,0
61,33851.95,-5000.0,95.0,0.0681,0,2,1,1
20,47188.77,-1470.38,449.0,0.3913,2,6,0,0
46,37660.96,5095.59,345.0,0.3145,2,5,1,0
43,77563.14,-1954.32,243.0,0.2726,2,2,1,0
46,97496.65,254.79,158.0,0.0863,2,6,1,0
27,15151.66,4952.58,,0.5883,1,3,1,0
44,8000.0,3357.63,463.0,0.0873,0,6,1,0
25,59228.29,-4938.05,147.0,0.2513,1,7,0,0
71,71759.32,3178.42,158.0,0.4885,2,6,1,0
51,93924.43,701.24,215.0,0.2527,1,1,1,0
19,63447.26,16792.95,90.0,0.109,2,5,1,1
46,79894.52,2175.34,53.0,0.1137,2,6,1,0
70,86501.52,4079.78,428.0,0.3709,2,6,0,0
60,81619.44,5078.29,328.0,0.365,2,3,1,0
33,67029.01,,161.0,0.3013,2,3,1,0
68,12944.76,-2759.38,273.0,0.4095,2,7,1,0
28,44790.95,6678.14,238.0,0.2667,1,3,1,0
32,52500.97,6743.57,47.0,0.2029,2,5,1,0
26,42504.76,19660.61,362.0,0.2458,2,7,1,0
70,44047.35,8939.32,49.0,0.2595,2,2,1,0
58,84180.7,9074.23,273.0,0.2398,2,7,1,0
47,26079.21,8741.88,140.0,0.1321,1,5,0,0
56,64976.31,-2522.58,209.0,0.5656,1,5,0,0
32,52911.04,-5000.0,227.0,0.1146,2,6,1,0
22,23561.69,-5000.0,208.0,0.1149,2,4,1,0
66,18084.96,8503.78,106.0,0.0596,1,3,1,0
72,8000.0,14373.01,39.0,0.4024,2,4,0,0
20,57139.43,8872.02,63.0,0.1711,2,1,0,0
20,43418.88,1664.52,349.0,0.4889,2,4,0,0
49,24355.56,16413.4,46.0,0.4237,2,5,1,0
20,8000.0,-549.24,242.0,0.3218,2,2,1,0
59,55817.77,-5000.0,146.0,0.2354,0,3,0,0
71,40656.82,5023.94,333.0,0.2604,2,3,1,0
33,27157.66,13334.88,302.0,0.2742,2,6,1,0
34,20899.0,-3750.4,88.0,0.2386,2,1,0,1
67,39035.62,-5000.0,325.0,0.1873,0,7,1,0
38,56749.91,3301.64,316.0,0.3771,2,6,1,0
31,36750.43,9171.5,135.0,0.1853,2,2,1,0
22,15286.84,-5000.0,403.0,0.283,1,4,1,0
65,43546.88,10818.95,211.0,0.4611,2,3,0,0
70,71138.69,-5000.0,16.0,0.5933,0,6,1,1
22,46006.69,8798.64,301.0,0.2366,2,2,0,0
63,46710.59,-5000.0,216.0,0.2617,2,5,1,0
27,36858.28,-5000.0,172.0,0.2582,0,4,1,0
25,22758.4,7949.75,216.0,0.4685,2,5,1,0
39,21927.56,12726.16,469.0,0.1498,0,5,1,0
42,8000.0,2926.87,186.0,0.155,1,2,0,0
66,74530.65,22162.76,332.0,0.5268,2,3,1,0
57,56561.35,-5000.0,408.0,0.3321,2,6,1,0
26,47062.17,-5000.0,277.0,0.3737,2,1,1,0
51,52389.57,582.27,427.0,0.1994,2,3,1,0
67,53488.23,201.54,238.0,0.2122,2,4,1,0
55,26636.34,5267.86,108.0,0.1886,1,4,1,0
31,36868.44,-2942.84,236.0,0.1267,2,3,1,0
25,33144.78,7540.08,59.0,0.1675,2,6,1,0
43,107785.6,7348.87,140.0,0.2015,2,5,1,0
44,70505.05,15907.05,98.0,0.5535,0,4,1,0
38,49197.06,-923.55,37.0,0.1448,1,5,1,0
24,79149.61,5695.77,73.0,0.3461,1,6,1,0
24,75992.21,7846.74,402.0,0.4227,2,5,1,0
48,10486.89,2942.16,411.0,0.318,0,6,0,0
71,39428.67,1306.67,434.0,0.199,1,7,1,0
52,44591.89,-5000.0,11.0,0.2578,1,1,1,0
42,60288.2,3667.15,467.0,0.129,0,1,1,0
71,39400.18,7763.99,164.0,0.0912,1,4,1,1
57,42536.72,2537.47,193.0,0.2016,2,2,0,0
58,33466.28,-3258.2,86.0,0.0439,2,5,0,0
50,71223.38,-5000.0,454.0,0.304,2,1,1,0
61,8916.49,6624.46,479.0,0.3263,2,5,1,1
46,34316.13,3265.04,337.0,0.031,1,7,0,0
53,8000.0,14119.61,36.0,0.5078,2,6,0,0
53,19259.01,-5000.0,202.0,0.3278,2,1,1,0
60,52929.44,-762.47,133.0,0.2794,1,2,0,1
69,53403.86,-5000.0,440.0,0.4297,1,2,0,0
34,37170.21,11202.55,312.0,0.3986,2,6,1,0
57,73099.63,12912.29,464.0,0.2569,1,1,1,0
19,78851.07,18380.67,400.0,0.26,2,5,1,0
48,43269.32,7171.4,256.0,0.3668,2,3,0,0
69,51260.82,9314.15,135.0,0.0279,1,4,0,0
54,33686.39,6488.67,374.0,0.1854,1,6,1,0
33,60672.19,7584.85,,0.3145,2,5,1,0
52,15148.49,3392.61,,0.3116,2,1,1,0
38,89895.87,7950.62,,0.2848,0,1,0,0
42,73499.63,20119.94,292.0,0.3961,2,7,1,0
31,15026.84,4749.44,320.0,0.4605,2,1,0,0
53,25274.54,3192.05,202.0,0.2754,1,4,1,0
29,55531.22,4584.6,236.0,0.2738,2,2,1,0
43,36543.72,1807.26,64.0,0.4485,2,4,0,0
71,58614.99,4971.38,92.0,0.4634,1,3,0,0
61,36015.09,1536.02,479.0,0.0715,2,2,0,0
41,83120.29,12151.86,85.0,0.0912,0,1,0,0
73,45207.67,11352.48,34.0,0.1298,2,1,1,0
18,105513.88,20327.48,383.0,0.1048,2,2,1,0
72,60066.88,2811.68,64.0,0.1805,0,3,0,0
38,11264.89,5309.1,221.0,0.4186,2,7,1,0
64,97162.41,4975.78,179.0,0.2337,1,1,1,0
72,72466.97,4596.74,199.0,0.1428,1,6,1,0
52,54503.69,12039.95,191.0,0.3832,1,2,0,0
52,61165.84,-5000.0,17.0,0.1604,0,1,1,1
60,15273.83,6685.67,128.0,0.035,1,7,1,0
31,8000.0,18966.15,307.0,0.1186,1,1,0,0
28,43956.26,13903.57,,0.2702,2,5,0,0
37,79469.26,12988.53,127.0,0.6156,2,3,0,0
45,54892.72,9736.49,431.0,0.6374,1,7,1,0
60,87729.29,-1766.25,314.0,0.2964,0,5,0,0
32,78030.52,-2998.74,246.0,0.4247,2,4,1,0
50,45515.22,-2936.24,262.0,0.3464,2,2,0,0
18,74593.92,-5000.0,465.0,0.492,0,1,0,0
19,83064.88,10572.87,23.0,0.0445,2,4,1,0
73,42995.45,14746.91,421.0,0.3509,0,7,0,0
66,39655.61,6475.41,229.0,0.158,1,6,1,0
67,48511.26,9438.28,237.0,0.1058,2,7,1,0
36,8000.0,5347.75,,0.2349,2,3,1,0
47,52010.8,7550.08,186.0,0.1572,0,5,1,0
56,63010.95,-5000.0,260.0,0.2076,2,3,0,0
32,48612.78,5517.42,122.0,0.3524,1,5,1,0
60,53616.86,-404.32,167.0,0.1597,2,5,1,0
57,43913.09,2678.72,476.0,0.4207,2,7,1,0
41,8000.0,4806.12,391.0,0.7255,1,5,1,0
42,86564.87,,290.0,0.6466,2,6,1,0
35,35804.28,-5000.0,140.0,0.3106,2,1,0,0
63,29555.75,-2967.6,403.0,0.2964,1,3,1,0
74,78949.57,-5000.0,411.0,0.4494,1,2,1,0
74,69467.51,-5000.0,472.0,0.418,1,5,1,0
61,51826.65,-5000.0,320.0,0.1495,2,6,0,0
37,64234.24,-5000.0,107.0,0.1134,1,1,0,0
62,16125.29,7230.2,180.0,0.148,2,5,1,0
31,42977.64,-4203.97,443.0,0.3315,2,2,0,0
69,77369.6,-5000.0,49.0,0.2821,2,6,1,0
33,28071.45,-210.02,381.0,0.3182,1,1,1,0
40,20041.67,-5000.0,240.0,0.2905,2,7,1,0
23,46965.1,14672.66,218.0,0.0355,2,2,1,0
22,47551.43,4063.32,76.0,0.5559,2,6,1,0
40,61189.3,-5000.0,455.0,0.2163,1,5,1,0
49,10546.19,7549.57,100.0,0.4626,1,1,1,0
18,8000.0,3679.81,283.0,0.295,2,3,0,0
66,68030.8,1091.13,264.0,0.4959,2,6,1,1
24,17925.45,15596.95,188.0,0.5143,0,4,1,0
74,29750.24,-4804.17,69.0,0.3159,1,1,0,0
33,8000.0,11281.17,76.0,0.1623,1,6,0,0
39,70572.82,-276.17,305.0,0.5604,2,2,0,0
27,53758.46,2853.15,349.0,0.5923,2,5,1,0
64,52754.86,-2998.61,116.0,0.332,2,3,1,0
59,52586.38,-2488.6,371.0,0.0961,1,2,1,0
22,8000.0,-488.32,328.0,0.2151,2,6,0,0
24,20370.85,-5000.0,99.0,0.2016,2,4,1,0
52,33706.82,5773.19,184.0,0.2349,1,2,1,0
67,26281.43,3919.15,178.0,0.2845,2,1,0,0
24,38212.21,-5000.0,266.0,0.2304,0,2,1,0
30,,8279.62,26.0,0.0991,1,6,1,0
49,70160.96,14656.51,456.0,0.4604,2,1,0,0
24,8000.0,-2316.15,267.0,0.0164,2,6,1,0
35,,-3278.16,329.0,0.1372,2,3,0,0
18,62788.59,11907.3,288.0,0.331,1,4,0,0
46,21897.92,6226.01,191.0,0.5774,2,6,0,0
58,40179.18,1912.61,407.0,0.6163,2,4,0,0
41,56663.8,9516.5,155.0,0.1948,1,6,1,0
32,45280.22,5192.88,12.0,0.2298,0,6,0,1
42,61854.94,14428.0,269.0,0.4608,2,5,0,0
47,47367.45,2865.96,57.0,0.4257,0,7,1,1
27,37203.44,6411.78,394.0,0.0407,2,5,0,0
24,15682.26,11784.49,15.0,0.2967,1,2,0,1
28,51179.21,-5000.0,100.0,0.3261,2,7,0,0
74,47499.32,12073.98,453.0,0.0909,0,5,1,0
59,20179.2,-1040.85,126.0,0.2879,0,4,1,0
25,59551.4,6999.58,246.0,0.3401,1,4,0,0
35,76698.09,16313.02,419.0,0.2589,2,5,1,0
41,28497.67,552.81,118.0,0.1984,0,1,1,0
28,26809.2,-644.15,144.0,0.264,0,5,1,0
66,25896.29,2562.06,9.0,0.1739,0,3,0,1
71,8000.0,-5000.0,385.0,0.578,2,7,1,0
31,95112.04,20592.99,46.0,0.1599,2,6,1,0
18,33777.87,2659.87,469.0,0.4645,1,1,0,0
33,23538.65,16164.72,345.0,0.0955,2,7,1,0
51,16830.62,334.34,150.0,0.2595,0,3,1,0
64,35300.81,3272.04,230.0,0.2685,0,1,1,1
37,27619.77,10554.11,248.0,0.2801,2,3,1,0
33,80951.83,-5000.0,352.0,0.1287,1,2,1,0
32,13781.55,2179.6,,0.2548,2,1,0,0
18,8000.0,10254.42,127.0,0.3505,2,4,0,0
18,58794.6,1295.73,63.0,0.4333,2,4,1,1
42,42319.84,-864.59,210.0,0.103,1,2,1,0
53,39426.38,11921.82,231.0,0.3278,2,4,1,0
18,58990.91,14208.92,299.0,0.2875,2,7,1,0
29,48417.79,15481.07,400.0,0.1971,0,1,1,0
69,43829.56,-2399.93,101.0,0.3204,2,2,1,0
74,9858.85,-1634.53,107.0,0.1225,2,3,0,1
54,8000.0,-772.64,138.0,0.0607,2,7,1,0
47,27489.29,8748.16,78.0,0.5135,1,5,0,0
51,17890.88,-5000.0,67.0,0.6222,1,1,1,0
39,51730.14,-5000.0,383.0,0.2977,1,2,0,0
29,8000.0,-2714.7,341.0,0.5653,2,2,1,0
39,33821.0,-4505.78,398.0,0.1582,1,6,1,0
57,40673.13,10074.88,279.0,0.214,2,5,1,0
55,44008.62,9535.78,392.0,0.3006,2,7,0,0
56,54974.11,-853.45,213.0,0.1736,2,6,1,0
52,36836.5,1449.07,,0.2172,1,6,0,0
21,28312.7,-5000.0,272.0,0.3837,1,7,0,0
53,76112.0,-659.42,16.0,0.1816,2,2,1,0
68,36999.18,12951.63,81.0,0.1797,2,6,0,0
54,80478.26,-1094.56,247.0,0.5418,2,1,0,0
51,36871.82,-5000.0,390.0,0.1311,1,7,1,0
30,44593.26,14009.8,70.0,0.3289,2,3,0,0
63,41531.32,-5000.0,362.0,0.469,2,2,1,0
43,50780.47,15368.48,426.0,0.065,1,7,0,0
32,34503.8,26103.3,87.0,0.3032,1,5,0,0
45,47403.37,2124.98,265.0,0.226,2,5,1,0
24,83270.35,12950.23,425.0,0.4938,2,2,1,0
70,71221.29,-5000.0,148.0,0.5816,0,3,1,0
58,71393.46,-5000.0,189.0,0.3282,0,2,1,1
36,,-3373.82,215.0,0.4034,2,6,0,0
63,15497.0,9579.36,222.0,0.1201,2,6,1,0
21,50443.77,3013.95,159.0,0.1474,2,3,1,0
40,64268.45,1508.79,255.0,0.1918,1,1,1,0
55,32021.61,-5000.0,,0.3443,1,4,1,1
19,27560.38,1981.2,380.0,0.5267,1,2,1,0
58,79846.08,-2148.89,327.0,0.3513,2,3,1,0
64,62146.92,-4379.97,78.0,0.4064,2,7,0,0
51,71449.67,-5000.0,408.0,0.2483,2,6,1,0
29,33963.75,4535.51,127.0,0.237,0,7,1,0
60,31999.49,-2762.62,253.0,0.3571,2,3,1,0
37,68722.27,2947.86,449.0,0.0652,1,5,1,0
59,38431.85,-5000.0,327.0,0.4575,2,3,0,0
53,29728.57,7025.11,450.0,0.4223,0,1,1,0
23,22170.09,4925.71,289.0,0.5,2,2,1,0
23,32217.62,1149.05,388.0,0.1728,1,1,1,0
18,66877.09,4292.14,222.0,0.4235,2,6,0,0
22,8000.0,10473.35,80.0,0.147,0,3,1,0
35,60726.31,-5000.0,85.0,0.3902,1,3,1,0
19,27294.53,3533.57,285.0,0.0819,1,7,0,0
71,39742.49,-5000.0,69.0,0.1358,1,4,0,0
70,41343.86,3700.87,214.0,0.2249,2,1,1,0
27,39481.38,929.17,222.0,0.6836,2,2,1,0
35,37821.81,2800.71,38.0,0.6589,1,5,1,0
60,33891.1,9787.3,406.0,0.2284,2,3,0,0
55,30714.37,9548.08,36.0,0.3872,2,4,1,0
51,77994.34,11693.67,151.0,0.205,2,5,0,0
74,45626.23,-171.02,411.0,0.4909,1,3,0,0
53,41851.29,8625.37,18.0,0.4296,1,3,0,1
56,28883.68,7053.11,43.0,0.6594,0,4,0,1
46,34801.4,30.33,405.0,0.1564,1,7,1,0
47,28970.72,3937.62,130.0,0.2001,2,5,1,1
34,64133.6,1942.51,437.0,0.1199,1,5,1,0
47,26160.02,14159.09,72.0,0.2993,1,6,0,0
70,8000.0,9481.73,78.0,0.3439,1,7,0,0
39,46457.7,313.08,276.0,0.2645,2,2,1,0
25,38015.23,-243.54,457.0,0.2861,0,5,1,0
52,30355.29,10660.92,364.0,0.2418,2,6,0,0
62,67788.9,13719.75,292.0,0.1501,1,3,0,0
72,8000.0,5524.28,127.0,0.2158,1,5,1,0
48,84406.1,8268.58,33.0,0.285,2,2,1,0
62,71366.94,,375.0,0.4006,2,2,1,0
32,29298.67,1601.71,56.0,0.1692,0,5,1,1
42,33730.39,3667.77,83.0,0.4917,0,5,1,0
41,57609.67,6893.83,211.0,0.7162,1,1,0,1
36,58280.4,-431.99,171.0,0.2836,2,2,1,0
58,29152.95,16592.36,415.0,0.0398,2,5,1,0
68,8000.0,-504.02,116.0,0.2854,2,4,1,0
36,97842.32,3490.29,313.0,0.3454,2,5,0,0
25,68903.1,18331.01,218.0,0.0201,2,3,1,0
65,48921.33,-5000.0,114.0,0.0953,2,5,1,0
66,49394.38,4727.67,470.0,0.0818,1,3,0,0
71,60532.93,-2284.53,381.0,0.0209,1,7,1,0
32,63526.58,3001.35,353.0,0.453,1,3,1,0
58,8000.0,-5000.0,220.0,0.0938,1,3,1,0
58,36228.2,32.97,98.0,0.0388,1,1,0,0
63,33629.25,3198.22,310.0,0.4468,1,7,1,0
63,40964.13,4906.56,463.0,0.192,1,7,0,0
72,64269.85,10165.16,127.0,0.2106,2,5,1,0
45,8000.0,-5000.0,327.0,0.2534,2,6,1,0
22,11271.44,1993.04,412.0,0.1389,1,2,1,0
28,27956.37,1602.46,218.0,0.5536,1,5,1,1
68,48858.63,2485.77,38.0,0.3594,1,1,1,0
66,65803.14,3258.2,439.0,0.2894,2,4,0,0
18,85783.09,-3640.94,51.0,0.2379,2,6,0,0
38,37841.15,-5000.0,366.0,0.2116,2,5,1,0
31,65762.02,4736.85,229.0,0.0505,2,7,0,0
36,62754.06,-4954.01,350.0,0.1078,1,5,1,0
54,58541.73,6221.93,338.0,0.2352,2,4,1,0
47,44392.98,-4497.61,96.0,0.1797,2,4,1,1
45,35011.7,8541.78,46.0,0.2517,1,4,1,0
42,18365.02,2564.35,61.0,0.1627,2,3,1,0
54,16710.18,3119.66,96.0,0.0834,2,6,0,0
56,53677.05,1029.24,415.0,0.1719,2,1,1,0
20,43639.44,-253.51,41.0,0.2312,2,3,1,0
25,34612.32,1136.13,326.0,0.1983,0,5,0,0
37,61620.22,12453.2,183.0,0.3328,2,2,1,0
42,39987.77,-5000.0,392.0,0.3009,2,5,1,0
74,22170.52,-2185.09,287.0,0.233,2,7,1,0
68,38337.55,11453.28,367.0,0.4706,2,7,1,0
54,65515.75,9558.19,396.0,0.2239,2,2,1,0
20,19412.17,13748.24,433.0,0.5033,1,6,0,0
23,50231.92,2526.06,384.0,0.057,1,7,1,0
44,43614.36,-5000.0,180.0,0.5917,0,6,0,1
51,25979.75,-5000.0,441.0,0.1011,0,3,1,0
55,37666.2,610.31,168.0,0.2384,2,6,1,0
26,8000.0,9085.57,281.0,0.0515,1,1,1,0
68,47741.0,962.57,113.0,0.053,1,3,1,1
46,10881.68,346.55,389.0,0.3304,2,6,0,0
51,71810.93,6175.48,50.0,0.5806,1,7,1,0
20,42700.69,3221.77,461.0,0.3933,2,1,1,0
64,30704.66,-524.7,231.0,0.068,2,1,0,1
48,74013.98,-5000.0,407.0,0.7313,1,4,1,0
30,19203.78,,239.0,0.0945,1,1,0,0
36,26307.93,11382.51,67.0,0.2334,1,7,1,0
38,8000.0,-5000.0,54.0,0.3834,2,5,1,0
19,77737.66,-220.88,424.0,0.048,2,1,0,0
71,91821.64,8335.78,289.0,0.1812,1,5,1,0
63,8000.0,-5000.0,67.0,0.196,2,6,1,0
68,24605.69,5921.42,174.0,0.2065,2,7,0,0
38,46745.34,388.06,274.0,0.4842,2,2,0,0
49,32107.65,-5000.0,218.0,0.2891,1,1,0,0
44,44217.12,17218.74,35.0,0.5806,1,5,1,0
45,42060.05,268.53,244.0,0.2326,1,1,0,0
51,55188.8,7194.46,83.0,0.2196,2,7,0,0
43,20975.86,-5000.0,149.0,0.2957,2,6,0,0
62,49816.49,15418.72,320.0,0.6619,1,4,1,0
21,17096.81,18579.09,328.0,0.0314,2,7,0,0
28,34703.55,-5000.0,38.0,0.3293,2,7,1,0
68,8000.0,1683.52,244.0,0.379,1,5,1,0
68,34886.3,13623.11,122.0,0.4203,0,6,0,1
64,30681.56,-747.46,,0.2,2,2,1,0
39,68589.48,6274.39,386.0,0.0369,0,2,1,0
44,43518.5,-5000.0,196.0,0.0843,2,4,1,0
19,48062.58,-3306.42,281.0,0.2182,2,7,1,0
33,44438.7,5440.35,11.0,0.3079,1,6,1,0
59,8000.0,-1715.69,236.0,0.1965,2,4,1,0
37,8000.0,115.72,370.0,0.3,2,1,1,0
45,37033.06,-5000.0,311.0,0.4014,2,4,0,0
25,51964.0,8232.53,463.0,0.1858,2,6,0,0
46,39128.37,-5000.0,376.0,0.3768,2,6,0,0
59,23398.53,15325.55,62.0,0.322,2,2,1,0
50,38992.17,-2461.53,29.0,0.1932,1,5,0,0
49,36822.86,9405.62,138.0,0.1235,2,5,1,0
70,64475.08,8617.64,390.0,0.2882,1,6,0,0
31,63075.5,-4880.63,406.0,0.5648,2,7,0,0
35,31164.64,-1606.06,348.0,0.2111,1,4,1,0
53,43751.89,,340.0,0.2557,1,2,0,0
45,51904.98,-117.23,321.0,0.5969,0,1,1,0
73,55616.11,-5000.0,149.0,0.2463,2,1,0,0
21,86314.95,7270.95,326.0,0.4803,2,2,1,0
24,44296.31,-2509.98,311.0,0.0824,2,1,1,0
37,,2086.61,39.0,0.1561,1,3,0,0
44,15997.92,11050.83,440.0,0.4234,2,2,1,0
68,29058.15,7574.38,363.0,0.1496,2,3,1,0
46,8000.0,-1970.45,105.0,0.2273,2,2,1,0
42,48782.66,11327.46,138.0,0.2635,2,4,1,0
27,61188.1,8324.32,326.0,0.2135,0,6,1,0
42,8000.0,-2646.76,117.0,0.1129,0,4,1,0
48,49707.16,-1112.38,389.0,0.1417,0,3,0,0
51,60105.26,11004.03,225.0,0.2413,2,7,1,0
52,58680.94,9229.41,45.0,0.4654,1,2,1,1
42,15103.47,-5000.0,331.0,0.3682,0,5,1,0
26,64328.0,-5000.0,448.0,0.2299,2,2,1,0
26,45232.61,8563.03,159.0,0.3621,2,4,0,0
26,59775.94,,460.0,0.4847,1,6,1,0
53,41853.55,9439.5,345.0,0.4286,2,2,0,0
66,54525.93,18486.3,351.0,0.3661,2,1,0,0
68,72730.9,5986.32,173.0,0.1301,2,7,0,0
35,39899.45,,247.0,0.0538,2,2,0,0
22,52102.62,4412.05,106.0,0.2137,1,6,1,0
53,76244.22,11276.9,289.0,0.0689,1,6,1,0
20,41669.25,3791.28,412.0,0.4326,0,5,1,0
53,16865.1,6870.69,311.0,0.0945,1,4,1,0
39,61901.08,-3395.3,419.0,0.1341,2,6,1,0
65,80871.94,-2789.36,,0.1881,2,7,0,0
53,77219.59,10248.46,,0.4383,0,7,0,0
60,62874.69,-2696.5,141.0,0.1949,0,4,1,0
41,8000.0,-5000.0,270.0,0.3452,1,6,1,0
65,29104.18,549.34,48.0,0.7592,1,4,0,1
47,30384.99,5513.57,183.0,0.049,2,3,0,1
53,46121.71,11468.08,177.0,0.4844,2,2,1,0
38,,16166.2,253.0,0.203,1,5,1,0
43,17986.46,3677.6,357.0,0.1498,0,7,1,1
65,101055.05,8268.94,275.0,0.0456,1,5,1,0
40,35441.8,3965.01,425.0,0.0368,2,4,0,0
19,25827.47,5832.56,136.0,0.1865,1,3,0,1
39,66130.12,1505.12,178.0,0.142,0,2,1,0
40,68107.61,6091.53,226.0,0.0905,1,3,1,0
41,61248.67,-2839.38,295.0,0.2935,1,5,1,0
22,25763.61,18840.68,407.0,0.3079,2,7,1,0
25,57550.7,-5000.0,285.0,0.1141,2,5,1,0
36,19161.06,7567.09,460.0,0.141,2,5,1,0
42,25068.85,5556.39,226.0,0.6506,0,3,0,0
19,42628.25,5970.25,254.0,0.3909,1,2,1,0
40,24500.91,-5000.0,333.0,0.3036,2,2,1,0
36,71318.71,-5000.0,70.0,0.4022,2,7,0,0
19,30545.81,7846.2,72.0,0.5698,1,2,0,0
32,39488.59,13728.01,160.0,0.1856,1,4,1,0
33,22995.04,4761.83,35.0,0.2175,1,2,1,1
26,70940.25,9442.16,199.0,0.1158,2,3,0,0
60,28346.83,-665.16,167.0,0.2713,1,1,0,0
22,73550.28,5652.59,296.0,0.1999,2,6,1,0
50,71713.59,12805.28,465.0,0.5518,2,6,1,0
55,33851.48,491.62,271.0,0.5439,2,1,1,0
63,45741.7,12485.74,457.0,0.175,1,1,1,0
49,33157.28,-5000.0,290.0,0.0867,1,1,1,0
48,58643.05,-1904.02,303.0,0.1735,2,5,0,0
61,40138.22,7367.33,401.0,0.4575,1,4,1,0
66,34562.98,18222.49,277.0,0.5055,2,1,1,0
30,46154.48,3114.19,465.0,0.0621,1,4,1,0
63,8000.0,-5000.0,303.0,0.2926,2,1,1,0
44,43103.79,18040.63,160.0,0.1351,2,4,1,0
23,61240.3,1990.87,206.0,0.1516,2,1,0,0
52,48451.36,8318.23,310.0,0.1795,2,6,1,0
73,68791.41,324.6,138.0,0.2062,2,1,1,1
26,35567.55,4138.21,351.0,0.096,0,5,0,1
18,33517.73,-1496.94,2.0,0.0483,2,7,1,0
70,17067.02,21061.15,350.0,0.0821,0,3,1,0
52,34856.38,12529.85,9.0,0.2777,1,1,1,0
30,94147.32,17144.98,78.0,0.2307,2,1,1,0
63,51888.58,-3307.69,466.0,0.2985,2,5,1,0
40,30361.59,-5000.0,398.0,0.356,0,2,1,0
36,19846.45,656.37,357.0,0.3287,0,3,0,0
34,8000.0,23131.78,445.0,0.4901,2,5,0,0
52,24240.16,425.02,331.0,0.2941,2,6,1,0
25,63979.84,11414.3,50.0,0.1088,2,1,1,0
38,34324.21,-5000.0,405.0,0.3642,0,1,1,0
35,21045.71,-3632.06,113.0,0.0182,1,1,1,0
21,23795.41,2361.66,291.0,0.299,1,1,1,0
61,61237.02,19877.55,428.0,0.6235,0,5,1,0
18,42968.42,11801.86,320.0,0.1154,2,6,1,0
72,29319.89,-5000.0,17.0,0.36,0,7,0,0
23,37290.29,8333.85,379.0,0.0536,2,5,1,0
38,100147.08,-5000.0,384.0,0.2713,1,1,0,0
23,75490.58,-2452.49,60.0,0.2269,2,5,1,0
38,81715.63,7083.12,452.0,0.0532,1,6,1,0
52,8000.0,14187.49,90.0,0.243,1,7,0,0
22,41222.44,13794.12,25.0,0.474,2,7,0,0
47,28880.27,5652.53,,0.3563,1,6,1,0
61,58596.0,5764.94,324.0,0.8056,2,1,1,0
43,71495.17,13769.7,46.0,0.622,1,2,1,0
24,53160.66,-5000.0,74.0,0.4651,0,6,0,0
57,23188.25,17618.84,316.0,0.4145,2,6,1,0
28,28474.67,-2887.85,39.0,0.2375,2,2,1,0
18,60514.27,5084.91,399.0,0.1318,0,5,1,0
42,63001.83,-970.02,130.0,0.0814,2,2,0,0
33,48523.81,-5000.0,402.0,0.12,2,7,1,0
19,48244.77,6692.72,355.0,0.1196,2,3,1,0
62,46253.06,4892.29,155.0,0.4231,2,7,1,0
52,51727.41,2156.86,383.0,0.4574,1,3,1,0
69,62899.02,1778.68,97.0,0.1808,2,2,1,0
45,60754.14,15207.58,231.0,0.2106,1,1,0,0
42,45589.64,20542.42,460.0,0.0382,2,6,1,0
66,43773.76,13023.22,426.0,0.5267,2,2,0,0
22,42817.54,5219.27,437.0,0.3387,2,4,1,0
38,25491.73,-5000.0,71.0,0.3502,1,4,1,1
63,25174.3,8017.25,150.0,0.427,0,2,0,1
34,58598.91,8371.12,36.0,0.4559,2,7,0,0
68,27178.28,9170.66,429.0,0.4465,1,6,0,0
34,65348.35,-5000.0,376.0,0.0821,2,3,1,0
41,43716.43,9800.51,422.0,0.132,2,4,1,0
69,,15492.69,55.0,0.1333,1,2,1,0
31,60923.97,-4860.98,162.0,0.0988,2,4,1,0
73,66073.25,8477.26,343.0,0.0344,1,4,1,0
20,33090.86,-3494.21,174.0,0.4345,2,5,0,0
33,55222.49,2165.84,140.0,0.2577,2,1,0,0
51,63447.2,-4589.53,447.0,0.1566,0,1,1,0
51,8000.0,194.3,256.0,0.0769,1,4,0,0
69,87542.34,256.33,356.0,0.4267,2,7,0,0
72,101648.83,6298.2,370.0,0.3329,0,6,1,0
56,68682.21,10122.87,296.0,0.3003,2,2,1,0
55,65147.02,12729.42,355.0,0.0885,2,4,0,0
36,59718.96,-2215.73,457.0,0.2457,1,5,1,0
63,36914.17,5878.95,239.0,0.1656,0,5,1,0
54,42245.74,-5000.0,415.0,0.363,1,1,1,0
19,69110.12,2114.5,32.0,0.3676,1,1,0,0
65,20669.57,3341.93,35.0,0.1956,2,6,1,0
38,18482.08,-4380.29,188.0,0.3151,2,2,1,0
45,35066.77,7472.85,239.0,0.1173,2,1,1,0
45,61406.33,1753.96,158.0,0.6377,2,2,0,0
64,23351.6,,429.0,0.5775,2,1,1,0
33,39364.6,12796.07,10.0,0.3714,2,4,1,1
40,42333.11,-421.41,53.0,0.3055,1,6,1,0
20,19703.27,9801.59,301.0,0.2283,0,6,0,0
37,8000.0,14543.03,34.0,0.0856,2,1,0,0
23,19337.19,14052.83,93.0,0.463,2,5,1,0
51,51522.16,1494.92,412.0,0.4506,2,3,1,0
68,57153.59,-4781.3,391.0,0.4752,1,3,0,0
44,57359.07,-2679.45,,0.3949,2,1,1,0
69,60239.31,-5000.0,165.0,0.2261,0,2,0,0
73,29340.13,8488.15,80.0,0.5316,1,2,0,0
21,23984.77,8984.69,152.0,0.3887,2,6,1,0
47,54376.45,3939.19,86.0,0.2293,1,2,0,0
48,39706.25,-5000.0,114.0,0.1569,2,7,1,0
39,67676.97,77.73,399.0,0.404,2,2,1,0
65,54534.34,14042.07,117.0,0.2459,0,7,1,1
40,77095.51,7877.31,100.0,0.0909,2,7,1,0
21,33361.59,9264.39,122.0,0.2776,0,1,1,0
49,71688.36,29464.47,69.0,0.4952,2,4,1,0
29,95866.9,5624.6,414.0,0.1035,1,5,1,0
38,46343.56,-5000.0,435.0,0.3766,2,3,1,0
46,57482.67,-5000.0,96.0,0.1217,2,4,1,1
59,21736.79,5444.45,386.0,0.3796,2,6,0,0
33,67351.41,3149.91,129.0,0.3094,2,3,0,0
39,73226.45,1624.1,193.0,0.202,1,2,1,0
21,32638.67,1764.55,479.0,0.0691,2,2,0,0
39,59653.99,-3275.48,300.0,0.1564,0,5,0,0
51,52011.82,5990.52,388.0,0.0778,2,7,1,0
53,54769.63,14154.89,206.0,0.3597,1,6,0,0
34,65300.49,16858.71,298.0,0.3097,0,1,0,0
21,57972.49,16631.87,131.0,0.2081,1,5,0,0
50,41525.3,-4647.73,352.0,0.4302,2,3,0,0
55,65832.41,2838.6,473.0,0.1977,0,6,1,0
22,72796.4,489.28,75.0,0.29,0,3,1,1
46,31145.14,7735.79,261.0,0.0348,2,6,0,0
23,44955.02,2338.43,128.0,0.2575,2,5,0,0
43,8000.0,1194.98,306.0,0.1063,2,5,1,0
54,59589.95,14636.63,218.0,0.2866,0,6,0,1
58,75577.94,3787.03,195.0,0.4278,2,2,0,0
58,38567.62,3993.47,186.0,0.5053,2,1,1,0
61,48335.9,6305.91,240.0,0.1867,1,6,0,0
31,39495.11,8409.55,99.0,0.4909,2,7,0,0
66,35402.59,8455.65,138.0,0.3455,0,7,0,1
37,50804.28,15417.1,33.0,0.4622,2,4,0,0
39,25393.94,-5000.0,206.0,0.3368,1,6,0,1
62,39118.08,5595.7,293.0,0.3316,0,4,1,0
36,22386.23,2180.96,301.0,0.3073,1,4,1,0
22,59726.91,592.97,100.0,0.4358,1,2,1,1
58,50980.95,9062.25,389.0,0.4339,1,3,0,0
55,34219.05,13372.34,199.0,0.1265,2,3,0,0
51,45926.97,-1734.07,385.0,0.0738,2,1,1,0
26,39481.87,16495.5,393.0,0.6298,2,3,0,0
54,,-5000.0,5.0,0.0529,2,4,0,0
29,33974.69,7722.09,22.0,0.2537,2,4,1,0
49,60876.12,-4125.49,256.0,0.3457,2,6,1,0
46,27369.82,-2134.18,402.0,0.5774,1,6,0,0
62,65355.96,,179.0,0.4669,1,4,1,0
73,70932.64,-190.58,293.0,0.1835,0,6,1,0
28,72112.66,-5000.0,291.0,0.4176,2,2,1,0
24,81775.42,7891.76,,0.0638,2,6,0,0
49,52311.13,9238.08,423.0,0.4471,2,6,1,0
72,75948.67,1711.49,273.0,0.1941,1,2,1,0
27,85604.5,1082.89,372.0,0.3626,0,6,1,0
45,16948.69,16.88,289.0,0.4741,0,3,0,0
41,29919.05,-5000.0,158.0,0.7218,2,6,0,1
36,8000.0,-5000.0,273.0,0.2945,2,6,0,0
55,71528.6,9429.05,354.0,0.133,2,7,0,0
34,8000.0,11517.61,429.0,0.1805,1,1,0,0
46,8000.0,7774.64,48.0,0.4477,2,6,1,0
66,17565.18,6034.03,160.0,0.3306,1,4,1,0
39,8000.0,9261.76,61.0,0.198,1,6,0,0
19,51803.95,8728.88,82.0,0.3348,1,2,1,1
68,17886.43,-3281.24,108.0,0.1367,2,1,1,0
33,8000.0,4779.69,433.0,0.3165,1,5,1,0
62,43953.17,631.42,191.0,0.5507,0,7,0,0
61,45427.8,737.1,441.0,0.4178,2,4,0,0
47,8000.0,12121.64,245.0,0.3002,2,4,1,0
23,27157.47,15597.29,9.0,0.173,0,6,1,0
72,43134.03,-5000.0,190.0,0.041,1,7,1,0
56,36079.42,959.41,348.0,0.1033,1,3,1,0
42,36762.92,540.51,301.0,0.509,2,7,1,0
66,74482.17,12291.77,176.0,0.2418,2,1,0,0
62,98663.62,-5000.0,59.0,0.3545,2,2,1,0
61,37167.54,-5000.0,363.0,0.4061,2,4,1,0
27,11952.96,9567.48,250.0,0.0749,2,1,0,0
54,39135.42,10703.47,379.0,0.1622,0,5,0,0
34,49857.33,-5000.0,130.0,0.3625,2,5,0,0
22,43668.04,2004.79,75.0,0.5888,1,7,0,0
37,60267.28,15241.45,175.0,0.0572,2,3,1,0
23,100297.73,-5000.0,114.0,0.0323,2,7,1,0
24,8000.0,3808.41,244.0,0.5578,1,6,0,0
59,32323.01,7063.7,240.0,0.4832,2,1,1,0
46,83528.58,-5000.0,63.0,0.1064,2,3,0,0
40,31948.86,-1510.73,224.0,0.3404,2,2,0,0
28,64737.34,-5000.0,,0.5692,2,3,0,0
61,60772.52,,249.0,0.2253,0,6,0,0
54,75922.0,-3327.95,365.0,0.4475,1,6,1,0
51,92833.49,,218.0,0.4817,0,4,1,0
28,53326.82,,,0.1206,2,6,1,0
25,8000.0,14109.03,433.0,0.1319,1,4,1,0
25,27489.82,21658.25,366.0,0.4663,2,3,1,0
19,99651.32,4661.6,461.0,0.1779,2,2,1,0
73,9645.05,467.44,110.0,0.4253,2,5,0,1
38,57420.16,2.68,295.0,0.3317,1,3,1,0
55,8000.0,-4718.93,362.0,0.1818,0,5,1,0
73,11219.32,6585.24,428.0,0.5774,0,4,1,0
71,67173.43,-958.99,93.0,0.0855,2,3,0,0
36,45899.02,7144.42,121.0,0.5055,1,1,1,0
45,35588.95,-4464.21,456.0,0.5864,1,1,1,0
44,24641.1,-728.61,271.0,0.4203,2,3,0,0
19,8000.0,6458.83,73.0,0.4295,1,4,0,0
61,62335.15,2000.76,92.0,0.3008,2,5,1,0
50,37921.32,-5000.0,479.0,0.1634,0,3,0,0
39,8000.0,2878.46,431.0,0.4416,1,7,1,0
49,45754.73,-3414.19,109.0,0.1415,1,2,1,0
59,59531.2,12451.44,265.0,0.3113,2,6,1,0
18,39983.16,10768.89,340.0,0.1445,1,2,0,0
54,47899.82,-5000.0,214.0,0.2824,2,6,1,0
67,45953.17,9411.99,146.0,0.1661,2,3,1,0
59,27330.13,6114.4,336.0,0.4723,2,5,1,0
53,46356.49,-5000.0,39.0,0.3101,1,3,1,0
23,63380.42,10026.59,,0.2888,1,4,0,0
60,70866.09,-5000.0,11.0,0.1224,2,3,1,1
60,64768.23,12163.02,427.0,0.2669,2,5,1,0
46,28122.55,-2169.51,70.0,0.1402,0,6,1,1
51,60905.31,-5000.0,417.0,0.4381,2,7,0,0
53,56636.66,19965.98,195.0,0.5036,1,5,1,0
24,27257.28,-5000.0,50.0,0.2314,2,7,1,0
32,33392.18,-3448.19,278.0,0.2401,2,5,1,0
63,61992.33,-1879.36,152.0,0.1438,2,6,1,0
73,79422.7,-645.35,229.0,0.3112,2,6,0,1
33,8000.0,8590.25,469.0,0.0847,1,5,1,0
40,86001.53,3463.3,302.0,0.41,2,5,0,0
70,74103.99,11034.42,8.0,0.214,2,3,0,0
27,49977.96,5975.34,45.0,0.515,2,2,1,0
32,38982.08,-5000.0,370.0,0.7142,1,5,1,0
21,54760.84,7398.86,324.0,0.13,1,4,1,0
31,28985.87,4870.45,234.0,0.3033,0,5,1,0
54,40557.62,-1997.03,376.0,0.0868,1,6,1,0
37,8124.33,19589.8,107.0,0.6153,2,6,0,0
74,8000.0,7866.78,110.0,0.0596,2,6,1,0
68,103307.67,10533.81,195.0,0.1957,1,4,0,0
69,46576.88,10812.58,380.0,0.5287,0,6,0,0
59,50092.23,-360.43,471.0,0.3962,1,4,1,0
58,,8067.08,120.0,0.1231,0,5,1,1
47,24305.65,5528.22,296.0,0.577,2,6,1,0
74,37323.45,-1456.2,213.0,0.1059,2,3,1,0
23,47279.72,-5000.0,422.0,0.2626,1,1,1,0
59,40084.04,3193.85,386.0,0.5385,1,7,0,0
25,26194.93,7695.43,82.0,0.1823,2,2,1,0
37,,3129.94,329.0,0.2068,0,7,0,1
32,49709.12,1541.51,8.0,0.1843,2,7,0,1
52,54822.69,3218.86,241.0,0.1949,2,7,1,0
62,62626.12,704.17,128.0,0.2505,2,3,1,0
22,40736.9,15394.55,177.0,0.1489,0,1,0,0
52,40777.8,5161.93,,0.2697,0,1,1,0
30,82061.31,-891.7,270.0,0.1132,0,5,1,0
22,21399.62,-5000.0,407.0,0.4912,2,7,1,0
41,8000.0,1422.33,249.0,0.0611,2,3,1,0
51,58888.47,-1614.59,415.0,0.3053,1,3,0,0
29,29266.25,-1911.69,466.0,0.1821,2,4,1,0
40,18066.23,10540.89,106.0,0.262,2,4,1,0
72,67130.95,3637.89,396.0,0.4266,2,1,1,0
37,41380.79,-5000.0,104.0,0.3743,1,4,1,0
74,13410.9,7950.65,55.0,0.6492,1,5,0,0
65,93373.65,-5000.0,100.0,0.144,0,2,1,0
39,8000.0,8546.56,197.0,0.3031,1,7,1,0
50,42833.04,-800.6,81.0,0.2339,2,6,1,0
58,8000.0,3695.26,281.0,0.1612,1,1,0,0
44,51766.46,2800.75,286.0,0.2713,0,4,1,1
41,28972.28,,338.0,0.2956,1,3,1,0
36,65481.87,4676.19,437.0,0.0472,2,1,1,0
25,44565.34,3655.07,85.0,0.3731,1,1,1,0
19,78765.19,17957.83,470.0,0.4526,2,1,1,0
37,34257.15,4791.59,398.0,0.528,2,7,1,0
63,8000.0,4977.49,25.0,0.3348,1,7,1,0
31,50937.9,-2676.17,302.0,0.3097,2,6,1,0
28,38686.06,6047.16,123.0,0.1249,1,2,1,0
36,8000.0,-5000.0,32.0,0.1545,2,3,1,0
52,18615.49,12201.02,327.0,0.1132,2,3,0,0
30,26571.69,-5000.0,28.0,0.4498,0,4,1,1
30,83884.58,-3749.27,85.0,0.2008,2,3,0,0
24,62686.14,-5000.0,329.0,0.2809,1,3,0,0
36,36306.62,6357.15,40.0,0.2624,0,4,0,0
30,56771.74,-390.99,362.0,0.2717,1,7,1,0
65,8000.0,8487.42,12.0,0.4201,1,3,0,1
69,30877.35,-4804.73,148.0,0.5267,2,2,0,0
39,55024.88,7251.8,123.0,0.3872,1,2,1,1
22,49134.41,7638.69,77.0,0.2211,2,4,1,0
22,31516.1,4694.38,255.0,0.4316,2,5,1,0
36,44042.3,3246.99,105.0,0.2492,1,5,0,0
44,53452.71,4097.59,72.0,0.5935,0,5,1,1
48,44766.08,-4285.54,188.0,0.1927,2,1,1,0
35,66525.1,-5000.0,,0.1267,1,2,0,0
38,52967.55,7350.98,303.0,0.3929,2,6,1,0
34,57781.01,50.47,40.0,0.3034,2,7,1,0
47,87838.87,6627.14,90.0,0.2826,1,1,1,0
57,65687.66,,24.0,0.2952,2,5,0,0
20,88523.96,-657.26,379.0,0.3652,2,1,0,0
45,28202.14,-1800.72,268.0,0.1504,2,7,1,0
54,,405.73,119.0,0.3303,1,4,1,0
56,41492.98,3311.77,255.0,0.3677,2,6,1,0
50,39360.09,7913.11,388.0,0.3363,2,2,1,0
47,81485.35,2772.9,365.0,0.367,0,5,0,1
56,16748.89,19628.38,443.0,0.3817,1,1,1,0
39,43028.03,6366.8,110.0,0.4856,1,6,1,0
50,55129.48,9246.6,78.0,0.1231,2,2,1,0
36,47502.56,2705.12,366.0,0.1493,1,6,1,0
42,40711.76,11094.65,440.0,0.3997,2,7,1,0
25,53964.21,1357.82,84.0,0.523,2,6,1,0
37,71977.44,-2153.79,338.0,0.2915,2,6,1,0
26,,10242.76,275.0,0.5966,1,4,1,0
30,45820.18,2541.69,425.0,0.6429,1,5,1,0
41,24603.86,4962.12,92.0,0.4637,2,4,1,0
46,83363.35,10855.06,166.0,0.2462,1,5,0,0
71,18059.16,4111.87,298.0,0.4372,2,3,1,0
19,89764.47,1806.01,414.0,0.2002,1,1,1,0
69,78603.38,-1283.17,396.0,0.1204,1,4,1,0
36,82234.97,11493.45,228.0,0.4479,1,4,1,0
59,62134.77,266.19,177.0,0.1492,1,2,1,0
56,8000.0,2591.2,91.0,0.0358,2,7,0,0
73,19021.98,5295.26,192.0,0.5669,2,6,1,0
24,52672.21,5262.28,478.0,0.1055,0,7,1,0
73,28108.83,11109.6,109.0,0.0726,2,1,1,0
21,37118.0,2441.45,455.0,0.533,2,6,0,0
68,60320.2,14011.08,134.0,0.4569,2,1,1,1
55,40750.64,1009.95,59.0,0.3477,1,4,1,1
45,14524.48,5966.09,344.0,0.0611,1,3,0,0
40,67141.47,1529.81,218.0,0.0307,1,5,1,0
23,57872.57,19745.12,351.0,0.1022,0,3,1,0
63,38775.1,194.91,473.0,0.3173,2,5,1,0
59,62781.65,918.41,71.0,0.2004,0,1,1,0
71,47376.18,3917.93,263.0,0.393,2,7,1,0
59,78284.03,865.81,127.0,0.4846,2,4,1,0
72,48780.2,5515.91,238.0,0.1018,1,5,0,0
68,78098.19,12832.71,123.0,0.1098,1,2,0,0
42,8000.0,4178.44,93.0,0.2595,2,5,1,0
58,56480.48,4474.16,249.0,0.3011,0,3,0,0
33,35053.46,1166.8,201.0,0.3472,1,7,1,1
63,23523.73,-1040.59,368.0,0.3682,1,6,1,0
52,73962.51,3772.24,239.0,0.3221,2,3,0,0
43,67227.19,3060.79,289.0,0.2949,2,1,1,0
53,8000.0,12386.09,342.0,0.3996,1,3,1,0
33,62887.39,-4672.62,26.0,0.0936,1,5,1,0
53,59853.7,14636.28,216.0,0.2047,1,7,0,0
45,26923.21,1825.48,251.0,0.3241,1,7,1,0
36,24117.4,4188.28,304.0,0.2352,2,6,1,0
73,8000.0,-5000.0,19.0,0.0732,2,6,0,0
21,36561.7,7495.49,48.0,0.0911,1,2,1,0
61,40562.81,-4683.81,407.0,0.1994,2,7,1,0
29,64924.92,5987.12,366.0,0.0425,1,5,1,0
30,51734.51,,201.0,0.3787,1,5,1,0
26,18502.3,395.03,1.0,0.0195,1,7,1,1
23,50971.86,-5000.0,124.0,0.5531,0,7,0,1
25,38648.86,20285.0,308.0,0.2716,0,5,1,0
65,21629.34,-5000.0,326.0,0.2143,2,2,0,0
70,8000.0,5181.97,396.0,0.0861,2,4,0,0
51,60620.08,-2838.45,265.0,0.2242,2,6,0,0
18,56159.93,11384.03,368.0,0.0373,0,3,1,0
67,58919.23,-35.89,113.0,0.2804,2,5,0,0
52,26793.89,-3015.8,70.0,0.5692,1,5,0,0
47,49277.0,7761.25,161.0,0.4648,2,6,1,0
72,10615.9,-5000.0,405.0,0.1329,1,6,1,0
41,20335.43,-306.23,425.0,0.4172,2,4,0,0
38,45843.3,8521.96,38.0,0.2376,2,4,1,0
62,51558.83,15054.74,94.0,0.2158,1,6,1,0
48,8000.0,,31.0,0.1299,1,3,0,0
58,18561.38,-1892.47,366.0,0.3252,2,1,1,0
57,35865.18,5817.1,394.0,0.1575,2,2,1,0
65,68962.97,-5000.0,445.0,0.5031,2,6,1,0
36,24672.43,13860.99,87.0,0.1212,2,2,1,0
22,48514.38,-4995.98,,0.1709,0,2,0,0
45,51134.82,-499.28,214.0,0.5321,2,3,1,0
54,38757.7,5086.76,468.0,0.5496,1,2,1,0
64,51700.5,3409.89,449.0,0.1322,2,5,1,0
33,11377.08,-4708.93,401.0,0.2009,2,6,1,1
60,28605.32,16771.67,100.0,0.2922,1,6,1,1
65,80859.0,-5000.0,160.0,0.2507,2,4,0,0
64,82619.12,-5000.0,374.0,0.1404,2,3,1,0
64,66073.02,-2094.2,292.0,0.5327,1,7,0,0
74,72509.8,-4597.64,280.0,0.222,2,2,0,0
55,8000.0,12756.43,36.0,0.0648,0,2,1,1
39,21282.6,-5000.0,194.0,0.2782,1,6,1,0
42,37222.46,15459.7,468.0,0.1048,2,4,1,0
60,105391.05,774.93,220.0,0.4519,0,7,1,0
31,37172.9,-5000.0,424.0,0.4368,2,6,0,0
52,63622.61,-5000.0,196.0,0.5244,2,4,1,0
50,54459.3,1278.96,406.0,0.4646,0,4,0,0
55,53903.09,-2615.76,397.0,0.3435,0,3,0,0
42,44411.73,4891.96,298.0,0.359,2,2,1,0
60,14999.18,-604.58,390.0,0.5345,2,3,1,0
22,8000.0,10646.42,23.0,0.0753,2,3,1,0
60,77046.06,1860.07,179.0,0.6055,2,6,1,0
64,29587.56,-391.27,42.0,0.5667,1,2,1,1
68,8000.0,10786.03,334.0,0.1371,1,1,1,0
70,55949.03,4825.36,140.0,0.2373,0,2,1,0
37,55469.74,9197.05,255.0,0.1205,1,1,1,0
20,64197.31,12189.29,404.0,0.3751,1,5,0,0
55,72892.89,649.6,359.0,0.5511,0,2,0,0
23,22025.34,3305.98,319.0,0.2686,0,5,1,0
33,23125.46,9750.43,24.0,0.2747,0,7,1,1
58,37032.42,-5000.0,295.0,0.119,2,7,1,0
51,65541.0,2185.86,161.0,0.0802,2,4,1,1
52,8000.0,1201.06,475.0,0.0293,2,7,1,0
60,48205.16,5992.42,161.0,0.3427,1,2,1,1
27,68303.05,-3408.88,359.0,0.1512,2,3,1,0
63,67271.41,11763.58,286.0,0.339,1,4,1,0
51,62714.04,-2902.1,161.0,0.1341,1,1,1,0
41,71575.01,-672.14,99.0,0.1169,0,4,0,0
44,8000.0,-2315.28,124.0,0.3026,1,2,1,0
46,85336.72,12839.05,255.0,0.4055,1,4,1,0
49,53260.12,-5000.0,425.0,0.2529,1,5,1,0
37,78366.28,17295.04,470.0,0.3177,2,4,0,0
30,15634.14,14786.96,151.0,0.5858,2,6,1,0
27,8000.0,-1518.92,20.0,0.1669,1,7,1,0
37,89659.44,11215.39,105.0,0.3665,2,5,1,1
32,21836.95,4040.72,241.0,0.2136,2,1,1,0
47,37228.78,16223.29,192.0,0.101,2,5,1,0
69,58186.37,10605.23,66.0,0.3542,1,4,1,0
24,64322.17,20545.16,83.0,0.2188,0,1,1,0
35,71960.41,-5000.0,279.0,0.5706,2,3,1,0
20,50584.65,4530.76,127.0,0.2242,2,2,0,0
73,18642.27,-5000.0,115.0,0.3687,2,3,1,0
57,62665.82,-1149.71,180.0,0.2357,1,2,0,1
31,63063.9,20997.22,433.0,0.2124,0,4,1,0
41,8000.0,6745.6,404.0,0.248,2,7,1,0
59,80467.12,10876.33,152.0,0.1375,2,4,0,0
72,8000.0,7111.51,368.0,0.3165,2,6,1,0
50,70860.39,6603.69,459.0,0.3278,1,6,1,0
33,29147.25,-1178.78,134.0,0.1538,2,5,0,0
57,62637.74,-2669.14,1.0,0.2545,1,6,1,0
57,57754.86,-1393.26,111.0,0.0568,0,2,1,0
54,44071.94,-5000.0,399.0,0.1657,0,6,1,0
20,56277.17,2343.69,50.0,0.1779,2,6,1,0
58,42838.78,4918.8,125.0,0.504,2,4,0,0
19,62848.77,-1953.76,457.0,0.1019,1,3,1,0
69,99631.79,1954.55,96.0,0.4025,2,1,1,0
68,11469.03,7200.39,230.0,0.2601,2,3,1,0
50,8000.0,10078.42,424.0,0.63,0,7,1,0
54,34608.14,-5000.0,406.0,0.2636,1,4,0,0
21,32899.35,-3358.21,146.0,0.1531,2,7,0,0
67,35560.8,9023.68,119.0,0.1916,2,6,0,0
33,21839.03,7712.06,280.0,0.1535,1,3,0,0
32,66810.85,13755.19,154.0,0.5545,2,1,1,0
58,10466.76,13423.4,353.0,0.517,2,5,1,0
71,56269.38,22318.99,324.0,0.1002,2,7,1,0
46,60961.64,657.87,201.0,0.1298,2,6,0,0
46,52911.65,15628.51,196.0,0.2022,0,1,1,1
49,57178.58,-4360.12,48.0,0.329,2,2,0,0
34,68731.68,22152.42,333.0,0.3589,1,1,0,0
52,46339.13,6637.58,442.0,0.0814,0,4,1,0
72,36337.58,7336.16,420.0,0.1076,1,1,0,0
39,,10919.4,310.0,0.2252,2,7,1,0
62,60009.16,-5000.0,349.0,0.2068,0,2,1,0
62,67242.03,-5000.0,428.0,0.4486,1,2,0,0
66,8000.0,3925.39,105.0,0.3355,2,7,1,0
59,40411.71,5765.76,368.0,0.3391,1,4,0,0
70,18365.79,19660.43,49.0,0.3518,1,4,1,0
58,59024.12,-4593.6,371.0,0.1589,1,2,1,0
73,63167.73,15321.54,105.0,0.1082,0,2,1,0
58,38139.68,875.29,283.0,0.3786,1,5,1,0
65,26768.3,763.81,1.0,0.6932,1,3,0,0
68,59924.09,1689.26,2.0,0.0494,2,3,1,0
74,41668.94,557.78,311.0,0.2485,0,1,1,0
51,80661.67,6892.31,423.0,0.3963,1,2,1,0
58,89323.83,-159.54,52.0,0.3091,1,4,1,1
73,70017.78,-5000.0,398.0,0.3401,0,3,1,0
39,50816.44,857.52,362.0,0.289,2,4,1,0
24,90639.37,6653.11,348.0,0.3433,1,5,1,0
68,51018.01,-5000.0,130.0,0.2592,2,7,1,0
54,33020.15,7654.64,421.0,0.2537,1,2,0,0
42,28116.49,12444.16,292.0,0.3791,1,2,1,0
58,27412.46,14839.45,88.0,0.155,2,2,0,0
19,44840.76,5701.31,423.0,0.5877,2,3,0,0
45,56577.17,-5000.0,135.0,0.2626,0,2,1,0
33,9621.08,8180.96,238.0,0.1843,2,7,0,0
34,33776.85,10737.37,75.0,0.1494,0,5,1,1
73,50321.28,-2572.27,187.0,0.5513,2,1,1,0
49,61090.66,2418.54,310.0,0.2081,2,3,0,0
26,44351.93,6868.8,431.0,0.6116,2,4,1,0
38,51112.7,17298.08,210.0,0.3467,2,5,1,0
31,14036.94,953.2,296.0,0.4759,1,7,0,0
69,22205.33,10130.05,49.0,0.2951,2,3,0,0
34,43478.45,5530.38,114.0,0.6185,1,1,0,0
38,57763.78,4595.42,276.0,0.2038,2,4,1,0
37,50782.58,13643.76,19.0,0.2618,1,5,1,0
28,23779.39,-3651.38,162.0,0.5453,2,6,1,0
62,39085.95,4843.25,28.0,0.2065,1,1,1,1
50,82795.96,3217.48,235.0,0.2905,0,4,1,0
42,58606.46,-5000.0,126.0,0.2785,1,1,1,1
40,40936.67,12860.67,125.0,0.3843,2,1,0,0
56,19354.08,9632.14,221.0,0.1437,2,7,0,0
23,27165.72,3271.04,77.0,0.4548,2,7,1,1
71,45164.76,908.97,364.0,0.2458,0,7,1,0
50,51898.68,3001.78,216.0,0.4917,1,2,1,1
30,59139.09,8658.97,433.0,0.0782,2,5,1,0
48,54699.64,3423.16,108.0,0.252,0,4,0,0
66,35744.09,-2340.0,29.0,0.1982,0,1,1,0
27,32222.38,-1136.64,194.0,0.3019,1,6,1,0
47,96174.72,2903.01,50.0,0.3028,2,4,0,0
52,31088.32,,183.0,0.2723,1,2,0,1
64,12707.41,5666.59,370.0,0.4239,1,7,1,0
50,8000.0,-3344.13,451.0,0.4192,1,7,1,0
59,36170.28,-4634.7,219.0,0.2998,2,2,1,0
62,68499.6,28545.06,89.0,0.2682,2,3,1,0
68,30601.31,18518.81,186.0,0.0686,2,4,1,0
38,81937.86,4151.56,137.0,0.5633,1,5,1,0
58,44817.96,9808.13,57.0,0.2261,2,5,0,0
32,72738.95,11167.58,380.0,0.2444,2,6,1,1
66,26056.97,2396.45,350.0,0.3237,0,2,1,1
72,26444.58,5262.05,142.0,0.3563,1,1,1,0
34,47276.14,902.64,233.0,0.4028,1,2,0,0
49,57063.87,13045.36,230.0,0.0569,1,5,1,0
64,40526.07,13155.46,,0.6066,2,7,1,0
19,52311.64,15495.35,365.0,0.0585,2,4,0,0
58,59712.15,5127.99,335.0,0.2431,1,7,1,0
64,9487.36,20342.44,2.0,0.2504,0,7,0,1
67,36476.56,2389.19,107.0,0.4577,2,2,1,0
29,32032.94,19375.44,459.0,0.8293,0,1,1,0
61,33246.95,-706.4,198.0,0.2484,2,1,1,0
62,55171.94,-5000.0,222.0,0.4053,0,4,1,0
18,32380.26,19222.46,365.0,0.4581,1,7,1,0
58,8000.0,8283.02,364.0,0.346,1,1,1,0
53,39087.03,7152.98,271.0,0.2627,2,2,1,0
73,18389.85,116.12,441.0,0.184,2,6,1,0
20,57408.3,-3761.19,283.0,0.3916,0,6,1,0
73,65142.42,-3002.01,420.0,0.1669,2,7,1,0
50,8000.0,4108.38,218.0,0.2387,1,2,1,0
33,25644.2,1798.39,105.0,0.4782,2,1,1,0
40,53834.33,-5000.0,53.0,0.2334,2,7,1,1
61,9778.12,16550.07,,0.2481,1,2,1,0
74,64566.52,-357.69,427.0,0.3498,1,4,0,0
36,71232.91,12907.28,197.0,0.1407,2,5,0,0
74,40949.61,-2645.18,348.0,0.584,2,6,1,0
53,25652.21,4238.74,255.0,0.0747,1,4,0,0
28,8000.0,10778.49,386.0,0.1408,1,6,0,0
52,65350.63,9674.77,374.0,0.6564,2,3,1,0
63,95063.42,856.31,334.0,0.1491,1,3,1,0
21,89891.28,7074.35,170.0,0.448,2,2,1,0
22,40125.66,8407.57,197.0,0.2583,2,4,1,0
18,17683.1,1816.56,229.0,0.1114,2,2,0,0
50,65940.61,-5000.0,394.0,0.2059,2,1,1,0
21,41828.28,-1996.54,291.0,0.3824,0,4,0,0
71,56953.29,-33.83,82.0,0.2821,2,1,0,0
25,52568.79,3208.47,129.0,0.3694,2,1,0,0
22,47325.09,15739.04,149.0,0.4459,2,7,1,0
32,70712.85,10259.86,291.0,0.4253,2,1,1,0
61,71641.7,-3528.51,367.0,0.2677,1,3,0,0
69,31932.81,17692.18,71.0,0.4204,1,2,0,0
32,21922.19,2369.36,347.0,0.3571,1,7,1,0
47,8000.0,8378.29,298.0,0.1104,1,6,1,0
62,36345.97,-4511.89,99.0,0.3354,2,3,1,1
63,17666.87,-617.89,68.0,0.2939,0,6,1,0
26,55479.92,11303.51,70.0,0.2912,0,1,1,0
65,36603.33,-4030.98,372.0,0.418,2,2,0,0
67,39314.28,3441.37,113.0,0.3458,2,1,1,0
59,65299.15,6767.29,93.0,0.516,2,2,0,0
48,54931.37,-5000.0,200.0,0.4111,0,7,0,0
40,42082.75,-5000.0,310.0,0.4038,1,1,1,0
68,87160.64,10259.08,212.0,0.1533,1,2,1,0
67,63453.72,25907.06,278.0,0.1309,1,2,0,0
47,34603.48,6670.93,175.0,0.3791,1,5,0,0
60,35718.67,8205.98,204.0,0.3317,2,5,0,0
40,64709.49,-4072.58,280.0,0.2723,0,2,0,0
60,50071.14,,309.0,0.2414,2,4,0,0
23,16971.01,-14.13,353.0,0.1922,0,2,0,0
69,67367.82,12309.74,406.0,0.2973,2,7,1,0
47,76430.81,7858.38,157.0,0.1596,0,1,0,0
52,74534.72,8053.58,57.0,0.5793,0,6,1,1
28,83568.73,7746.45,44.0,0.3069,0,6,1,0
48,96729.95,7491.48,324.0,0.1968,2,4,1,0
18,,5267.12,206.0,0.4354,2,2,0,0
68,53516.54,10754.1,196.0,0.415,2,5,0,0
60,39789.3,-2808.39,352.0,0.1117,1,1,0,0
43,8000.0,1089.44,323.0,0.7198,1,1,0,0
65,45271.7,14744.71,438.0,0.3683,1,2,1,0
64,57978.4,4383.25,420.0,0.3187,2,7,1,0
24,46088.82,392.48,359.0,0.5171,2,7,0,0
21,8000.0,11278.96,313.0,0.3046,1,7,1,0
32,37834.47,9699.45,430.0,0.1402,2,1,1,0
18,61133.3,-5000.0,76.0,0.2466,2,3,1,0
50,19352.12,8839.45,458.0,0.1039,2,4,1,0
48,49142.28,4098.7,199.0,0.0575,1,6,0,0
48,55790.68,8695.21,119.0,0.2258,2,3,0,0
22,72949.19,3085.64,263.0,0.0213,1,6,1,0
70,87815.13,6714.41,429.0,0.2661,1,6,1,0
73,35554.35,-5000.0,60.0,0.1201,2,6,1,0
51,49593.93,-4159.48,83.0,0.0844,0,3,1,1
18,50376.73,8920.81,308.0,0.0915,0,1,1,0
40,61234.37,23971.49,321.0,0.2448,1,5,0,0
58,58435.08,5938.2,342.0,0.4277,1,5,0,0
60,80625.14,-2542.44,431.0,0.1805,2,3,1,0
31,8000.0,4083.28,366.0,0.161,1,6,1,0
64,55450.53,,389.0,0.1816,2,1,1,0
73,57185.28,12998.59,57.0,0.5379,2,4,1,0
46,39119.27,3384.64,171.0,0.2987,1,3,1,0
39,8000.0,11425.66,338.0,0.4363,1,5,1,0
47,43475.1,1772.36,393.0,0.1433,2,3,0,0
19,27235.98,12135.68,175.0,0.4822,2,5,1,0
47,86948.89,-5000.0,279.0,0.1366,0,2,1,1
19,54382.28,3195.82,101.0,0.4414,2,2,1,0
19,25112.88,7316.71,415.0,0.1488,1,5,1,0
49,8000.0,853.19,251.0,0.4015,2,7,1,0
47,59765.44,5876.08,45.0,0.1549,2,5,1,0
74,62403.73,5740.35,274.0,0.4747,2,4,0,0
46,39605.58,11390.67,127.0,0.3791,1,1,1,1
73,60091.89,7972.21,219.0,0.0926,1,5,1,0
64,36293.24,6143.42,166.0,0.1828,2,1,0,1
37,71680.38,10035.71,403.0,0.3649,2,5,1,0
70,69817.12,-5000.0,406.0,0.2378,2,1,0,0
45,8000.0,-3019.28,74.0,0.3034,2,7,1,0
51,10120.2,-5000.0,155.0,0.2452,0,3,1,1
23,95782.04,7388.82,195.0,0.2609,0,1,1,0
30,68304.91,6310.51,,0.2078,2,5,1,0
47,13440.47,14082.36,128.0,0.0121,1,3,0,1
33,8000.0,5813.33,336.0,0.1607,2,5,0,0
52,50194.3,-2053.61,23.0,0.5546,0,5,1,1
22,16442.12,4072.01,460.0,0.2809,1,4,1,0
32,37082.32,-5000.0,162.0,0.0243,2,4,1,0
55,43818.02,-265.81,128.0,0.3606,2,2,0,0
52,42739.04,-5000.0,344.0,0.6956,2,3,0,0
74,73163.46,5628.17,293.0,0.2713,1,4,1,0
69,90868.91,765.61,251.0,0.6238,1,6,1,0
64,33027.05,1941.79,446.0,0.1848,2,4,1,0
18,16733.52,-4452.67,200.0,0.5748,0,2,1,0
52,54721.15,-2350.85,259.0,0.3265,2,3,1,0
31,85787.0,8540.93,227.0,0.2948,1,5,0,0
33,34919.62,-5000.0,83.0,0.3207,2,5,0,0
29,66258.97,7045.5,150.0,0.4737,0,1,1,0
43,24071.61,-3489.78,289.0,0.1994,0,4,0,0
25,45531.78,-5000.0,58.0,0.327,0,6,1,1
48,15951.44,12810.75,350.0,0.5226,1,5,1,0
27,45270.8,13633.45,283.0,0.5878,2,4,1,0
46,42088.63,-1315.74,311.0,0.1519,2,7,1,0
53,60203.07,-1394.2,391.0,0.4321,1,1,0,0
28,89451.54,993.0,232.0,0.5078,1,6,1,0
23,35277.61,-3480.52,378.0,0.5941,0,5,0,0
63,8000.0,,359.0,0.3206,2,1,0,0
60,39947.4,6600.49,112.0,0.3687,2,4,1,0
32,52482.94,19591.15,130.0,0.4382,2,7,1,0
68,50047.5,162.32,208.0,0.1597,1,1,1,0
30,41064.43,11184.83,45.0,0.4219,2,5,1,0
70,82192.87,5823.14,265.0,0.4556,1,6,0,0
24,48405.36,-5000.0,437.0,0.2023,1,1,1,0
55,42380.09,2804.51,385.0,0.574,2,7,1,0
19,25557.35,1799.58,349.0,0.4127,0,2,1,0
29,8000.0,,,0.2091,2,3,1,0
41,53230.8,15041.23,384.0,0.4189,2,5,1,0
22,51135.45,6014.4,63.0,0.1872,2,7,1,0
44,18516.74,12714.07,197.0,0.4967,2,4,1,0
31,43890.69,1829.12,447.0,0.2506,1,4,1,0
23,41403.71,11954.85,365.0,0.4616,1,2,0,0
72,29387.49,3802.7,69.0,0.2302,1,5,1,0
73,25167.23,11781.4,250.0,0.3182,1,1,1,0
72,55127.04,12595.28,474.0,0.3135,2,4,1,0
26,39354.71,8731.61,214.0,0.5453,1,6,1,0
39,30225.16,-2932.7,287.0,0.1632,2,4,1,0
36,23458.2,-364.35,183.0,0.0654,1,2,1,0
36,41750.37,9018.04,239.0,0.3147,2,3,1,0
41,68112.09,10147.68,248.0,0.0164,0,3,1,0
47,50166.0,4267.12,90.0,0.1308,2,2,0,0
45,39071.95,501.67,452.0,0.3337,0,6,1,0
34,52712.26,4531.11,413.0,0.2381,2,6,1,0
73,79109.63,772.19,48.0,0.4206,2,4,1,0
73,57260.35,816.71,82.0,0.1568,1,6,0,0
36,51505.02,18680.27,309.0,0.0999,0,1,1,0
30,60963.24,-803.9,192.0,0.1666,2,3,1,0
48,41049.66,7062.31,326.0,0.2615,1,3,1,0
39,49601.7,4223.39,23.0,0.5377,2,3,0,1
74,32776.11,-5000.0,360.0,0.1256,2,5,1,0
42,8000.0,-5000.0,10.0,0.4783,1,5,0,1
20,53570.9,2351.06,94.0,0.0115,2,2,0,0
25,53667.0,-5000.0,350.0,0.1906,2,2,1,0
22,37807.18,17643.25,166.0,0.311,2,3,0,0
39,70895.53,107.08,99.0,0.1341,2,3,1,0
36,26959.92,-545.53,423.0,0.4617,0,7,0,0
66,8000.0,12784.51,288.0,0.5514,2,5,0,0
68,27572.1,1874.24,138.0,0.1745,1,3,1,0
26,8000.0,8208.35,347.0,0.1092,2,4,1,0
71,53450.91,-1580.68,64.0,0.2381,1,3,1,0
51,26198.05,3363.47,236.0,0.0619,2,7,0,0
35,69617.23,10747.83,90.0,0.2946,2,5,1,0
41,69094.97,-3894.51,315.0,0.6272,2,5,0,0
43,21875.65,7221.88,130.0,0.2912,1,1,1,1
27,24797.33,-5000.0,115.0,0.1387,1,7,1,0
67,58360.99,13124.04,122.0,0.2529,2,6,1,0
18,69495.99,-1451.33,392.0,0.3766,2,4,1,0
21,8000.0,2314.74,415.0,0.2831,1,3,0,0
33,52041.77,2216.37,98.0,0.6696,1,4,1,0
26,8000.0,-4798.85,75.0,0.0352,1,4,1,0
21,31287.1,-5000.0,283.0,0.3094,2,4,0,0
39,72341.42,7170.76,308.0,0.3892,2,2,1,1
39,120244.25,7546.68,401.0,0.501,2,3,0,0
25,39029.4,-4082.19,394.0,0.4269,0,2,0,0
64,13822.1,7328.51,380.0,0.228,2,6,1,0
68,32162.7,7463.15,20.0,0.0931,2,3,1,0
59,46651.74,-25.75,24.0,0.2418,1,4,1,0
47,28243.97,-5000.0,89.0,0.0917,1,4,1,0
72,21879.41,2699.65,,0.34,2,6,1,0
37,34328.75,5920.66,354.0,0.1343,2,2,0,0
42,54889.43,2529.08,409.0,0.779,1,7,1,0
18,40764.78,-1739.95,345.0,0.1353,1,2,1,0
58,,6735.76,408.0,0.408,2,5,1,0
23,28248.44,13122.6,178.0,0.2092,2,1,1,0
55,34653.54,-3162.37,305.0,0.1406,2,4,0,0
62,20014.34,615.94,65.0,0.64,2,3,0,0
30,27321.38,24945.14,52.0,0.0601,1,6,1,0
52,61090.9,5326.94,396.0,0.3335,1,5,1,0
35,39241.98,-5000.0,194.0,0.2871,2,4,0,0
40,8000.0,-820.66,348.0,0.3988,1,2,0,0
48,70623.72,-3055.37,461.0,0.2204,0,5,0,0
32,55418.0,6043.15,275.0,0.1977,1,5,1,0
63,10421.68,5461.82,51.0,0.2449,2,5,1,0
40,35865.52,-2091.9,315.0,0.2602,2,1,1,0
44,25197.53,17850.49,384.0,0.4089,1,3,0,0
64,61922.64,3681.07,132.0,0.1724,2,6,0,0
30,35708.69,-645.84,200.0,0.159,1,4,1,0
43,43180.67,-5000.0,301.0,0.5497,2,7,0,0
74,40270.14,-4158.12,357.0,0.3386,1,7,0,0
40,8000.0,-5000.0,86.0,0.5636,1,2,0,0
24,80134.9,1475.46,26.0,0.2706,2,3,1,0
34,61558.25,-4079.71,306.0,0.3742,2,5,1,0
72,26315.41,9271.87,4.0,0.6604,1,6,1,0
61,49796.55,-1675.46,217.0,0.5405,1,5,0,0
64,69352.95,9721.61,144.0,0.1957,1,4,0,0
32,46393.53,6931.74,210.0,0.1142,2,6,1,0
65,83918.85,8164.06,417.0,0.5911,2,7,1,0
40,117946.27,10173.99,449.0,0.5302,0,6,1,0
63,41846.96,18946.59,326.0,0.2155,1,2,0,0
68,30436.76,-3791.98,178.0,0.1558,2,3,0,1
29,20264.77,9767.99,293.0,0.4182,1,6,1,0
71,8000.0,6184.95,66.0,0.2015,2,5,1,0
54,76203.63,11506.24,478.0,0.413,0,3,0,0
59,36162.65,3886.38,419.0,0.0577,1,1,1,0
61,66883.89,12408.09,166.0,0.2222,2,5,1,0
27,71911.3,-5000.0,11.0,0.1102,2,6,1,0
60,17975.74,-5000.0,408.0,0.5408,2,1,0,0
30,21729.65,-1553.68,14.0,0.2379,1,4,1,0
33,88617.17,2402.0,52.0,0.1662,1,2,0,0
24,43248.37,3370.85,2.0,0.376,1,3,1,1
28,28492.81,-2920.22,81.0,0.2764,1,7,1,0
73,18870.67,-4926.98,440.0,0.2021,2,1,0,0
36,41463.61,-2242.32,229.0,0.1703,0,4,1,0
40,82697.36,-5000.0,80.0,0.2313,2,1,1,0
45,62135.95,694.92,460.0,0.3668,0,3,0,0
58,49544.06,2532.75,199.0,0.2663,2,3,1,0
50,84713.02,6528.29,337.0,0.2047,0,2,0,0
48,79894.38,4334.97,261.0,0.0411,1,5,0,0
65,53353.06,17347.19,54.0,0.2483,1,4,1,0
46,114402.99,9498.99,340.0,0.4032,0,7,0,0
61,38814.42,8898.51,458.0,0.1502,0,5,0,0
69,72450.71,5917.61,468.0,0.2881,2,7,1,0
56,35175.08,7285.8,367.0,0.0303,0,3,1,0
20,67571.21,1234.08,322.0,0.2564,2,5,1,0
33,38790.32,3796.97,353.0,0.2043,1,2,1,0
53,56534.21,18372.46,465.0,0.6775,2,4,0,0
45,104753.4,2439.56,264.0,0.2992,2,6,1,0
34,,-5000.0,435.0,0.0481,1,1,1,0
37,56921.03,8574.46,188.0,0.3338,2,3,1,0
22,25632.43,10001.67,152.0,0.1786,1,2,1,0
31,49705.72,4236.19,52.0,0.698,1,7,0,0
62,19799.94,-5000.0,221.0,0.1811,2,4,1,0
18,67174.41,13292.85,297.0,0.2559,1,4,0,0
65,66546.94,4839.25,195.0,0.6175,2,7,1,0
37,40509.11,517.93,61.0,0.11,1,7,1,1
64,86588.3,12504.47,211.0,0.2477,1,6,1,1
32,83072.4,-5000.0,283.0,0.4873,1,1,1,0
65,48741.16,3894.89,56.0,0.2842,2,3,1,0
50,59137.78,-1326.35,259.0,0.1994,2,5,1,0
66,30288.57,14937.17,183.0,0.3426,2,6,1,0
21,38195.49,4943.06,286.0,0.1126,1,1,1,0
63,18049.81,-3917.24,2.0,0.1389,1,7,0,0
33,33041.58,12105.88,396.0,0.1299,2,2,1,0
38,42390.28,-5000.0,191.0,0.4461,0,7,0,0
20,8000.0,7063.21,197.0,0.2063,1,5,1,0
72,59420.35,-5000.0,53.0,0.197,1,7,1,0
54,70553.21,-699.5,209.0,0.4584,2,5,0,0
73,44802.06,1074.58,190.0,0.2233,2,3,0,0
50,8000.0,10280.9,28.0,0.1617,2,3,1,0
27,38675.18,20627.29,277.0,0.3282,2,4,1,0
37,10165.34,-5000.0,138.0,0.4219,2,6,0,0
43,29759.52,6570.43,171.0,0.3065,2,6,1,0
26,81298.41,20619.65,38.0,0.099,2,7,0,1
71,8000.0,-1583.44,,0.2414,0,6,1,0
72,24590.94,-2079.99,68.0,0.1429,0,4,1,0
50,65739.24,4887.57,285.0,0.2281,2,6,0,0
51,27451.85,9630.68,204.0,0.2233,2,3,1,0
58,25539.25,8260.78,356.0,0.3623,2,6,1,0
56,95810.15,130.38,195.0,0.3046,1,4,0,0
21,,-3420.3,314.0,0.6352,2,7,0,0
48,68357.56,13529.04,449.0,0.6124,1,6,0,0
62,57366.74,-3196.57,124.0,0.5202,2,5,1,0
63,49042.43,-5000.0,57.0,0.1932,2,4,1,0
51,76600.62,-5000.0,291.0,0.1591,2,3,1,0
69,92633.67,-1609.12,71.0,0.5965,2,3,0,1
51,8000.0,14940.04,105.0,0.6954,2,3,1,0
39,44117.07,-5000.0,360.0,0.2349,1,5,1,0
43,43920.03,15175.35,328.0,0.2752,2,5,1,0
57,34268.07,13454.55,10.0,0.11,1,6,0,0
68,69526.52,4801.85,282.0,0.3302,2,4,1,0
31,51422.19,-5000.0,312.0,0.0799,2,1,1,0
34,93136.82,-5000.0,154.0,0.3929,2,7,0,0
55,72506.66,-2068.29,358.0,0.3918,2,6,0,0
61,79117.56,16845.61,346.0,0.1475,2,1,1,0
40,,-1553.34,301.0,0.1839,0,3,1,0
54,24847.85,-3183.46,120.0,0.3084,2,5,0,0
18,26907.71,4506.42,138.0,0.2435,2,4,1,0
34,78077.97,,262.0,0.5853,2,6,1,0
72,20820.59,2803.03,49.0,0.5297,1,5,1,1
50,21551.64,-3388.46,197.0,0.2128,1,2,0,1
67,16966.11,24502.0,477.0,0.5053,2,2,1,0
30,113825.68,-4340.99,308.0,0.1595,1,1,0,0
34,41444.2,18439.48,412.0,0.3529,2,6,0,0
73,58247.2,-5000.0,155.0,0.396,2,3,0,0
74,16484.57,5102.2,350.0,0.4738,2,4,0,0
67,,7002.51,352.0,0.3201,0,2,1,0
36,8000.0,4134.12,89.0,0.6474,1,1,1,0
63,20524.93,3643.21,105.0,0.2137,1,2,1,1
44,26715.65,9891.65,206.0,0.2392,0,6,1,0
66,50471.79,6338.94,305.0,0.2432,2,7,1,0
66,25172.94,1616.78,340.0,0.1215,2,5,0,0
42,83099.95,-2395.47,468.0,0.3034,2,7,0,0
35,57580.58,1674.06,48.0,0.1985,1,1,1,1
73,27759.91,1575.3,307.0,0.1268,0,1,1,0
43,69940.43,1417.88,,0.2257,2,6,1,0
42,35167.89,3609.6,81.0,0.4654,2,6,1,0
55,30239.08,-5000.0,458.0,0.194,1,2,1,0
71,67395.39,-5000.0,404.0,0.0604,2,7,0,0
25,8000.0,9654.19,72.0,0.3924,2,4,1,0
74,63370.43,-5000.0,101.0,0.1488,1,7,0,1
42,27172.63,12576.26,94.0,0.194,2,4,1,0
19,27134.82,-1471.37,44.0,0.3751,2,5,1,0
35,93953.42,16355.77,174.0,0.095,0,2,1,0
44,31719.68,12809.72,211.0,0.1468,1,7,0,0
56,68897.87,380.8,216.0,0.1189,2,5,1,0
50,51981.12,1210.27,399.0,0.0941,2,4,0,0
25,54574.78,15746.09,211.0,0.1546,1,1,1,0
45,38736.44,13185.87,91.0,0.0614,1,5,1,0
31,37432.11,10781.92,330.0,0.0813,2,1,1,0
33,,12153.53,307.0,0.2535,2,2,1,0
58,68261.5,-5000.0,225.0,0.4623,1,6,0,0
63,32507.98,4642.38,308.0,0.2442,2,1,0,0
26,18853.1,-3163.01,88.0,0.3389,2,4,1,0
52,30388.16,-5000.0,374.0,0.5973,2,3,1,0
42,69537.38,4311.1,125.0,0.4523,2,7,1,0
37,74467.29,-310.74,23.0,0.0888,2,4,1,0
58,58873.59,1670.0,197.0,0.3179,0,2,1,0
32,8000.0,-1000.28,115.0,0.4565,2,6,0,0
61,63844.48,-5000.0,249.0,0.0977,1,7,0,0
40,77589.46,16574.34,222.0,0.2584,1,2,1,0
23,49338.91,4246.61,443.0,0.2623,0,1,0,0
63,94495.08,-5000.0,199.0,0.1694,1,6,1,0
66,11975.73,4455.77,46.0,0.2219,1,2,1,1
50,62120.19,15171.12,246.0,0.468,1,4,1,1
59,19494.47,10669.82,386.0,0.1513,2,4,1,0
26,71463.55,-1149.78,127.0,0.1645,1,1,1,0
37,60321.52,-957.66,149.0,0.2303,1,5,1,0
37,90033.9,-4656.6,86.0,0.1145,2,5,1,1
61,57492.71,-2938.03,348.0,0.1376,2,1,0,0
38,34899.85,-2287.09,80.0,0.2245,0,2,1,0
59,32723.24,-5000.0,123.0,0.1825,1,4,1,0
35,38745.57,,41.0,0.2323,0,1,1,0
52,32231.9,5751.83,184.0,0.1222,1,2,0,0
29,78677.72,-311.98,416.0,0.2073,0,6,1,0
49,76890.96,4738.83,212.0,0.1246,1,2,0,0
22,8000.0,15975.47,56.0,0.1016,1,1,1,0
59,45959.0,17685.32,360.0,0.4454,1,3,0,0
19,46562.29,2456.58,170.0,0.2436,2,5,0,0
74,25467.62,10041.46,79.0,0.5195,2,1,0,0
65,55956.25,1666.83,9.0,0.3249,2,6,0,0
50,81521.27,-902.99,166.0,0.5087,2,5,0,1
69,67295.22,-5000.0,75.0,0.22,1,2,1,0
64,78676.71,3692.9,253.0,0.4159,0,2,0,0
26,27038.3,11675.06,207.0,0.3509,1,7,0,0
60,45912.69,-5000.0,315.0,0.0459,2,2,1,0
39,25858.81,703.25,131.0,0.3645,2,5,1,0
66,50985.75,317.27,36.0,0.1153,2,7,1,0
67,53236.27,4975.03,54.0,0.3792,2,6,1,0
72,68995.95,5102.13,45.0,0.5677,1,6,0,1
43,77837.3,7297.88,128.0,0.414,2,5,1,0
29,62224.43,18175.86,344.0,0.1022,2,1,1,0
25,23495.75,-3963.97,262.0,0.1653,2,6,1,0
27,11195.68,-4403.62,175.0,0.3249,2,5,1,0
74,58000.5,4978.92,114.0,0.2838,0,3,1,0
51,82513.03,14621.79,79.0,0.1794,1,6,1,0
38,44380.2,-5000.0,70.0,0.0974,1,1,0,0
43,8000.0,5650.98,,0.4509,2,2,0,0
27,97118.9,1389.29,239.0,0.5707,1,5,0,0
50,57235.11,9834.31,287.0,0.2814,2,7,1,0
42,49278.54,8025.52,453.0,0.3509,1,1,1,0
63,15800.72,3388.13,457.0,0.2993,1,5,1,0
19,45405.41,6900.18,125.0,0.1729,1,7,0,0
71,62172.1,-2266.22,351.0,0.1802,1,2,1,0
21,57575.52,9401.79,62.0,0.4564,2,2,0,0
41,28002.82,14092.19,382.0,0.4724,2,5,0,0
37,43573.37,3801.28,446.0,0.3449,1,4,0,0
58,29599.83,-263.62,292.0,0.5281,2,6,1,0
55,86604.04,1838.78,258.0,0.3758,1,2,1,0
29,67371.85,9317.65,178.0,0.3101,1,3,1,0
45,31891.63,2665.07,424.0,0.1638,1,1,0,0
48,15788.26,-5000.0,461.0,0.2738,1,3,1,0
44,51945.38,10616.84,339.0,0.1057,2,4,1,0
19,32679.57,-4862.68,39.0,0.1355,1,5,0,1
28,,6395.95,421.0,0.0361,1,2,1,0
46,16619.65,-5000.0,388.0,0.4503,2,5,1,0
32,19714.78,3865.21,172.0,0.0711,2,2,1,0
49,49066.75,2453.63,123.0,0.1724,2,2,1,0
27,38328.04,-5000.0,368.0,0.6864,2,6,0,0
59,107412.86,5662.52,291.0,0.2916,1,2,0,0
28,59856.34,-5000.0,360.0,0.1696,1,3,1,0
55,16207.62,3678.02,471.0,0.2957,2,7,1,0
65,8000.0,-293.87,177.0,0.5347,2,4,0,0
38,54954.28,-5000.0,404.0,0.0837,1,5,1,0
25,,-5000.0,225.0,0.2117,0,5,1,0
18,78286.87,-4725.55,408.0,0.1461,2,2,1,0
38,52046.6,10859.3,116.0,0.3582,2,5,1,0
24,8000.0,9686.52,395.0,0.2981,2,3,1,0
68,19514.39,20556.01,338.0,0.1974,1,4,0,0
73,28117.95,-1095.01,217.0,0.5346,1,1,1,0
73,56050.92,-1352.53,441.0,0.1151,1,4,1,0
70,18681.19,4078.98,188.0,0.2342,2,6,1,0
51,48820.44,157.87,356.0,0.1465,2,5,1,0
36,11596.25,-1660.5,248.0,0.4037,0,3,1,0
43,45154.64,3435.4,67.0,0.6598,2,6,1,0
32,54250.65,8628.87,136.0,0.0943,1,3,0,0
65,81537.76,-5000.0,384.0,0.1242,0,4,1,0
42,51139.39,-1577.61,,0.1779,1,2,1,0
39,24581.63,-5000.0,408.0,0.1749,2,3,0,0
57,82325.13,1769.35,60.0,0.4162,1,7,1,1
39,40420.55,6461.04,369.0,0.1827,2,6,0,0
38,64339.17,11935.53,428.0,0.1291,2,3,0,0
30,29677.61,-469.96,476.0,0.1725,1,5,0,0
21,47269.46,3850.18,353.0,0.5504,0,1,0,0
20,24968.3,-5000.0,226.0,0.5953,1,7,0,0
40,53056.5,-3883.73,29.0,0.1337,2,1,1,0
74,65095.7,4657.14,98.0,0.1199,1,3,1,0
32,32630.02,-5000.0,316.0,0.6108,1,4,1,0
54,31224.8,12896.1,423.0,0.3473,0,7,0,0
36,53920.46,7188.13,364.0,0.4403,2,1,1,0
35,24374.6,-4236.65,291.0,0.3569,1,3,1,0
27,8000.0,-5000.0,413.0,0.1824,2,7,1,0
50,53829.91,-2754.38,147.0,0.1703,1,2,0,0
55,42307.57,-4194.56,157.0,0.2501,2,3,1,0
37,41778.52,-5000.0,42.0,0.4823,1,4,1,0
48,58026.76,,302.0,0.3688,2,2,1,0
45,61518.76,1156.8,87.0,0.1495,1,2,1,0
33,40974.95,8858.09,132.0,0.6233,0,7,0,1
57,16933.26,-2688.66,45.0,0.2857,0,3,1,0
49,29035.33,6559.07,407.0,0.071,1,3,0,0
21,59624.1,378.06,98.0,0.1946,0,3,0,0
46,48410.07,7898.53,420.0,0.3667,2,4,1,0
40,31256.02,-3291.82,111.0,0.4476,2,1,0,0
63,25390.34,5247.93,36.0,0.5429,2,2,1,1
35,60445.57,3961.05,469.0,0.1961,0,7,1,0
72,39458.69,13898.56,136.0,0.233,2,5,1,0
53,63817.92,,346.0,0.1094,1,7,1,0
25,66983.39,5048.06,49.0,0.261,2,2,1,1
40,37179.01,-5000.0,89.0,0.5695,2,4,1,1
68,68741.19,-1201.99,191.0,0.612,1,4,1,0
32,48460.24,-3403.18,362.0,0.6338,2,1,1,0
58,51693.96,-3577.64,2.0,0.1922,2,5,1,0
62,8000.0,3124.05,303.0,0.3373,1,5,0,0
57,20726.97,4926.57,375.0,0.4532,2,2,1,0
23,22082.64,5239.53,48.0,0.4727,1,3,1,1
39,37033.63,13091.55,207.0,0.2437,0,1,1,0
37,47858.78,6868.39,454.0,0.2914,1,3,0,0
37,48881.26,-5000.0,256.0,0.2653,1,6,1,0
68,52143.67,4620.33,,0.1417,1,4,1,0
18,27876.39,7675.02,356.0,0.1817,1,3,0,0
48,62284.07,13097.51,198.0,0.3147,1,5,0,0
73,90232.21,1766.47,341.0,0.2077,0,5,1,1
67,36166.88,1844.26,454.0,0.4823,2,2,1,0
52,28408.3,11631.17,151.0,0.0802,1,3,1,0
74,27866.7,4428.67,23.0,0.197,1,1,1,0
40,47136.7,-5000.0,375.0,0.1541,1,3,0,0
52,31855.92,-5000.0,150.0,0.4881,2,2,1,0
48,8000.0,17726.22,307.0,0.3842,0,7,1,0
20,,-5000.0,76.0,0.4855,2,6,1,1
20,70504.75,1662.3,104.0,0.1763,2,7,0,0
69,77044.85,10064.94,363.0,0.0644,2,4,1,0
27,84997.24,-5000.0,14.0,0.3844,1,6,1,1
38,,-5000.0,238.0,0.184,2,1,1,0
53,20227.36,-5000.0,362.0,0.1313,2,5,1,0
50,34049.6,17409.01,225.0,0.1984,1,2,1,0
47,8000.0,19145.23,79.0,0.5598,2,3,1,0
73,8000.0,-2873.37,304.0,0.1337,1,7,0,0
62,51381.57,7635.99,54.0,0.1214,2,4,0,0
71,58475.29,5464.5,278.0,0.335,2,3,0,0
55,93959.34,753.65,201.0,0.2401,2,5,1,0
73,42922.66,-5000.0,260.0,0.027,2,3,0,0
52,11054.13,21459.71,442.0,0.2633,1,3,1,0
48,41951.99,-5000.0,424.0,0.4135,2,6,0,0
64,37938.52,4696.84,344.0,0.6974,2,4,0,0
67,32719.21,-2180.78,237.0,0.1125,2,5,1,0
21,53593.74,11064.49,383.0,0.493,2,1,1,0
69,14638.19,9767.57,48.0,0.0939,2,2,1,1
57,48268.04,-4830.51,129.0,0.214,2,4,1,0
69,61289.08,-3321.01,222.0,0.1588,2,2,1,0
58,80493.44,-5000.0,400.0,0.0844,2,5,0,0
70,52759.4,,185.0,0.3099,2,3,0,0
33,71078.01,8687.02,199.0,0.5603,2,2,1,0
28,33902.6,-533.31,456.0,0.3493,1,3,1,0
29,37392.74,1041.57,470.0,0.0814,1,6,0,0
32,78696.18,18262.77,18.0,0.4651,2,5,1,1
30,10710.39,10489.9,273.0,0.3492,1,6,1,0
43,34921.49,13782.12,332.0,0.1999,2,4,0,0
29,73211.16,-5000.0,290.0,0.2288,2,4,1,0
27,39722.21,7377.54,464.0,0.1855,2,3,0,0
47,37859.95,5010.98,439.0,0.3239,2,5,0,0
63,38366.7,-5000.0,120.0,0.1318,1,3,1,0
25,47928.79,,455.0,0.3935,0,5,0,0
47,72152.1,1252.51,201.0,0.3204,0,5,1,1
55,68105.79,-5000.0,8.0,0.1796,1,5,1,1
58,45286.43,-3389.6,172.0,0.2196,0,7,0,0
23,72309.71,-692.74,111.0,0.428,1,6,1,0
59,53544.82,7588.15,444.0,0.5269,0,2,1,0
19,66478.0,-2654.45,294.0,0.4974,0,6,1,0
31,19290.76,-577.9,148.0,0.126,2,1,1,0
36,,11194.68,1.0,0.2279,1,7,1,1
66,50505.33,-5000.0,176.0,0.1018,2,4,1,0
28,8000.0,4818.29,152.0,0.4548,1,2,1,0
62,86488.18,6115.23,215.0,0.2295,1,5,1,0
74,45126.37,6334.63,94.0,0.1431,0,3,1,1
72,35112.65,-1010.84,257.0,0.3975,2,1,0,0
35,29857.92,-5000.0,251.0,0.492,1,3,0,0
23,55987.55,15156.12,346.0,0.2576,2,2,0,0
30,22790.28,-3851.96,286.0,0.3338,1,2,1,0
61,30577.34,-5000.0,348.0,0.1034,1,5,0,0
29,31178.05,3161.61,90.0,0.2612,1,4,0,0
54,37693.82,-2912.98,65.0,0.2015,0,3,1,1
39,32119.79,11406.43,257.0,0.4644,2,2,0,0
61,66320.35,878.6,475.0,0.2803,1,2,0,0
52,51776.56,12443.79,190.0,0.0838,1,3,1,0
51,54825.92,6590.2,350.0,0.602,2,7,0,0
62,60265.06,-105.68,475.0,0.2482,1,4,1,0
72,42672.64,11912.13,45.0,0.393,1,3,0,0
38,19492.27,-2206.7,31.0,0.3405,2,1,1,0
48,90129.31,438.85,,0.183,0,7,1,0
53,68188.37,7233.27,403.0,0.2766,2,2,0,0
64,85320.68,4813.0,321.0,0.2851,2,7,1,0
45,70863.46,-2389.49,479.0,0.5131,2,5,0,0
39,33490.71,-5000.0,18.0,0.3882,0,5,1,1
66,8000.0,2850.85,259.0,0.2409,2,7,1,0
72,14272.59,-2816.95,,0.4945,1,7,1,0
50,60913.05,3237.17,326.0,0.3599,0,7,1,0
23,42456.3,-367.79,16.0,0.3325,2,6,1,0
34,34503.75,-2740.54,61.0,0.1101,1,2,0,0
44,8000.0,854.75,478.0,0.1692,2,7,0,0
58,44671.82,2412.6,168.0,0.1343,1,6,1,0
56,17955.54,8560.08,88.0,0.091,0,3,0,0
64,26890.44,6385.51,87.0,0.3248,0,1,1,0
19,66252.6,19755.39,82.0,0.0886,1,3,1,0
44,19271.45,4131.49,279.0,0.4181,1,3,0,0
57,,-2383.45,241.0,0.012,2,5,1,0
74,49639.51,1669.64,452.0,0.1747,1,2,1,0
26,66809.05,7546.59,229.0,0.1241,0,3,1,0
68,34932.35,11027.41,14.0,0.2718,1,3,1,1
18,81680.39,13731.76,254.0,0.555,2,2,1,0
29,13033.27,-5000.0,237.0,0.4404,2,3,1,0
66,8648.61,13245.39,157.0,0.3035,1,4,1,0
62,8000.0,2631.83,347.0,0.2355,1,6,1,0
73,8000.0,-4415.61,451.0,0.1863,1,5,0,0
52,53413.72,1369.78,206.0,0.2507,0,5,1,0
53,20555.27,12686.04,348.0,0.5195,0,3,1,0
48,9745.19,6658.2,258.0,0.0306,1,4,1,0
47,54494.92,-5000.0,348.0,0.0766,0,7,0,0
47,65598.73,-5000.0,217.0,0.52,1,3,1,0
34,71271.46,-5000.0,124.0,0.206,2,6,1,0
66,66882.11,-2852.31,286.0,0.1783,2,1,1,0
38,22047.41,3619.6,188.0,0.2762,1,2,0,0
52,51902.27,-5000.0,32.0,0.5532,2,2,0,0
56,57421.79,-426.61,355.0,0.3094,0,4,0,0
48,33127.92,14216.29,262.0,0.6124,2,1,0,0
52,49118.8,15942.47,292.0,0.3638,2,6,0,0
20,13709.54,15403.79,245.0,0.3686,1,3,1,0
36,29310.0,-5000.0,425.0,0.0294,2,3,1,0
43,54294.68,16389.78,87.0,0.2828,2,1,1,0
40,82688.57,3733.58,38.0,0.3445,1,4,1,1
69,73785.99,3623.76,256.0,0.0433,0,4,1,0
69,61521.46,11231.23,417.0,0.1066,1,2,1,0
58,,8627.67,222.0,0.0302,2,5,1,0
38,43119.24,-5000.0,201.0,0.2896,1,7,0,0
20,8810.0,-1899.73,284.0,0.6735,2,6,1,0
61,24112.34,71.45,164.0,0.3126,1,7,0,0
68,24928.63,-5000.0,270.0,0.2352,2,2,0,0
45,59368.98,10977.25,463.0,0.3563,1,6,1,0
65,68623.69,14511.44,194.0,0.2589,2,4,1,0
71,63414.34,2915.5,232.0,0.8319,2,2,0,0
49,74566.66,5388.74,374.0,0.3168,0,5,0,0
29,46806.44,2909.74,322.0,0.3354,1,1,0,0
19,20426.75,3793.23,171.0,0.061,0,2,1,0
61,43751.68,11941.46,251.0,0.6342,2,1,0,0
50,26879.07,-5000.0,227.0,0.2787,2,4,1,0
26,61446.5,6888.83,191.0,0.2972,1,3,0,0
21,36022.81,3094.83,204.0,0.5196,1,4,0,0
73,42536.71,-2707.77,7.0,0.1181,1,5,0,0
36,62340.56,-1026.82,233.0,0.3597,0,4,1,0
36,26472.64,17658.96,150.0,0.1948,1,6,0,0
53,69099.41,-5000.0,384.0,0.2541,1,7,0,0
38,11310.09,1651.54,302.0,0.1873,0,6,1,0
70,,16035.89,340.0,0.6139,0,7,1,1
56,42727.53,-5000.0,127.0,0.4173,1,7,0,1
38,65683.54,-649.32,20.0,0.5922,1,2,1,0
33,10640.65,3338.48,184.0,0.0473,2,7,1,0
67,8000.0,6301.28,237.0,0.4612,2,3,1,0
51,63751.11,2357.5,207.0,0.4033,2,6,1,0
70,35226.95,-4162.91,59.0,0.0843,2,7,1,1
37,42729.95,6579.22,97.0,0.3358,2,7,0,0
19,28506.27,2195.18,350.0,0.0813,1,7,1,0
69,67820.26,8022.05,433.0,0.2748,2,4,0,0
31,52480.41,10389.55,,0.107,2,2,1,0
66,51016.6,-5000.0,243.0,0.4188,0,7,1,0
58,15759.49,11265.04,297.0,0.2683,2,4,0,0
31,57537.64,962.97,291.0,0.2926,2,6,1,0
61,20194.68,9601.69,182.0,0.1971,2,3,1,0
22,28536.17,6950.98,157.0,0.3084,2,2,1,0
40,10866.31,17832.66,34.0,0.3763,2,3,1,0
38,41086.46,3050.03,,0.718,2,6,1,1
55,71611.83,-226.52,159.0,0.5451,2,1,0,0
48,50667.37,-1103.73,176.0,0.2118,1,5,0,0
52,33954.48,-5000.0,252.0,0.1949,0,6,1,0
45,47728.66,9464.82,466.0,0.0439,1,7,0,0
60,47590.35,-5000.0,422.0,0.1613,1,2,1,0
27,46651.72,9394.63,93.0,0.3871,2,6,0,0
58,49433.36,1212.02,246.0,0.3236,0,5,1,0
20,19000.14,-5000.0,267.0,0.3794,0,5,0,0
22,47663.46,14906.17,472.0,0.2021,1,1,0,0
59,8000.0,-5000.0,194.0,0.49,1,3,1,0
27,59390.59,2345.93,177.0,0.2165,1,3,1,1
61,17431.27,4871.67,365.0,0.0988,2,1,1,0
25,74439.95,-5000.0,0.0,0.1945,2,7,1,0
26,8000.0,6530.03,46.0,0.2279,0,1,1,1
71,86860.62,-2358.3,,0.2482,1,6,1,0
28,8000.0,1011.85,159.0,0.5069,2,6,0,0
70,15001.63,13744.08,105.0,0.2632,2,2,1,0
37,52476.43,4141.76,396.0,0.362,0,1,0,0
63,60467.87,195.49,117.0,0.1708,2,6,1,0
71,37915.36,1636.32,12.0,0.2837,1,3,0,0
24,67315.15,17208.83,8.0,0.1341,2,6,0,0
36,25086.14,6236.91,436.0,0.2143,0,5,1,0
50,35007.7,-4070.1,255.0,0.118,2,1,1,0
67,37448.05,-906.54,6.0,0.3554,1,4,1,0
28,31540.1,-5000.0,118.0,0.4957,2,1,0,1
28,8000.0,-613.68,157.0,0.5345,0,7,1,0
38,44383.32,15863.15,477.0,0.4202,2,4,1,0
29,42124.82,1669.33,258.0,0.4556,2,2,1,0
33,71954.57,-5000.0,401.0,0.3395,2,4,1,0
25,12851.39,6447.42,215.0,0.2699,1,6,0,1
65,29014.82,-140.62,346.0,0.6263,0,1,1,0
63,75087.28,7491.28,17.0,0.079,1,4,1,1
26,52332.22,1060.81,169.0,0.3588,1,6,1,0
48,58734.49,,220.0,0.3758,1,7,1,0
54,56335.84,-4285.17,34.0,0.1506,2,2,1,0
53,56446.79,-5000.0,127.0,0.2735,2,5,0,0
74,90526.25,10500.8,321.0,0.308,1,2,1,0
54,47288.52,-5000.0,328.0,0.0389,2,6,0,0
57,19716.42,1624.54,10.0,0.5608,1,7,1,0
19,60969.94,9404.91,126.0,0.1937,2,1,1,0
22,30836.21,-5000.0,211.0,0.1126,2,1,0,0
53,42251.58,3517.14,130.0,0.1964,0,7,0,0
69,54254.53,-5000.0,25.0,0.1085,2,7,1,0
40,24466.14,-5000.0,18.0,0.2631,1,3,1,0
54,32242.63,-5000.0,268.0,0.6652,1,6,0,0
29,56896.21,1532.86,176.0,0.1925,1,1,1,0
44,31283.88,-2647.0,268.0,0.3812,1,3,1,0
60,69334.63,11856.53,339.0,0.2896,1,1,0,0
55,20346.06,3659.09,254.0,0.5204,1,6,0,0
24,20261.89,-911.65,267.0,0.4319,2,2,1,0
68,92651.4,-5000.0,343.0,0.5483,1,4,1,0
70,8000.0,4792.87,87.0,0.2797,0,3,1,1
45,44332.09,19471.19,109.0,0.1105,2,2,1,0
37,91287.1,-2623.33,348.0,0.1425,2,7,0,0
48,44285.21,-1684.41,116.0,0.3385,1,5,0,0
63,78669.27,-5000.0,419.0,0.1309,1,6,1,1
43,61311.87,12473.43,199.0,0.2915,1,7,1,1
19,44819.95,10416.04,38.0,0.262,2,1,0,0
22,41733.87,-570.17,337.0,0.0924,0,4,0,0
64,8000.0,-1792.35,204.0,0.2094,1,1,0,0
62,,-4550.82,56.0,0.1531,2,6,1,0
62,50805.46,685.51,102.0,0.1152,1,5,1,0
25,50791.57,11159.03,425.0,0.1391,2,2,1,0
27,106646.47,3332.2,220.0,0.5935,0,7,0,0
40,52023.95,13301.18,121.0,0.2004,1,3,1,0
31,60753.63,-2761.29,260.0,0.1692,0,3,1,0
40,74124.08,-5000.0,61.0,0.1595,0,4,1,0
49,58512.53,23842.68,187.0,0.3688,2,1,1,0
33,42848.77,4716.67,287.0,0.1349,2,1,1,0
25,42970.32,9228.21,459.0,0.3212,0,6,0,0
40,36233.64,-3300.12,132.0,0.4092,1,5,0,0
59,56105.28,-5000.0,396.0,0.3151,2,3,0,0
53,40741.98,4237.99,196.0,0.4375,1,1,0,0
36,60623.41,-5000.0,427.0,0.0979,1,2,1,0
35,19772.82,863.51,,0.1619,0,7,0,1
51,48671.21,11178.49,65.0,0.3589,1,3,0,1
27,83801.68,6587.77,223.0,0.1237,1,5,1,0
65,39384.41,5039.22,378.0,0.2317,0,4,1,0
67,91075.04,16949.92,145.0,0.2476,1,2,0,0
19,49091.79,6002.74,57.0,0.3186,2,1,1,1
73,43587.3,-5000.0,81.0,0.2617,0,7,0,1
19,47915.46,1807.44,139.0,0.2741,1,4,0,0
44,37214.42,18402.54,185.0,0.046,0,7,0,0
56,8000.0,524.51,275.0,0.5009,2,5,0,0
36,67004.37,17912.77,369.0,0.2223,2,4,1,0
29,99817.83,11189.15,61.0,0.3973,0,7,1,0
20,57010.73,-267.81,366.0,0.2118,1,7,1,0
59,58533.02,-5000.0,473.0,0.1864,2,2,0,0
20,40435.18,5719.15,173.0,0.1929,2,2,1,0
45,73944.73,13164.0,98.0,0.1618,0,2,0,0
40,44018.21,-5000.0,467.0,0.3471,2,6,0,0
73,51680.5,3963.1,437.0,0.2813,2,5,1,0
71,8000.0,-5000.0,60.0,0.3865,2,7,1,0
64,31766.45,283.27,405.0,0.3398,1,7,1,0
59,54183.83,-5000.0,410.0,0.4062,2,2,0,0
48,67680.29,7497.89,145.0,0.2436,2,5,1,0
37,68373.49,-2511.98,469.0,0.2269,1,5,1,0
27,8000.0,12264.29,91.0,0.1473,2,6,1,0
73,8055.51,-1323.93,275.0,0.1465,0,4,1,0
39,59603.43,-2052.58,337.0,0.5141,0,6,0,0
42,26329.79,-5000.0,28.0,0.1433,2,6,1,0
26,67364.82,6128.4,441.0,0.1913,1,3,0,0
33,8000.0,6936.81,442.0,0.2395,2,1,1,0
54,42539.75,10517.95,180.0,0.2483,2,4,0,0
42,44144.08,8241.61,209.0,0.2595,2,6,1,0
51,57011.68,6210.16,177.0,0.4494,2,2,1,0
30,19221.0,7766.81,82.0,0.2476,1,6,0,0
22,8000.0,8574.65,424.0,0.4969,2,4,0,0
68,49281.82,10261.25,427.0,0.4113,0,3,1,0
42,58160.76,-5000.0,275.0,0.414,1,6,1,0
38,70186.37,-694.54,204.0,0.3682,2,1,1,0
34,36036.21,-5000.0,325.0,0.3101,2,3,1,0
55,64392.04,5657.07,239.0,0.2645,1,2,1,0
50,57144.34,16039.68,361.0,0.1668,0,6,0,0
40,78060.13,10170.73,274.0,0.2208,0,5,0,0
71,43615.3,-1856.42,83.0,0.1266,1,4,0,1
69,8000.0,7043.31,435.0,0.1328,0,1,1,0
29,43308.51,5791.52,205.0,0.2304,2,5,0,0
54,47211.27,4865.04,241.0,0.3131,2,4,1,0
73,57954.86,-5000.0,318.0,0.2681,1,2,1,0
45,8000.0,13521.08,426.0,0.2559,1,3,0,0
19,37198.88,-5000.0,201.0,0.3616,1,2,0,0
25,66702.59,66.05,81.0,0.0892,2,5,0,0
56,42397.86,10673.13,50.0,0.1587,0,5,1,1
69,37356.64,12.67,296.0,0.2028,2,5,1,0
25,92658.16,3634.41,201.0,0.4955,1,5,0,0
49,18249.9,3956.85,252.0,0.2997,1,2,0,0
46,75828.87,3527.31,407.0,0.2022,0,4,0,0
34,70531.24,,156.0,0.4342,1,7,1,0
54,39370.84,4711.35,310.0,0.1855,1,1,1,0
68,44177.74,3597.62,102.0,0.2332,2,3,0,0
31,44088.53,-4163.9,333.0,0.276,2,3,1,0
21,49548.69,-5000.0,33.0,0.172,2,6,0,0
38,30136.47,10985.03,98.0,0.0937,2,5,0,0
35,34296.29,11350.23,125.0,0.2007,2,7,0,0
59,36119.39,5699.79,90.0,0.3079,2,5,1,0
48,36917.56,5632.98,326.0,0.3699,2,7,0,0
19,37231.09,-4321.51,190.0,0.341,2,3,1,0
37,8000.0,-5000.0,133.0,0.1282,1,5,1,0
59,47441.23,1010.49,128.0,0.0776,2,3,1,0
45,31813.31,-5000.0,349.0,0.43,2,5,1,0
50,8000.0,4475.2,263.0,0.4046,2,5,1,0
33,36248.72,13433.91,420.0,0.1859,2,3,0,0
36,35476.06,-1929.11,242.0,0.2355,1,4,1,0
25,76881.11,-1469.56,333.0,0.1065,0,3,0,0
22,,,441.0,0.2229,1,1,1,0
20,61694.75,3354.02,386.0,0.1254,2,6,0,0
53,79570.3,2734.16,363.0,0.1918,1,5,1,0
26,29298.28,-5000.0,275.0,0.6068,1,7,1,0
50,43812.57,10300.6,,0.4077,2,3,1,0
72,88217.29,24618.96,454.0,0.2087,1,7,1,0
57,50724.4,12518.87,57.0,0.5162,2,4,1,0
50,54343.75,2115.17,366.0,0.2144,2,5,1,0
24,34818.65,2019.66,6.0,0.057,2,4,1,0
45,62176.27,-1108.47,154.0,0.4966,2,6,0,0
68,44008.93,-1273.38,388.0,0.3024,2,3,1,0
39,8000.0,10665.25,,0.308,2,5,0,0
65,36119.19,11013.66,295.0,0.1322,0,3,1,0
58,15420.53,-5000.0,322.0,0.101,2,6,1,0
33,47806.02,5930.52,75.0,0.4237,2,4,1,0
26,22079.02,11889.0,360.0,0.2301,1,6,1,0
18,56953.21,198.54,48.0,0.297,1,3,0,0
33,46119.09,1307.73,153.0,0.3842,2,3,1,0
36,13799.77,8567.86,40.0,0.2423,2,2,1,0
55,32686.55,8795.34,244.0,0.2119,1,3,1,0
50,60514.07,6432.47,413.0,0.1922,2,2,1,0
45,73699.83,5033.83,422.0,0.3983,1,1,1,0
59,22439.47,6108.7,4.0,0.4046,2,5,1,0
61,17563.99,778.26,468.0,0.4367,1,4,1,0
58,93774.62,-5000.0,99.0,0.2214,2,4,0,0
69,44755.8,-5000.0,172.0,0.3131,2,4,0,0
38,47286.72,7764.49,135.0,0.5869,2,4,1,0
64,26515.22,3865.58,233.0,0.5971,2,5,1,0
41,50380.51,6644.16,3.0,0.6563,0,2,0,1
28,87877.39,-3631.03,158.0,0.1852,1,2,1,0
26,51359.13,3820.69,146.0,0.46,0,4,0,0
23,71624.08,,344.0,0.076,2,1,1,0
72,45724.6,13232.06,412.0,0.1762,1,7,1,0
27,19354.92,9814.04,18.0,0.3331,2,6,0,0
65,27919.08,-2919.68,196.0,0.0816,2,7,1,0
62,17054.95,7036.42,457.0,0.3007,2,1,1,0
43,50444.66,-2975.13,444.0,0.4014,1,4,1,0
70,75597.22,-5000.0,263.0,0.4312,1,7,0,0
69,49025.27,16807.61,360.0,0.3341,2,1,1,0
70,37305.45,0.56,130.0,0.514,1,7,1,1
46,25259.01,11315.7,385.0,0.2007,2,7,1,0
34,53886.15,-2290.74,17.0,0.2741,2,2,1,0
20,14046.7,-3458.79,246.0,0.2692,2,5,0,0
65,16647.47,-1372.74,269.0,0.3362,2,4,1,0
67,67504.08,5021.19,82.0,0.3763,2,1,1,0
48,38056.62,4409.17,,0.1064,1,2,1,0
22,37563.65,6981.57,450.0,0.6262,1,6,1,0
64,40773.35,-970.95,333.0,0.1421,1,1,1,0
35,63146.78,3323.42,69.0,0.0569,2,2,1,0
49,49137.57,-3745.37,252.0,0.0311,2,3,1,0
55,26422.96,14754.38,338.0,0.2263,1,3,0,0
26,27322.69,-5000.0,247.0,0.1642,1,1,0,0
21,40122.23,-3575.77,73.0,0.2354,2,3,0,0
22,52555.49,-387.39,145.0,0.2619,2,7,0,0
72,44112.25,22111.45,219.0,0.4654,2,3,1,0
72,41887.75,9134.65,93.0,0.5284,0,7,0,0
42,46157.09,-3828.64,203.0,0.5095,1,5,1,0
42,44094.39,9577.53,120.0,0.0775,2,5,1,0
41,25490.43,7126.64,67.0,0.4665,2,5,0,0
37,72676.27,,179.0,0.236,1,4,0,0
48,32942.21,8566.51,8.0,0.3809,1,1,1,0
38,48230.51,3464.57,371.0,0.1128,2,4,1,0
53,8000.0,4366.38,19.0,0.2984,1,5,0,0
39,39620.64,-5000.0,56.0,0.1938,2,5,1,1
53,17510.27,14544.79,145.0,0.1146,2,7,1,0
71,20524.46,-580.04,308.0,0.3444,2,1,1,0
29,105554.65,-5000.0,213.0,0.3041,2,4,1,0
21,51238.15,-1034.59,18.0,0.1542,1,7,0,0
48,75650.55,-712.43,160.0,0.1007,2,5,1,0
24,66382.59,-3409.88,20.0,0.0415,2,2,0,0
31,69581.07,9221.2,204.0,0.1688,1,5,1,0
63,40023.21,10793.54,131.0,0.254,1,4,0,0
41,85160.05,-5000.0,430.0,0.4939,2,5,1,0
49,66167.18,-1118.21,171.0,0.1492,2,1,0,0
62,46033.37,-544.84,282.0,0.3774,1,7,1,0
25,51582.24,1622.84,91.0,0.3524,2,4,0,0
45,41581.69,16650.54,230.0,0.1475,2,1,1,0
19,46305.98,-3508.63,425.0,0.432,1,6,1,0
46,43909.98,15499.3,12.0,0.59,2,3,1,0
30,54538.34,1830.32,146.0,0.6999,0,5,1,0
69,88499.35,15573.82,171.0,0.2609,2,6,1,0
32,14869.65,512.34,224.0,0.463,0,1,0,1
29,73558.87,-424.65,198.0,0.2549,1,5,0,0
18,35794.14,2818.9,477.0,0.5119,2,6,1,0
25,76741.58,13338.01,68.0,0.3502,2,7,1,0
30,36663.87,4266.53,121.0,0.1275,2,1,1,1
30,55318.84,4674.02,226.0,0.063,2,2,1,0
60,41028.89,8093.58,297.0,0.17,2,6,1,0
68,8000.0,-4037.79,39.0,0.1526,2,4,0,0
66,88474.42,5693.5,358.0,0.1511,2,7,1,0
72,21431.16,,253.0,0.2099,2,7,1,0
69,47097.07,14770.12,130.0,0.2704,2,3,1,1
43,18689.46,6349.3,182.0,0.1106,2,1,1,0
40,11574.96,8541.81,27.0,0.2917,1,5,1,0
55,39876.5,-5000.0,318.0,0.3656,2,3,1,0
36,30162.22,8653.86,379.0,0.1351,2,7,1,0
52,15779.62,1579.67,479.0,0.6431,1,6,1,0
74,44114.18,-5000.0,138.0,0.098,2,4,0,0
29,8000.0,3759.83,130.0,0.2314,1,5,1,0
61,48136.84,-5000.0,154.0,0.3374,2,6,0,0
71,41816.83,7888.23,63.0,0.1928,2,5,1,1
48,8000.0,,199.0,0.3356,2,4,0,0
38,31922.25,-5000.0,59.0,0.0676,1,7,0,0
32,56710.25,2760.15,18.0,0.1189,0,7,0,0
27,18411.35,1680.87,163.0,0.3937,0,7,1,0
36,57794.8,-5000.0,408.0,0.4238,2,2,1,0
60,55816.98,10332.03,466.0,0.2258,0,2,0,0
47,19556.96,8005.68,414.0,0.3473,1,1,1,0
30,,19208.71,459.0,0.3128,1,7,1,0
48,65624.78,6969.34,418.0,0.5269,1,6,1,0
64,23089.44,-4032.0,313.0,0.0114,1,1,1,0
18,39854.74,,87.0,0.1452,1,3,0,1
19,73755.98,13278.46,389.0,0.3117,0,7,1,0
72,23559.2,-718.96,468.0,0.2485,0,7,0,0
60,56478.96,9819.31,238.0,0.5278,2,1,0,0
50,18020.22,-5000.0,317.0,0.742,1,6,1,0
69,40975.95,14800.54,184.0,0.4414,2,2,0,0
51,56168.17,9403.1,284.0,0.298,0,6,1,0
47,8000.0,-5000.0,10.0,0.2099,2,7,0,0
30,31641.92,6061.25,346.0,0.1733,2,4,1,0
64,55733.3,-5000.0,249.0,0.243,1,3,1,0
61,50646.1,-1888.68,362.0,0.5667,2,5,1,0
34,31940.54,8430.94,179.0,0.2687,1,4,1,0
60,17385.45,1911.79,199.0,0.4867,1,3,0,0
59,60711.62,13052.9,70.0,0.4974,1,3,1,1
23,36939.83,3509.88,280.0,0.3933,2,7,1,0
27,58633.68,2700.4,441.0,0.1476,1,1,0,0
51,54505.58,11787.96,280.0,0.077,2,1,1,0
53,33814.54,299.23,430.0,0.0818,2,4,0,0
55,71814.04,2798.67,3.0,0.1508,2,4,0,1
39,30143.06,3853.35,354.0,0.2055,2,6,1,0
65,74761.35,2459.99,4.0,0.1659,1,1,1,1
43,78032.31,12281.74,206.0,0.034,2,4,1,0
29,71252.87,-2334.41,225.0,0.5431,2,5,1,0
24,40485.97,-3642.45,224.0,0.3358,2,1,0,0
68,108676.98,-5000.0,268.0,0.0045,2,1,1,0
58,48796.11,-5000.0,368.0,0.2931,1,2,0,0
44,51026.41,14869.94,339.0,0.1686,0,1,1,0
29,44448.47,-4206.29,24.0,0.1882,1,7,1,0
23,16755.84,1091.24,361.0,0.3114,1,6,0,0
26,77376.83,15463.89,190.0,0.0883,2,6,1,0
24,30689.91,1864.9,281.0,0.1212,2,3,0,0
48,67990.28,7115.24,441.0,0.3182,2,1,1,0
29,73988.83,-5000.0,136.0,0.114,2,4,1,0
25,60083.03,14186.84,291.0,0.3115,0,1,1,0
34,27700.77,2027.22,297.0,0.3154,1,4,1,0
57,36473.04,-5000.0,241.0,0.33,2,1,1,0
46,8000.0,-5000.0,124.0,0.7365,2,7,1,0
26,42088.31,16519.81,358.0,0.2494,2,5,0,0
60,65067.75,-1689.42,392.0,0.1266,2,3,1,0
45,39062.37,-4972.76,453.0,0.2311,2,7,1,0
28,30247.99,-464.56,203.0,0.5685,2,1,0,0
57,37556.33,3362.98,63.0,0.2106,2,1,1,1
74,75384.15,4214.56,429.0,0.4093,1,5,0,0
48,43640.86,6554.86,292.0,0.5235,0,3,1,0
27,91447.9,4878.09,61.0,0.4421,2,3,1,0
35,30731.66,8177.11,373.0,0.1694,1,3,1,0
52,50430.79,818.03,338.0,0.1638,2,2,1,0
74,34164.95,19577.44,399.0,0.2367,2,5,1,0
70,96862.16,-907.52,206.0,0.322,2,4,1,0
71,49492.63,13819.15,227.0,0.0364,2,3,1,0
65,98201.9,-1792.1,61.0,0.471,2,3,1,0
50,34496.81,-5000.0,206.0,0.267,1,3,1,0
54,83189.48,-5000.0,268.0,0.6221,2,5,1,0
59,47950.08,5431.61,416.0,0.0887,2,2,1,0
58,65916.39,12295.67,101.0,0.6447,0,3,0,0
54,14507.23,-5000.0,21.0,0.3522,2,5,1,0
25,53710.35,-4019.96,140.0,0.2499,2,7,1,0
68,18271.99,6089.03,96.0,0.1881,0,3,1,1
18,,2979.66,218.0,0.1097,1,1,1,0
42,8000.0,-1685.18,339.0,0.1924,1,5,1,1
42,42647.92,-5000.0,174.0,0.0881,1,3,0,0
74,72390.3,5472.6,164.0,0.0687,0,4,1,0
23,58688.85,8223.45,186.0,0.3622,2,3,1,1
45,14151.25,6934.0,469.0,0.2573,1,1,0,0
38,8000.0,3212.11,190.0,0.1604,0,2,0,0
23,57423.61,-5000.0,343.0,0.2621,2,5,0,0
30,84529.97,5516.44,8.0,0.3866,2,1,1,0
42,20901.35,4918.63,53.0,0.3233,1,1,1,0
70,97435.1,-5000.0,176.0,0.1071,1,4,1,0
40,44837.67,581.27,255.0,0.0731,2,2,0,0
68,8000.0,5931.44,188.0,0.5331,2,5,0,0
59,8000.0,2374.08,128.0,0.242,1,3,1,0
64,64248.73,-5000.0,284.0,0.259,2,5,0,0
66,48239.2,-2122.83,124.0,0.4296,2,6,0,0
58,82055.52,-2655.01,230.0,0.1736,0,2,0,0
59,15046.88,7474.35,53.0,0.2325,2,5,1,0
26,47962.37,23787.07,82.0,0.3496,2,2,0,0
58,45169.03,4071.72,434.0,0.2761,2,6,0,0
20,41424.64,-5000.0,282.0,0.6073,2,5,1,0
60,35434.82,1715.95,146.0,0.0799,2,7,1,0
55,35932.52,3085.08,16.0,0.6605,1,5,1,0
61,49366.15,9052.76,374.0,0.2317,2,7,0,0
54,52564.53,12936.98,159.0,0.1288,1,3,1,0
39,51314.32,14128.14,218.0,0.0842,1,7,1,0
39,75149.69,7297.83,297.0,0.3603,1,6,1,0
51,14968.04,2993.66,35.0,0.0423,1,5,1,0
44,8000.0,14867.22,299.0,0.4366,1,4,1,0
37,70424.13,219.98,478.0,0.1571,2,3,1,0
45,21411.87,3435.84,86.0,0.3816,1,5,0,1
48,35513.1,1052.5,449.0,0.375,1,3,0,0
31,29697.51,-5000.0,162.0,0.2065,1,4,1,0
54,29162.19,13174.06,,0.2955,2,5,1,0
35,8543.4,8404.15,219.0,0.6764,0,4,1,0
33,30761.81,-5000.0,97.0,0.1856,0,5,0,0
41,61233.28,11014.03,197.0,0.3915,1,3,1,0
23,44901.71,572.5,81.0,0.3305,1,5,1,0
52,57612.68,10908.37,328.0,0.1434,2,6,1,0
59,32597.95,3606.32,175.0,0.4021,0,7,0,0
72,67571.15,-5000.0,355.0,0.1819,1,6,1,0
34,32290.95,3210.83,,0.1784,2,4,1,0
48,8000.0,-4187.62,19.0,0.1444,2,7,1,0
46,52915.59,-5000.0,156.0,0.1875,0,6,0,1
59,64184.62,9936.23,357.0,0.3036,1,6,1,0
53,31019.02,6132.36,471.0,0.4988,2,5,0,0
63,74980.16,14980.55,421.0,0.3116,1,2,0,0
66,23732.7,-155.08,3.0,0.5069,1,2,1,0
24,61768.17,-4703.23,438.0,0.2741,1,2,1,0
38,88619.4,8110.44,191.0,0.175,0,7,0,0
55,45918.27,-3669.46,26.0,0.5833,1,1,1,0
48,39337.92,,114.0,0.3394,0,3,1,1
45,42358.21,7200.76,424.0,0.2133,2,5,1,0
27,85707.38,1992.43,287.0,0.1573,1,1,0,0
50,55069.56,-909.85,78.0,0.2994,2,5,0,0
60,98605.07,-5000.0,383.0,0.1982,0,4,0,0
20,51981.28,10495.13,162.0,0.1522,2,4,1,0
51,28655.08,52.59,57.0,0.2081,0,3,1,1
69,30412.33,7944.74,183.0,0.2547,2,3,0,0
50,46540.18,6887.94,368.0,0.2395,2,2,1,0
72,8000.0,11730.3,143.0,0.6816,2,7,0,1
38,33125.25,1115.45,77.0,0.2055,1,5,0,0
18,33680.05,218.25,141.0,0.3076,0,7,0,0
56,,-5000.0,381.0,0.5206,2,1,0,0
30,93545.46,-1341.21,81.0,0.1798,1,4,0,0
18,46370.41,5729.31,221.0,0.4864,1,3,1,1
28,8000.0,-3536.44,316.0,0.3242,1,3,0,0
71,22152.31,5526.3,30.0,0.5522,2,3,1,0
62,51557.2,14738.34,278.0,0.384,1,3,1,0
33,47324.87,-561.7,375.0,0.3786,2,2,0,0
52,85611.39,-5000.0,294.0,0.6122,0,7,1,0
37,69001.93,-307.21,88.0,0.128,2,6,1,0
28,68252.89,-5000.0,250.0,0.1255,1,1,1,0
74,39571.67,13673.79,433.0,0.2413,1,4,0,0
64,72478.03,3678.81,106.0,0.1024,1,4,0,0
38,22601.92,-2827.63,77.0,0.6052,2,2,1,0
38,69207.36,-1478.85,281.0,0.1351,2,6,1,0
64,37939.53,-5000.0,200.0,0.0471,2,1,1,0
44,8800.16,11089.12,313.0,0.3421,1,1,1,0
39,59830.92,17697.57,289.0,0.506,2,5,1,0
40,79938.59,-5000.0,24.0,0.1447,1,1,0,0
43,34834.95,11346.09,348.0,0.0794,2,1,0,0
47,84069.04,1033.19,474.0,0.0574,2,6,1,0
20,8000.0,13139.92,66.0,0.0923,2,1,0,0
45,15080.17,-5000.0,278.0,0.1701,2,6,1,0
43,41331.85,4803.16,179.0,0.2613,2,4,0,0
33,35730.9,-263.2,306.0,0.4186,1,6,0,0
38,28321.67,8272.71,283.0,0.4697,1,2,1,0
42,48341.94,3489.14,273.0,0.3592,0,6,1,0
38,31785.24,3178.05,66.0,0.2087,1,2,1,0
69,36025.63,,331.0,0.6338,1,3,1,0
48,51960.63,15498.39,322.0,0.0713,2,1,1,0
46,28311.58,1600.21,315.0,0.379,0,1,0,1
32,42349.55,9914.27,92.0,0.5209,0,3,1,1
70,28861.52,8028.11,383.0,0.0252,1,4,1,0
19,,10110.47,103.0,0.6151,2,7,0,0
49,64092.55,,77.0,0.3376,1,2,0,0
27,87694.86,8657.38,157.0,0.2882,0,5,1,0
61,71614.3,5694.96,78.0,0.1424,1,6,1,0
39,53292.9,-5000.0,160.0,0.0521,2,1,1,0
34,28961.79,1300.83,105.0,0.0671,2,1,1,0
21,37827.03,21354.24,38.0,0.1678,0,2,1,0
63,71425.53,-134.45,462.0,0.0674,0,6,1,0
40,8000.0,58.8,325.0,0.3891,2,5,1,0
33,35918.49,6605.68,171.0,0.6023,2,6,0,0
66,63352.9,-1326.96,183.0,0.332,0,4,0,1
19,16542.99,4123.63,151.0,0.0778,2,7,1,0
44,55584.71,-591.27,359.0,0.4714,2,6,0,0
27,54424.73,6219.09,110.0,0.5629,2,7,0,0
25,8641.69,2504.9,43.0,0.0793,1,6,1,0
19,47174.45,18615.94,231.0,0.3328,0,1,1,0
28,29563.87,3368.06,106.0,0.0857,2,7,0,1
71,55402.47,1219.11,434.0,0.1591,1,3,0,0
43,61744.72,11235.49,172.0,0.3965,1,7,1,0
74,54973.47,-5000.0,323.0,0.2087,1,5,1,0
33,46814.81,16533.78,189.0,0.2857,1,3,1,0
61,52221.78,-4907.85,90.0,0.2703,2,4,0,0
23,15598.37,12539.58,152.0,0.1799,2,1,0,1
24,44231.21,14652.88,401.0,0.3134,1,2,1,0
18,25087.92,-1206.45,37.0,0.2908,2,6,1,0
69,70788.47,-437.7,453.0,0.2138,0,7,0,0
56,62080.95,2126.58,10.0,0.4737,0,6,1,0
60,62010.03,7972.37,342.0,0.1452,2,6,0,0
70,87837.29,-4984.47,331.0,0.4724,1,3,0,0
36,36750.56,2126.19,284.0,0.3341,2,7,1,0
59,31274.82,492.6,32.0,0.4397,2,6,0,0
46,36159.93,-5000.0,322.0,0.262,1,5,0,0
48,8000.0,-5000.0,33.0,0.3677,1,2,1,0
55,8000.0,4025.98,353.0,0.1662,1,1,1,0
44,60527.58,3884.2,372.0,0.3286,1,6,0,0
19,10121.5,-3111.82,412.0,0.5582,0,4,1,0
